Episode #,Training Iter,In Heatup,ER #Transitions,ER #Episodes,Episode Length,Total steps,Epsilon,Shaped Training Reward,Training Reward,Update Target Network,Evaluation Reward,Shaped Evaluation Reward,Success Rate,Loss/Mean,Loss/Stdev,Loss/Max,Loss/Min,Learning Rate/Mean,Learning Rate/Stdev,Learning Rate/Max,Learning Rate/Min,Grads (unclipped)/Mean,Grads (unclipped)/Stdev,Grads (unclipped)/Max,Grads (unclipped)/Min,Q/Mean,Q/Stdev,Q/Max,Q/Min
1,0.0,1.0,8.0,8.0,8.0,8.0,0.2,,,0.0,,,,,,,,,,,,,,,,,,,
2,0.0,1.0,16.0,16.0,8.0,16.0,0.2,,,0.0,,,,,,,,,,,,,,,,,,,
3,0.0,1.0,24.0,24.0,8.0,24.0,0.2,,,0.0,,,,,,,,,,,,,,,,,,,
4,0.0,1.0,32.0,32.0,8.0,32.0,0.2,,,0.0,,,,,,,,,,,,,,,,,,,
5,0.0,1.0,40.0,40.0,8.0,40.0,0.2,,,0.0,,,,,,,,,,,,,,,,,,,
6,0.0,1.0,48.0,48.0,8.0,48.0,0.2,,,0.0,,,,,,,,,,,,,,,,,,,
7,0.0,1.0,56.0,56.0,8.0,56.0,0.2,,,0.0,,,,,,,,,,,,,,,,,,,
8,0.0,1.0,64.0,64.0,8.0,64.0,0.2,,,0.0,,,,,,,,,,,,,,,,,,,
9,0.0,1.0,72.0,72.0,8.0,72.0,0.2,,,0.0,,,,,,,,,,,,,,,,,,,
10,0.0,1.0,80.0,80.0,8.0,80.0,0.2,,,0.0,,,,,,,,,,,,,,,,,,,
11,0.0,1.0,88.0,88.0,8.0,88.0,0.2,,,0.0,,,,,,,,,,,,,,,,,,,
12,0.0,1.0,96.0,96.0,8.0,96.0,0.2,,,0.0,,,,,,,,,,,,,,,,,,,
13,0.0,1.0,104.0,104.0,8.0,104.0,0.2,,,0.0,,,,,,,,,,,,,,,,,,,
14,0.0,1.0,112.0,112.0,8.0,112.0,0.2,,,0.0,,,,,,,,,,,,,,,,,,,
15,0.0,1.0,120.0,120.0,8.0,120.0,0.2,,,0.0,,,,,,,,,,,,,,,,,,,
16,0.0,1.0,128.0,128.0,8.0,128.0,0.2,,,0.0,,,,,,,,,,,,,,,,,,,
17,0.0,1.0,136.0,136.0,8.0,136.0,0.2,,,0.0,,,,,,,,,,,,,,,,,,,
18,0.0,1.0,144.0,144.0,8.0,144.0,0.2,,,0.0,,,,,,,,,,,,,,,,,,,
19,0.0,1.0,152.0,152.0,8.0,152.0,0.2,,,0.0,,,,,,,,,,,,,,,,,,,
20,0.0,1.0,160.0,160.0,8.0,160.0,0.2,,,0.0,,,,,,,,,,,,,,,,,,,
21,0.0,1.0,168.0,168.0,8.0,168.0,0.2,,,0.0,,,,,,,,,,,,,,,,,,,
22,0.0,1.0,176.0,176.0,8.0,176.0,0.2,,,0.0,,,,,,,,,,,,,,,,,,,
23,0.0,1.0,184.0,184.0,8.0,184.0,0.2,,,0.0,,,,,,,,,,,,,,,,,,,
24,0.0,1.0,192.0,192.0,8.0,192.0,0.2,,,0.0,,,,,,,,,,,,,,,,,,,
25,0.0,1.0,200.0,200.0,8.0,200.0,0.2,,,0.0,,,,,,,,,,,,,,,,,,,
26,0.0,1.0,208.0,208.0,8.0,208.0,0.2,,,0.0,,,,,,,,,,,,,,,,,,,
27,0.0,1.0,216.0,216.0,8.0,216.0,0.2,,,0.0,,,,,,,,,,,,,,,,,,,
28,0.0,1.0,224.0,224.0,8.0,224.0,0.2,,,0.0,,,,,,,,,,,,,,,,,,,
29,0.0,1.0,232.0,232.0,8.0,232.0,0.2,,,0.0,,,,,,,,,,,,,,,,,,,
30,0.0,1.0,240.0,240.0,8.0,240.0,0.2,,,0.0,,,,,,,,,,,,,,,,,,,
31,0.0,1.0,248.0,248.0,8.0,248.0,0.2,,,0.0,,,,,,,,,,,,,,,,,,,
32,0.0,1.0,256.0,256.0,8.0,256.0,0.2,,,0.0,,,,,,,,,,,,,,,,,,,
33,0.0,1.0,264.0,264.0,8.0,264.0,0.2,,,0.0,,,,,,,,,,,,,,,,,,,
34,0.0,1.0,272.0,272.0,8.0,272.0,0.2,,,0.0,,,,,,,,,,,,,,,,,,,
35,0.0,1.0,280.0,280.0,8.0,280.0,0.2,,,0.0,,,,,,,,,,,,,,,,,,,
36,0.0,1.0,288.0,288.0,8.0,288.0,0.2,,,0.0,,,,,,,,,,,,,,,,,,,
37,0.0,1.0,296.0,296.0,8.0,296.0,0.2,,,0.0,,,,,,,,,,,,,,,,,,,
38,0.0,1.0,304.0,304.0,8.0,304.0,0.2,,,0.0,,,,,,,,,,,,,,,,,,,
39,0.0,1.0,312.0,312.0,8.0,312.0,0.2,,,0.0,,,,,,,,,,,,,,,,,,,
40,0.0,1.0,320.0,320.0,8.0,320.0,0.2,,,0.0,,,,,,,,,,,,,,,,,,,
41,0.0,1.0,328.0,328.0,8.0,328.0,0.2,,,0.0,,,,,,,,,,,,,,,,,,,
42,0.0,1.0,336.0,336.0,8.0,336.0,0.2,,,0.0,,,,,,,,,,,,,,,,,,,
43,0.0,1.0,344.0,344.0,8.0,344.0,0.2,,,0.0,,,,,,,,,,,,,,,,,,,
44,0.0,1.0,352.0,352.0,8.0,352.0,0.2,,,0.0,,,,,,,,,,,,,,,,,,,
45,0.0,1.0,360.0,360.0,8.0,360.0,0.2,,,0.0,,,,,,,,,,,,,,,,,,,
46,0.0,1.0,368.0,368.0,8.0,368.0,0.2,,,0.0,,,,,,,,,,,,,,,,,,,
47,0.0,1.0,376.0,376.0,8.0,376.0,0.2,,,0.0,,,,,,,,,,,,,,,,,,,
48,0.0,1.0,384.0,384.0,8.0,384.0,0.2,,,0.0,,,,,,,,,,,,,,,,,,,
49,0.0,1.0,392.0,392.0,8.0,392.0,0.2,,,0.0,,,,,,,,,,,,,,,,,,,
50,0.0,1.0,400.0,400.0,8.0,400.0,0.2,,,0.0,,,,,,,,,,,,,,,,,,,
51,0.0,1.0,408.0,408.0,8.0,408.0,0.2,,,0.0,,,,,,,,,,,,,,,,,,,
52,0.0,1.0,416.0,416.0,8.0,416.0,0.2,,,0.0,,,,,,,,,,,,,,,,,,,
53,0.0,1.0,424.0,424.0,8.0,424.0,0.2,,,0.0,,,,,,,,,,,,,,,,,,,
54,0.0,1.0,432.0,432.0,8.0,432.0,0.2,,,0.0,,,,,,,,,,,,,,,,,,,
55,0.0,1.0,440.0,440.0,8.0,440.0,0.2,,,0.0,,,,,,,,,,,,,,,,,,,
56,0.0,1.0,448.0,448.0,8.0,448.0,0.2,,,0.0,,,,,,,,,,,,,,,,,,,
57,0.0,1.0,456.0,456.0,8.0,456.0,0.2,,,0.0,,,,,,,,,,,,,,,,,,,
58,0.0,1.0,464.0,464.0,8.0,464.0,0.2,,,0.0,,,,,,,,,,,,,,,,,,,
59,0.0,1.0,472.0,472.0,8.0,472.0,0.2,,,0.0,,,,,,,,,,,,,,,,,,,
60,0.0,1.0,480.0,480.0,8.0,480.0,0.2,,,0.0,,,,,,,,,,,,,,,,,,,
61,0.0,1.0,488.0,488.0,8.0,488.0,0.2,,,0.0,,,,,,,,,,,,,,,,,,,
62,0.0,1.0,492.0,492.0,4.0,492.0,0.2,,,0.0,,,,,,,,,,,,,,,,,,,
63,0.0,1.0,500.0,500.0,8.0,500.0,0.2,,,0.0,,,,,,,,,,,,,,,,,,,
64,0.0,1.0,508.0,508.0,8.0,508.0,0.2,,,0.0,,,,,,,,,,,,,,,,,,,
65,0.0,1.0,516.0,516.0,8.0,516.0,0.2,,,0.0,,,,,,,,,,,,,,,,,,,
66,0.0,1.0,524.0,524.0,8.0,524.0,0.2,,,0.0,,,,,,,,,,,,,,,,,,,
67,0.0,1.0,532.0,532.0,8.0,532.0,0.2,,,0.0,,,,,,,,,,,,,,,,,,,
68,0.0,1.0,540.0,540.0,8.0,540.0,0.2,,,0.0,,,,,,,,,,,,,,,,,,,
69,0.0,1.0,548.0,548.0,8.0,548.0,0.2,,,0.0,,,,,,,,,,,,,,,,,,,
70,0.0,1.0,556.0,556.0,8.0,556.0,0.2,,,0.0,,,,,,,,,,,,,,,,,,,
71,0.0,1.0,564.0,564.0,8.0,564.0,0.2,,,0.0,,,,,,,,,,,,,,,,,,,
72,0.0,1.0,572.0,572.0,8.0,572.0,0.2,,,0.0,,,,,,,,,,,,,,,,,,,
73,0.0,1.0,580.0,580.0,8.0,580.0,0.2,,,0.0,,,,,,,,,,,,,,,,,,,
74,0.0,1.0,588.0,588.0,8.0,588.0,0.2,,,0.0,,,,,,,,,,,,,,,,,,,
75,0.0,1.0,596.0,596.0,8.0,596.0,0.2,,,0.0,,,,,,,,,,,,,,,,,,,
76,0.0,1.0,604.0,604.0,8.0,604.0,0.2,,,0.0,,,,,,,,,,,,,,,,,,,
77,0.0,1.0,612.0,612.0,8.0,612.0,0.2,,,0.0,,,,,,,,,,,,,,,,,,,
78,0.0,1.0,620.0,620.0,8.0,620.0,0.2,,,0.0,,,,,,,,,,,,,,,,,,,
79,0.0,1.0,628.0,628.0,8.0,628.0,0.2,,,0.0,,,,,,,,,,,,,,,,,,,
80,0.0,1.0,636.0,636.0,8.0,636.0,0.2,,,0.0,,,,,,,,,,,,,,,,,,,
81,0.0,1.0,644.0,644.0,8.0,644.0,0.2,,,0.0,,,,,,,,,,,,,,,,,,,
82,0.0,1.0,652.0,652.0,8.0,652.0,0.2,,,0.0,,,,,,,,,,,,,,,,,,,
83,0.0,1.0,660.0,660.0,8.0,660.0,0.2,,,0.0,,,,,,,,,,,,,,,,,,,
84,0.0,1.0,668.0,668.0,8.0,668.0,0.2,,,0.0,,,,,,,,,,,,,,,,,,,
85,0.0,1.0,676.0,676.0,8.0,676.0,0.2,,,0.0,,,,,,,,,,,,,,,,,,,
86,0.0,1.0,684.0,684.0,8.0,684.0,0.2,,,0.0,,,,,,,,,,,,,,,,,,,
87,0.0,1.0,692.0,692.0,8.0,692.0,0.2,,,0.0,,,,,,,,,,,,,,,,,,,
88,0.0,1.0,700.0,700.0,8.0,700.0,0.2,,,0.0,,,,,,,,,,,,,,,,,,,
89,0.0,1.0,708.0,708.0,8.0,708.0,0.2,,,0.0,,,,,,,,,,,,,,,,,,,
90,0.0,1.0,715.0,715.0,7.0,715.0,0.2,,,0.0,,,,,,,,,,,,,,,,,,,
91,0.0,1.0,723.0,723.0,8.0,723.0,0.2,,,0.0,,,,,,,,,,,,,,,,,,,
92,0.0,1.0,731.0,731.0,8.0,731.0,0.2,,,0.0,,,,,,,,,,,,,,,,,,,
93,0.0,1.0,739.0,739.0,8.0,739.0,0.2,,,0.0,,,,,,,,,,,,,,,,,,,
94,0.0,1.0,747.0,747.0,8.0,747.0,0.2,,,0.0,,,,,,,,,,,,,,,,,,,
95,0.0,1.0,755.0,755.0,8.0,755.0,0.2,,,0.0,,,,,,,,,,,,,,,,,,,
96,0.0,1.0,763.0,763.0,8.0,763.0,0.2,,,0.0,,,,,,,,,,,,,,,,,,,
97,0.0,1.0,771.0,771.0,8.0,771.0,0.2,,,0.0,,,,,,,,,,,,,,,,,,,
98,0.0,1.0,779.0,779.0,8.0,779.0,0.2,,,0.0,,,,,,,,,,,,,,,,,,,
99,0.0,1.0,787.0,787.0,8.0,787.0,0.2,,,0.0,,,,,,,,,,,,,,,,,,,
100,0.0,1.0,795.0,795.0,8.0,795.0,0.2,,,0.0,,,,,,,,,,,,,,,,,,,
101,0.0,1.0,801.0,801.0,6.0,801.0,0.2,,,0.0,,,,,,,,,,,,,,,,,,,
102,0.0,1.0,809.0,809.0,8.0,809.0,0.2,,,0.0,,,,,,,,,,,,,,,,,,,
103,0.0,1.0,817.0,817.0,8.0,817.0,0.2,,,0.0,,,,,,,,,,,,,,,,,,,
104,0.0,1.0,821.0,821.0,4.0,821.0,0.2,,,0.0,,,,,,,,,,,,,,,,,,,
105,0.0,1.0,829.0,829.0,8.0,829.0,0.2,,,0.0,,,,,,,,,,,,,,,,,,,
106,0.0,1.0,837.0,837.0,8.0,837.0,0.2,,,0.0,,,,,,,,,,,,,,,,,,,
107,0.0,1.0,845.0,845.0,8.0,845.0,0.2,,,0.0,,,,,,,,,,,,,,,,,,,
108,0.0,1.0,853.0,853.0,8.0,853.0,0.2,,,0.0,,,,,,,,,,,,,,,,,,,
109,0.0,1.0,861.0,861.0,8.0,861.0,0.2,,,0.0,,,,,,,,,,,,,,,,,,,
110,0.0,1.0,869.0,869.0,8.0,869.0,0.2,,,0.0,,,,,,,,,,,,,,,,,,,
111,0.0,1.0,877.0,877.0,8.0,877.0,0.2,,,0.0,,,,,,,,,,,,,,,,,,,
112,0.0,1.0,885.0,885.0,8.0,885.0,0.2,,,0.0,,,,,,,,,,,,,,,,,,,
113,0.0,1.0,893.0,893.0,8.0,893.0,0.2,,,0.0,,,,,,,,,,,,,,,,,,,
114,0.0,1.0,901.0,901.0,8.0,901.0,0.2,,,0.0,,,,,,,,,,,,,,,,,,,
115,0.0,1.0,909.0,909.0,8.0,909.0,0.2,,,0.0,,,,,,,,,,,,,,,,,,,
116,0.0,1.0,917.0,917.0,8.0,917.0,0.2,,,0.0,,,,,,,,,,,,,,,,,,,
117,0.0,1.0,925.0,925.0,8.0,925.0,0.2,,,0.0,,,,,,,,,,,,,,,,,,,
118,0.0,1.0,933.0,933.0,8.0,933.0,0.2,,,0.0,,,,,,,,,,,,,,,,,,,
119,0.0,1.0,941.0,941.0,8.0,941.0,0.2,,,0.0,,,,,,,,,,,,,,,,,,,
120,0.0,1.0,949.0,949.0,8.0,949.0,0.2,,,0.0,,,,,,,,,,,,,,,,,,,
121,0.0,1.0,957.0,957.0,8.0,957.0,0.2,,,0.0,,,,,,,,,,,,,,,,,,,
122,0.0,1.0,965.0,965.0,8.0,965.0,0.2,,,0.0,,,,,,,,,,,,,,,,,,,
123,0.0,1.0,973.0,973.0,8.0,973.0,0.2,,,0.0,,,,,,,,,,,,,,,,,,,
124,0.0,1.0,981.0,981.0,8.0,981.0,0.2,,,0.0,,,,,,,,,,,,,,,,,,,
125,0.0,1.0,989.0,989.0,8.0,989.0,0.2,,,0.0,,,,,,,,,,,,,,,,,,,
126,0.0,1.0,997.0,997.0,8.0,997.0,0.2,,,0.0,,,,,,,,,,,,,,,,,,,
127,0.0,1.0,1005.0,1005.0,8.0,1005.0,0.2,,,0.0,,,,,,,,,,,,,,,,,,,
128,0.0,1.0,1013.0,1013.0,8.0,1013.0,0.2,,,0.0,,,,,,,,,,,,,,,,,,,
129,0.0,1.0,1021.0,1021.0,8.0,1021.0,0.2,,,0.0,,,,,,,,,,,,,,,,,,,
130,0.0,1.0,1029.0,1029.0,8.0,1029.0,0.2,,,0.0,,,,,,,,,,,,,,,,,,,
131,40.0,0.0,1037.0,1037.0,8.0,1037.0,0.2,-8.0,-8.0,0.0,,,,1.8849428067915144,0.6434757667995,2.6660365592688318,0.20997682213783264,0.001,0.0,0.001,0.001,0.24940327,0.14598788,0.6010496999999999,0.11602371,-0.6795774,0.33711553,0.29512107,-1.2319707
132,40.0,0.0,1045.0,1045.0,8.0,1045.0,0.2,-8.0,-8.0,0.0,,,,,,,,,,,,,,,,-0.5517392,0.1985937,-0.31886129999999996,-0.9934224
133,40.0,0.0,1053.0,1053.0,8.0,1053.0,0.2,-8.0,-8.0,0.0,,,,,,,,,,,,,,,,-0.614454,0.19393946,-0.32182655,-0.93042266
134,40.0,0.0,1061.0,1061.0,8.0,1061.0,0.2,-8.0,-8.0,0.0,,,,,,,,,,,,,,,,-0.5745646,0.18287925,-0.31163752,-0.8690483
135,40.0,0.0,1069.0,1069.0,8.0,1069.0,0.2,-8.0,-8.0,0.0,,,,,,,,,,,,,,,,-0.60301226,0.13611376,-0.26291004,-0.9452215
136,40.0,0.0,1077.0,1077.0,8.0,1077.0,0.2,-8.0,-8.0,0.0,,,,,,,,,,,,,,,,-0.50261045,0.15656666,-0.16614142,-0.81418854
137,40.0,0.0,1085.0,1085.0,8.0,1085.0,0.2,-8.0,-8.0,0.0,,,,,,,,,,,,,,,,-0.6805294,0.18997923,-0.25887644,-1.2457559999999999
138,40.0,0.0,1093.0,1093.0,8.0,1093.0,0.2,-8.0,-8.0,0.0,,,,,,,,,,,,,,,,-0.73920983,0.18978925,-0.32513013,-1.1206764999999999
139,40.0,0.0,1101.0,1101.0,8.0,1101.0,0.2,-8.0,-8.0,0.0,,,,,,,,,,,,,,,,-0.48969358,0.1864366,-0.076235466,-0.7679526999999999
140,40.0,0.0,1109.0,1109.0,8.0,1109.0,0.2,-8.0,-8.0,0.0,,,,,,,,,,,,,,,,-0.5746226999999999,0.1682641,-0.25898156,-0.8425516
141,40.0,0.0,1117.0,1117.0,8.0,1117.0,0.2,-8.0,-8.0,0.0,,,,,,,,,,,,,,,,-0.47255959999999997,0.26474473,0.024817147999999997,-1.0561949
142,40.0,0.0,1125.0,1125.0,8.0,1125.0,0.2,-8.0,-8.0,0.0,,,,,,,,,,,,,,,,-0.44711074,0.14838085,-0.2179823,-0.75182354
143,40.0,0.0,1133.0,1133.0,8.0,1133.0,0.2,-8.0,-8.0,0.0,,,,,,,,,,,,,,,,-0.56182677,0.17108777,-0.36611859999999996,-1.0057696
144,40.0,0.0,1141.0,1141.0,8.0,1141.0,0.2,-8.0,-8.0,0.0,,,,,,,,,,,,,,,,-0.7047104000000001,0.22882858,-0.28708562,-1.1428287
145,40.0,0.0,1149.0,1149.0,8.0,1149.0,0.2,-8.0,-8.0,0.0,,,,,,,,,,,,,,,,-0.663983,0.14088205,-0.37597612,-1.0454189
146,40.0,0.0,1157.0,1157.0,8.0,1157.0,0.2,-8.0,-8.0,1.0,,,,,,,,,,,,,,,,-0.6754954000000001,0.15193267,-0.35704386,-0.8953635
147,80.0,0.0,1165.0,1165.0,8.0,1165.0,0.2,-8.0,-8.0,0.0,,,,,,,,,,,,,,,,-0.7103391,0.13168174,-0.47425163,-1.0047019
148,80.0,0.0,1173.0,1173.0,8.0,1173.0,0.2,-8.0,-8.0,0.0,,,,,,,,,,,,,,,,-0.53711295,0.18352851,-0.24197122,-0.85344464
149,80.0,0.0,1181.0,1181.0,8.0,1181.0,0.2,-8.0,-8.0,0.0,,,,,,,,,,,,,,,,-0.6158026,0.110578716,-0.38222426,-0.8899634
150,80.0,0.0,1189.0,1189.0,8.0,1189.0,0.2,-8.0,-8.0,0.0,,,,,,,,,,,,,,,,-0.59282523,0.11776207400000001,-0.34560853,-0.8191665
151,80.0,0.0,1197.0,1197.0,8.0,1197.0,0.2,-8.0,-8.0,0.0,,,,,,,,,,,,,,,,-0.6336847,0.14418228,-0.38711366,-0.9466235000000001
152,80.0,0.0,1205.0,1205.0,8.0,1205.0,0.2,-8.0,-8.0,0.0,,,,,,,,,,,,,,,,-0.593382,0.17747928,-0.3572785,-0.8988904000000001
153,80.0,0.0,1213.0,1213.0,8.0,1213.0,0.2,-8.0,-8.0,0.0,,,,,,,,,,,,,,,,-0.500965,0.11489373,-0.24617198,-0.70461565
154,80.0,0.0,1221.0,1221.0,8.0,1221.0,0.2,-8.0,-8.0,0.0,,,,,,,,,,,,,,,,-0.47194934,0.16992813,-0.11104533,-0.8464106
155,80.0,0.0,1229.0,1229.0,8.0,1229.0,0.2,-8.0,-8.0,0.0,,,,,,,,,,,,,,,,-0.53353304,0.15015694,-0.21366559999999998,-0.91489995
156,80.0,0.0,1237.0,1237.0,8.0,1237.0,0.2,-8.0,-8.0,0.0,,,,,,,,,,,,,,,,-0.6254937,0.17082532,-0.26719964,-0.98140866
157,80.0,0.0,1245.0,1245.0,8.0,1245.0,0.2,-8.0,-8.0,0.0,,,,,,,,,,,,,,,,-0.6229806,0.15872478,-0.36077848,-0.883857
158,80.0,0.0,1253.0,1253.0,8.0,1253.0,0.2,-8.0,-8.0,0.0,,,,,,,,,,,,,,,,-0.5961138000000001,0.19477218,-0.21334396,-0.87698317
159,80.0,0.0,1261.0,1261.0,8.0,1261.0,0.2,-8.0,-8.0,0.0,,,,,,,,,,,,,,,,-0.5794752,0.13404018,-0.30334720000000004,-0.8340591999999999
160,80.0,0.0,1269.0,1269.0,8.0,1269.0,0.2,-8.0,-8.0,0.0,,,,,,,,,,,,,,,,-0.44572344,0.18294047,-0.045917593,-0.8132024
161,80.0,0.0,1277.0,1277.0,8.0,1277.0,0.2,-8.0,-8.0,0.0,,,,,,,,,,,,,,,,-0.76446223,0.16495456,-0.4403856,-1.0815978000000002
162,80.0,0.0,1285.0,1285.0,8.0,1285.0,0.2,-8.0,-8.0,1.0,,,,,,,,,,,,,,,,-0.63672173,0.18115132,-0.34576717,-0.9584110999999998
163,120.0,0.0,1293.0,1293.0,8.0,1293.0,0.2,-8.0,-8.0,0.0,,,,,,,,,,,,,,,,-0.709522,0.19542120000000002,-0.28397506,-1.0829362
164,120.0,0.0,1301.0,1301.0,8.0,1301.0,0.2,-8.0,-8.0,0.0,,,,,,,,,,,,,,,,-0.63159543,0.15142079,-0.31597683,-0.90058684
165,120.0,0.0,1309.0,1309.0,8.0,1309.0,0.2,-8.0,-8.0,0.0,,,,,,,,,,,,,,,,-0.9609783000000002,0.14950632,-0.5893973000000001,-1.2207739
166,120.0,0.0,1317.0,1317.0,8.0,1317.0,0.2,-8.0,-8.0,0.0,,,,,,,,,,,,,,,,-0.63337713,0.09069133,-0.46787077,-0.84651107
167,120.0,0.0,1325.0,1325.0,8.0,1325.0,0.2,-8.0,-8.0,0.0,,,,,,,,,,,,,,,,-0.5874513000000001,0.111835666,-0.3937172,-0.86761
168,120.0,0.0,1333.0,1333.0,8.0,1333.0,0.2,-8.0,-8.0,0.0,,,,,,,,,,,,,,,,-0.66314846,0.16232155,-0.32029495,-0.91264546
169,120.0,0.0,1341.0,1341.0,8.0,1341.0,0.2,-8.0,-8.0,0.0,,,,,,,,,,,,,,,,-0.7499509,0.1920954,-0.45540243,-1.2838040000000002
170,120.0,0.0,1349.0,1349.0,8.0,1349.0,0.2,-8.0,-8.0,0.0,,,,,,,,,,,,,,,,-0.65082073,0.119730294,-0.48063779999999995,-0.9015048000000001
171,120.0,0.0,1357.0,1357.0,8.0,1357.0,0.2,-8.0,-8.0,0.0,,,,,,,,,,,,,,,,-0.7458494000000001,0.0764201,-0.619167,-0.9256890999999999
172,120.0,0.0,1365.0,1365.0,8.0,1365.0,0.2,-8.0,-8.0,0.0,,,,,,,,,,,,,,,,-0.718117,0.14772874,-0.41645820000000006,-0.94541216
173,120.0,0.0,1373.0,1373.0,8.0,1373.0,0.2,-8.0,-8.0,0.0,,,,,,,,,,,,,,,,-0.76698613,0.13327561,-0.40525237,-1.0135655000000001
174,120.0,0.0,1381.0,1381.0,8.0,1381.0,0.2,-8.0,-8.0,0.0,,,,,,,,,,,,,,,,-0.5867585,0.11762041,-0.34206334,-0.84542847
175,120.0,0.0,1389.0,1389.0,8.0,1389.0,0.2,-8.0,-8.0,0.0,,,,,,,,,,,,,,,,-0.57078457,0.1364862,-0.2900096,-0.8187873999999999
176,120.0,0.0,1397.0,1397.0,8.0,1397.0,0.2,-8.0,-8.0,0.0,,,,,,,,,,,,,,,,-0.52956736,0.14072752,-0.2656073,-0.82192206
177,120.0,0.0,1405.0,1405.0,8.0,1405.0,0.2,-8.0,-8.0,0.0,,,,,,,,,,,,,,,,-0.7140354999999999,0.12211039,-0.47697327,-1.0634716999999998
178,120.0,0.0,1413.0,1413.0,8.0,1413.0,0.2,-8.0,-8.0,1.0,,,,,,,,,,,,,,,,-0.76363057,0.17185105,-0.43873609999999996,-1.043641
179,160.0,0.0,1421.0,1421.0,8.0,1421.0,0.2,-8.0,-8.0,0.0,,,,,,,,,,,,,,,,-0.7829136,0.13857323,-0.40612909999999997,-1.1645093999999998
180,160.0,0.0,1429.0,1429.0,8.0,1429.0,0.2,-8.0,-8.0,0.0,,,,,,,,,,,,,,,,-0.85457134,0.15393877,-0.5264054,-1.1608163
181,160.0,0.0,1437.0,1437.0,8.0,1437.0,0.2,-8.0,-8.0,0.0,,,,,,,,,,,,,,,,-0.65114826,0.14472945,-0.42798230000000004,-0.96132076
182,160.0,0.0,1445.0,1445.0,8.0,1445.0,0.2,-8.0,-8.0,0.0,,,,,,,,,,,,,,,,-0.83641136,0.11450219,-0.5475930999999999,-1.0502273000000002
183,160.0,0.0,1453.0,1453.0,8.0,1453.0,0.2,-8.0,-8.0,0.0,,,,,,,,,,,,,,,,-0.72224003,0.072134934,-0.5892224,-0.8814559000000001
184,160.0,0.0,1461.0,1461.0,8.0,1461.0,0.2,-8.0,-8.0,0.0,,,,,,,,,,,,,,,,-0.9095473,0.17053032,-0.5787354,-1.1594176999999999
185,160.0,0.0,1469.0,1469.0,8.0,1469.0,0.2,-8.0,-8.0,0.0,,,,,,,,,,,,,,,,-0.59562796,0.18163173,-0.099148735,-0.89055896
186,160.0,0.0,1477.0,1477.0,8.0,1477.0,0.2,-8.0,-8.0,0.0,,,,,,,,,,,,,,,,-0.6386706999999999,0.11286078,-0.4480847,-0.9447825999999999
187,160.0,0.0,1485.0,1485.0,8.0,1485.0,0.2,-8.0,-8.0,0.0,,,,,,,,,,,,,,,,-0.7695674,0.14055325,-0.48295936,-1.1011898999999998
188,160.0,0.0,1493.0,1493.0,8.0,1493.0,0.2,-8.0,-8.0,0.0,,,,,,,,,,,,,,,,-0.71067894,0.12177403,-0.48255175,-0.87586373
189,160.0,0.0,1501.0,1501.0,8.0,1501.0,0.2,-8.0,-8.0,0.0,,,,,,,,,,,,,,,,-0.8461658000000001,0.20194353,-0.5645788,-1.2419573
190,160.0,0.0,1509.0,1509.0,8.0,1509.0,0.2,-8.0,-8.0,0.0,,,,,,,,,,,,,,,,-0.6512351,0.1561505,-0.40395793,-1.0291494
191,160.0,0.0,1517.0,1517.0,8.0,1517.0,0.2,-8.0,-8.0,0.0,,,,,,,,,,,,,,,,-0.7265784000000001,0.13121095,-0.46162426,-1.0077654
192,160.0,0.0,1525.0,1525.0,8.0,1525.0,0.2,-8.0,-8.0,0.0,,,,,,,,,,,,,,,,-0.8281575999999999,0.19095631,-0.44315332,-1.2201877
193,160.0,0.0,1533.0,1533.0,8.0,1533.0,0.2,-8.0,-8.0,0.0,,,,,,,,,,,,,,,,-0.77421826,0.12397481,-0.52687585,-1.0077558
194,160.0,0.0,1541.0,1541.0,8.0,1541.0,0.2,-8.0,-8.0,1.0,,,,,,,,,,,,,,,,-0.7457635,0.10106808,-0.5623333,-1.1132351999999999
195,200.0,0.0,1549.0,1549.0,8.0,1549.0,0.2,-8.0,-8.0,0.0,,,,,,,,,,,,,,,,-0.6347411999999999,0.09566535,-0.46262749999999997,-0.81919026
196,200.0,0.0,1557.0,1557.0,8.0,1557.0,0.2,-8.0,-8.0,0.0,,,,,,,,,,,,,,,,-0.7624903000000001,0.12664560000000002,-0.53744525,-1.0591841
197,200.0,0.0,1565.0,1565.0,8.0,1565.0,0.2,-8.0,-8.0,0.0,,,,,,,,,,,,,,,,-0.7570087,0.13001359,-0.46800676,-1.0601003
198,200.0,0.0,1573.0,1573.0,8.0,1573.0,0.2,-8.0,-8.0,0.0,,,,,,,,,,,,,,,,-0.7799331,0.113183565,-0.6014173,-1.0303041
199,200.0,0.0,1581.0,1581.0,8.0,1581.0,0.2,-8.0,-8.0,0.0,,,,,,,,,,,,,,,,-0.8217455,0.0927745,-0.62304586,-0.99344796
200,200.0,0.0,1589.0,1589.0,8.0,1589.0,0.2,-8.0,-8.0,0.0,,,,,,,,,,,,,,,,-0.8063315999999999,0.1398165,-0.6139298000000001,-1.1238803
201,200.0,0.0,1597.0,1597.0,8.0,1597.0,0.2,-8.0,-8.0,0.0,,,,,,,,,,,,,,,,-0.89865935,0.103762984,-0.620011,-1.0803267
202,200.0,0.0,1605.0,1605.0,8.0,1605.0,0.2,-8.0,-8.0,0.0,,,,,,,,,,,,,,,,-0.85474193,0.10336583,-0.67298687,-1.0951742
203,200.0,0.0,1613.0,1613.0,8.0,1613.0,0.2,-8.0,-8.0,0.0,,,,,,,,,,,,,,,,-0.77248096,0.19066869,-0.32937515,-1.0450832
204,200.0,0.0,1621.0,1621.0,8.0,1621.0,0.2,-8.0,-8.0,0.0,,,,,,,,,,,,,,,,-0.7080835,0.12711571,-0.4795578,-1.0648256999999999
205,200.0,0.0,1629.0,1629.0,8.0,1629.0,0.2,-8.0,-8.0,0.0,,,,,,,,,,,,,,,,-0.66433537,0.12899007,-0.46765470000000003,-0.98330986
206,200.0,0.0,1637.0,1637.0,8.0,1637.0,0.2,-8.0,-8.0,0.0,,,,,,,,,,,,,,,,-0.75627136,0.10113809,-0.5553366,-0.9744801
207,200.0,0.0,1645.0,1645.0,8.0,1645.0,0.2,-8.0,-8.0,0.0,,,,,,,,,,,,,,,,-0.54349685,0.16378102,-0.10983356,-0.75258255
208,200.0,0.0,1653.0,1653.0,8.0,1653.0,0.2,-8.0,-8.0,0.0,,,,,,,,,,,,,,,,-0.82510495,0.15999794,-0.5125675000000001,-1.1506261999999998
209,200.0,0.0,1661.0,1661.0,8.0,1661.0,0.2,-8.0,-8.0,0.0,,,,,,,,,,,,,,,,-0.76848745,0.13220474,-0.522939,-0.99818474
210,200.0,0.0,1669.0,1669.0,8.0,1669.0,0.2,-8.0,-8.0,0.0,,,,,,,,,,,,,,,,-0.86945516,0.12183379,-0.5779385,-1.1988465
211,240.0,0.0,1677.0,1677.0,8.0,1677.0,0.2,-8.0,-8.0,0.0,,,,,,,,,,,,,,,,-0.76433116,0.12726408,-0.52082247,-1.0169508
212,240.0,0.0,1685.0,1685.0,8.0,1685.0,0.2,-8.0,-8.0,0.0,,,,,,,,,,,,,,,,-0.7805853,0.11336077,-0.5055566,-1.0409999
213,240.0,0.0,1693.0,1693.0,8.0,1693.0,0.2,-8.0,-8.0,0.0,,,,,,,,,,,,,,,,-0.89405185,0.11082018,-0.58628756,-1.1042106000000003
214,240.0,0.0,1701.0,1701.0,8.0,1701.0,0.2,-8.0,-8.0,0.0,,,,,,,,,,,,,,,,-0.8097638,0.16034879,-0.5361311,-1.0976058000000002
215,240.0,0.0,1709.0,1709.0,8.0,1709.0,0.2,-8.0,-8.0,0.0,,,,,,,,,,,,,,,,-0.9623826999999999,0.17258874,-0.68955404,-1.3386916000000002
216,240.0,0.0,1717.0,1717.0,8.0,1717.0,0.2,-8.0,-8.0,0.0,,,,,,,,,,,,,,,,-0.6706970999999999,0.15304749,-0.26047426,-0.9407466999999998
217,240.0,0.0,1725.0,1725.0,8.0,1725.0,0.2,-8.0,-8.0,0.0,,,,,,,,,,,,,,,,-1.0504181000000001,0.10209371,-0.8911099,-1.321461
218,240.0,0.0,1733.0,1733.0,8.0,1733.0,0.2,-8.0,-8.0,0.0,,,,,,,,,,,,,,,,-0.91195536,0.14521743,-0.6417531,-1.1856659999999999
219,240.0,0.0,1741.0,1741.0,8.0,1741.0,0.2,-8.0,-8.0,0.0,,,,,,,,,,,,,,,,-0.8901315999999999,0.08889981,-0.73016155,-1.1214247
220,240.0,0.0,1749.0,1749.0,8.0,1749.0,0.2,-8.0,-8.0,0.0,,,,,,,,,,,,,,,,-0.7717968000000001,0.11709932,-0.52146876,-1.0324031999999999
221,240.0,0.0,1757.0,1757.0,8.0,1757.0,0.2,-8.0,-8.0,0.0,,,,,,,,,,,,,,,,-0.84996253,0.1360513,-0.5317485,-1.0633581
222,240.0,0.0,1765.0,1765.0,8.0,1765.0,0.2,-8.0,-8.0,0.0,,,,,,,,,,,,,,,,-0.7418494999999999,0.13615039,-0.5145299,-1.047608
223,240.0,0.0,1773.0,1773.0,8.0,1773.0,0.2,-8.0,-8.0,0.0,,,,,,,,,,,,,,,,-0.8786014999999999,0.128722,-0.64033836,-1.1820568999999999
224,240.0,0.0,1781.0,1781.0,8.0,1781.0,0.2,-8.0,-8.0,0.0,,,,,,,,,,,,,,,,-0.80855876,0.09355065,-0.61649966,-0.9735629000000001
225,240.0,0.0,1789.0,1789.0,8.0,1789.0,0.2,-8.0,-8.0,0.0,,,,,,,,,,,,,,,,-0.8970536,0.10354797,-0.6928585999999999,-1.2540113000000002
226,240.0,0.0,1797.0,1797.0,8.0,1797.0,0.2,-8.0,-8.0,1.0,,,,,,,,,,,,,,,,-0.8813962,0.15606864,-0.58260685,-1.1211704
227,280.0,0.0,1805.0,1805.0,8.0,1805.0,0.2,-8.0,-8.0,0.0,,,,,,,,,,,,,,,,-0.6887432,0.12205907,-0.48209929999999995,-0.9717742
228,280.0,0.0,1813.0,1813.0,8.0,1813.0,0.2,-8.0,-8.0,0.0,,,,,,,,,,,,,,,,-0.62780356,0.12039925,-0.29877475,-0.8639427
229,280.0,0.0,1815.0,1815.0,2.0,1815.0,0.2,-1.0,-1.0,0.0,,,,,,,,,,,,,,,,-0.72491515,0.11477638,-0.54952675,-0.93287206
230,280.0,0.0,1823.0,1823.0,8.0,1823.0,0.2,-8.0,-8.0,0.0,,,,,,,,,,,,,,,,-0.8196779000000001,0.14632244,-0.58215916,-1.0929132
231,280.0,0.0,1831.0,1831.0,8.0,1831.0,0.2,-8.0,-8.0,0.0,,,,,,,,,,,,,,,,-0.87488425,0.11866175400000001,-0.56904346,-1.1006453999999999
232,280.0,0.0,1839.0,1839.0,8.0,1839.0,0.2,-8.0,-8.0,0.0,,,,,,,,,,,,,,,,-1.0118186,0.13230920000000002,-0.75667745,-1.3125594999999999
233,280.0,0.0,1847.0,1847.0,8.0,1847.0,0.2,-8.0,-8.0,0.0,,,,,,,,,,,,,,,,-0.6886861,0.09609458,-0.52167207,-0.91032773
234,280.0,0.0,1855.0,1855.0,8.0,1855.0,0.2,-8.0,-8.0,0.0,,,,,,,,,,,,,,,,-0.9672782,0.12518844,-0.7739017,-1.2138875
235,280.0,0.0,1863.0,1863.0,8.0,1863.0,0.2,-8.0,-8.0,0.0,,,,,,,,,,,,,,,,-0.994499,0.10786834,-0.6900288,-1.2000004
236,280.0,0.0,1871.0,1871.0,8.0,1871.0,0.2,-8.0,-8.0,0.0,,,,,,,,,,,,,,,,-0.8798601,0.08622426,-0.71475166,-1.1645014
237,280.0,0.0,1879.0,1879.0,8.0,1879.0,0.2,-8.0,-8.0,0.0,,,,,,,,,,,,,,,,-0.9568641999999999,0.12585016,-0.7325453000000001,-1.2248607
238,280.0,0.0,1887.0,1887.0,8.0,1887.0,0.2,-8.0,-8.0,0.0,,,,,,,,,,,,,,,,-0.885949,0.12647541,-0.60803956,-1.1217752
239,280.0,0.0,1895.0,1895.0,8.0,1895.0,0.2,-8.0,-8.0,0.0,,,,,,,,,,,,,,,,-0.89449483,0.08287053,-0.75763774,-1.0523285
240,280.0,0.0,1903.0,1903.0,8.0,1903.0,0.2,-8.0,-8.0,0.0,,,,,,,,,,,,,,,,-1.0024818000000002,0.09892203,-0.7972111,-1.1544023
241,280.0,0.0,1911.0,1911.0,8.0,1911.0,0.2,-8.0,-8.0,0.0,,,,,,,,,,,,,,,,-0.7596741,0.09161844,-0.53000224,-0.9416867
242,280.0,0.0,1919.0,1919.0,8.0,1919.0,0.2,-8.0,-8.0,1.0,,,,,,,,,,,,,,,,-0.8694228999999999,0.09283535,-0.6544773,-1.0132096
243,320.0,0.0,1927.0,1927.0,8.0,1927.0,0.2,-8.0,-8.0,0.0,,,,,,,,,,,,,,,,-0.9855927,0.13426217,-0.7630399999999999,-1.1853474
244,320.0,0.0,1935.0,1935.0,8.0,1935.0,0.2,-8.0,-8.0,0.0,,,,,,,,,,,,,,,,-1.0006378,0.12280555,-0.8352465,-1.272568
245,320.0,0.0,1943.0,1943.0,8.0,1943.0,0.2,-8.0,-8.0,0.0,,,,,,,,,,,,,,,,-0.9897836999999999,0.10131539,-0.7695703,-1.1428093000000001
246,320.0,0.0,1951.0,1951.0,8.0,1951.0,0.2,-8.0,-8.0,0.0,,,,,,,,,,,,,,,,-0.7949618,0.10494152,-0.6336927,-1.0689366000000002
247,320.0,0.0,1959.0,1959.0,8.0,1959.0,0.2,-8.0,-8.0,0.0,,,,,,,,,,,,,,,,-1.0185473,0.12895933,-0.8266023000000001,-1.2945163
248,320.0,0.0,1967.0,1967.0,8.0,1967.0,0.2,-8.0,-8.0,0.0,,,,,,,,,,,,,,,,-1.0294558,0.13726938,-0.7485316,-1.3432376
249,320.0,0.0,1975.0,1975.0,8.0,1975.0,0.2,-8.0,-8.0,0.0,,,,,,,,,,,,,,,,-0.7413055000000001,0.117255375,-0.5677621,-1.0297397
250,320.0,0.0,1983.0,1983.0,8.0,1983.0,0.2,-8.0,-8.0,0.0,,,,,,,,,,,,,,,,-0.8955368,0.100392,-0.67621714,-1.1277999
251,320.0,0.0,1991.0,1991.0,8.0,1991.0,0.2,-8.0,-8.0,0.0,,,,,,,,,,,,,,,,-0.65144295,0.11514515,-0.4445237,-0.94843614
252,320.0,0.0,1999.0,1999.0,8.0,1999.0,0.2,-8.0,-8.0,0.0,,,,,,,,,,,,,,,,-1.1079809999999999,0.09877048,-0.8997026,-1.2790378
253,320.0,0.0,2007.0,2007.0,8.0,2007.0,0.2,-8.0,-8.0,0.0,,,,,,,,,,,,,,,,-0.94009227,0.09582155,-0.7419054,-1.1590683000000002
254,320.0,0.0,2015.0,2015.0,8.0,2015.0,0.2,-8.0,-8.0,0.0,,,,,,,,,,,,,,,,-0.7785706,0.09543436,-0.5503564000000001,-0.9512203000000001
255,320.0,0.0,2023.0,2023.0,8.0,2023.0,0.2,-8.0,-8.0,0.0,,,,,,,,,,,,,,,,-0.9037199,0.09038616,-0.7184594,-1.163669
256,320.0,0.0,2031.0,2031.0,8.0,2031.0,0.2,-8.0,-8.0,0.0,,,,,,,,,,,,,,,,-0.7065593000000001,0.14076881,-0.36483878,-0.89274454
257,320.0,0.0,2039.0,2039.0,8.0,2039.0,0.2,-8.0,-8.0,0.0,,,,,,,,,,,,,,,,-0.8607065999999999,0.12434056,-0.61515766,-1.0888466
258,320.0,0.0,2047.0,2047.0,8.0,2047.0,0.2,-8.0,-8.0,1.0,,,,,,,,,,,,,,,,-0.8907933000000001,0.07030094,-0.72729176,-1.05395
259,360.0,0.0,2055.0,2055.0,8.0,2055.0,0.2,-8.0,-8.0,0.0,,,,,,,,,,,,,,,,-0.9681886000000001,0.12960699,-0.70754504,-1.3146263
260,360.0,0.0,2063.0,2063.0,8.0,2063.0,0.2,-8.0,-8.0,0.0,,,,,,,,,,,,,,,,-0.9151286,0.109617725,-0.67698216,-1.1244682
261,360.0,0.0,2071.0,2071.0,8.0,2071.0,0.2,-8.0,-8.0,0.0,,,,,,,,,,,,,,,,-0.90703326,0.14324808,-0.5919241,-1.2071551
262,360.0,0.0,2079.0,2079.0,8.0,2079.0,0.2,-8.0,-8.0,0.0,,,,,,,,,,,,,,,,-0.9462122,0.12556234,-0.6794604000000001,-1.1434125
263,360.0,0.0,2087.0,2087.0,8.0,2087.0,0.2,-8.0,-8.0,0.0,,,,,,,,,,,,,,,,-1.00383,0.113737226,-0.71253765,-1.1611696000000002
264,360.0,0.0,2095.0,2095.0,8.0,2095.0,0.2,-8.0,-8.0,0.0,,,,,,,,,,,,,,,,-1.0141693,0.10122289,-0.84106123,-1.2213504
265,360.0,0.0,2103.0,2103.0,8.0,2103.0,0.2,-8.0,-8.0,0.0,,,,,,,,,,,,,,,,-1.0841903999999998,0.12757587,-0.72977525,-1.3996546
266,360.0,0.0,2111.0,2111.0,8.0,2111.0,0.2,-8.0,-8.0,0.0,,,,,,,,,,,,,,,,-0.99116623,0.15104194,-0.75320846,-1.2924638000000002
267,360.0,0.0,2119.0,2119.0,8.0,2119.0,0.2,-8.0,-8.0,0.0,,,,,,,,,,,,,,,,-0.8336026,0.09078165,-0.65580416,-1.0072855
268,360.0,0.0,2127.0,2127.0,8.0,2127.0,0.2,-8.0,-8.0,0.0,,,,,,,,,,,,,,,,-0.94475794,0.10281949,-0.73234254,-1.1290850000000001
269,360.0,0.0,2135.0,2135.0,8.0,2135.0,0.2,-8.0,-8.0,0.0,,,,,,,,,,,,,,,,-0.8999611999999999,0.119204514,-0.64345425,-1.1238792
270,360.0,0.0,2143.0,2143.0,8.0,2143.0,0.2,-8.0,-8.0,0.0,,,,,,,,,,,,,,,,-0.93925333,0.108320326,-0.64804494,-1.1094164
271,360.0,0.0,2151.0,2151.0,8.0,2151.0,0.2,-8.0,-8.0,0.0,,,,,,,,,,,,,,,,-0.85307217,0.12899972,-0.4992755,-1.0566615
272,360.0,0.0,2159.0,2159.0,8.0,2159.0,0.2,-8.0,-8.0,0.0,,,,,,,,,,,,,,,,-0.88271916,0.12436666,-0.70142055,-1.1665783
273,360.0,0.0,2167.0,2167.0,8.0,2167.0,0.2,-8.0,-8.0,0.0,,,,,,,,,,,,,,,,-0.9262243,0.12452718,-0.6580296999999999,-1.2017236
274,360.0,0.0,2175.0,2175.0,8.0,2175.0,0.2,-8.0,-8.0,1.0,,,,,,,,,,,,,,,,-1.0125334000000001,0.11066041,-0.80193156,-1.2335161000000001
275,400.0,0.0,2183.0,2183.0,8.0,2183.0,0.2,-8.0,-8.0,0.0,,,,,,,,,,,,,,,,-0.9788385000000001,0.117760114,-0.76259524,-1.2388136
276,400.0,0.0,2191.0,2191.0,8.0,2191.0,0.2,-8.0,-8.0,0.0,,,,,,,,,,,,,,,,-1.0191358,0.1156281,-0.8220586,-1.3233632
277,400.0,0.0,2199.0,2199.0,8.0,2199.0,0.2,-8.0,-8.0,0.0,,,,,,,,,,,,,,,,-1.0562159,0.11702157,-0.81650203,-1.28436
278,400.0,0.0,2207.0,2207.0,8.0,2207.0,0.2,-8.0,-8.0,0.0,,,,,,,,,,,,,,,,-0.90923643,0.09015553400000001,-0.7321728,-1.1767058000000001
279,400.0,0.0,2215.0,2215.0,8.0,2215.0,0.2,-8.0,-8.0,0.0,,,,,,,,,,,,,,,,-1.0526371,0.10778458,-0.87091035,-1.2721459
280,400.0,0.0,2223.0,2223.0,8.0,2223.0,0.2,-8.0,-8.0,0.0,,,,,,,,,,,,,,,,-1.0233535,0.10113868,-0.8470816999999999,-1.2853573999999999
281,400.0,0.0,2231.0,2231.0,8.0,2231.0,0.2,-8.0,-8.0,0.0,,,,,,,,,,,,,,,,-1.156087,0.084167115,-0.92595035,-1.4414897
282,400.0,0.0,2239.0,2239.0,8.0,2239.0,0.2,-8.0,-8.0,0.0,,,,,,,,,,,,,,,,-0.9187554,0.10327064,-0.7013159000000001,-1.1085825
283,400.0,0.0,2247.0,2247.0,8.0,2247.0,0.2,-8.0,-8.0,0.0,,,,,,,,,,,,,,,,-0.8469466999999998,0.13618612,-0.6157971999999999,-1.1520367
284,400.0,0.0,2255.0,2255.0,8.0,2255.0,0.2,-8.0,-8.0,0.0,,,,,,,,,,,,,,,,-0.9659728000000001,0.11487516,-0.70649284,-1.2562416
285,400.0,0.0,2263.0,2263.0,8.0,2263.0,0.2,-8.0,-8.0,0.0,,,,,,,,,,,,,,,,-0.9871735,0.095514104,-0.8031465999999999,-1.147217
286,400.0,0.0,2271.0,2271.0,8.0,2271.0,0.2,-8.0,-8.0,0.0,,,,,,,,,,,,,,,,-1.096175,0.12653883,-0.82706296,-1.4529383
287,400.0,0.0,2279.0,2279.0,8.0,2279.0,0.2,-8.0,-8.0,0.0,,,,,,,,,,,,,,,,-1.1223393999999998,0.09786446,-0.92164856,-1.3122996999999998
288,400.0,0.0,2287.0,2287.0,8.0,2287.0,0.2,-8.0,-8.0,0.0,,,,,,,,,,,,,,,,-1.0250614,0.11122735,-0.6921463000000001,-1.1774851999999998
289,400.0,0.0,2295.0,2295.0,8.0,2295.0,0.2,-8.0,-8.0,0.0,,,,,,,,,,,,,,,,-0.8912857,0.08537799,-0.74438757,-1.0408839
290,400.0,0.0,2303.0,2303.0,8.0,2303.0,0.2,-8.0,-8.0,0.0,,,,,,,,,,,,,,,,-0.9083473,0.10442633,-0.7709683,-1.136732
291,440.0,0.0,2311.0,2311.0,8.0,2311.0,0.2,-8.0,-8.0,0.0,,,,,,,,,,,,,,,,-1.0618792,0.1032296,-0.89480394,-1.225789
292,440.0,0.0,2319.0,2319.0,8.0,2319.0,0.2,-8.0,-8.0,0.0,,,,,,,,,,,,,,,,-1.0812535,0.106229596,-0.8681266,-1.3533226999999999
293,440.0,0.0,2327.0,2327.0,8.0,2327.0,0.2,-8.0,-8.0,0.0,,,,,,,,,,,,,,,,-1.0692374,0.077831976,-0.9231976999999999,-1.2229964
294,440.0,0.0,2335.0,2335.0,8.0,2335.0,0.2,-8.0,-8.0,0.0,,,,,,,,,,,,,,,,-0.9471835999999999,0.0870466,-0.7872411,-1.1270589
295,440.0,0.0,2343.0,2343.0,8.0,2343.0,0.2,-8.0,-8.0,0.0,,,,,,,,,,,,,,,,-0.9733812,0.109023966,-0.75396895,-1.2261788
296,440.0,0.0,2351.0,2351.0,8.0,2351.0,0.2,-8.0,-8.0,0.0,,,,,,,,,,,,,,,,-1.0094445,0.10062143,-0.83884114,-1.1809155
297,440.0,0.0,2359.0,2359.0,8.0,2359.0,0.2,-8.0,-8.0,0.0,,,,,,,,,,,,,,,,-1.136829,0.13256024,-0.9307892,-1.5362046999999999
298,440.0,0.0,2367.0,2367.0,8.0,2367.0,0.2,-8.0,-8.0,0.0,,,,,,,,,,,,,,,,-1.1132704,0.10830635,-0.90996474,-1.3112030000000001
299,440.0,0.0,2375.0,2375.0,8.0,2375.0,0.2,-8.0,-8.0,0.0,,,,,,,,,,,,,,,,-1.0324752000000001,0.11909571,-0.8117981,-1.3030422
300,440.0,0.0,2383.0,2383.0,8.0,2383.0,0.2,-8.0,-8.0,0.0,,,,,,,,,,,,,,,,-0.98194844,0.09579663,-0.76852494,-1.1897581
301,440.0,0.0,2391.0,2391.0,8.0,2391.0,0.2,-8.0,-8.0,0.0,,,,,,,,,,,,,,,,-0.9279075000000001,0.13352141,-0.7042743,-1.2335878999999998
302,440.0,0.0,2399.0,2399.0,8.0,2399.0,0.2,-8.0,-8.0,0.0,,,,,,,,,,,,,,,,-0.94731516,0.08320232,-0.74545807,-1.126593
303,440.0,0.0,2407.0,2407.0,8.0,2407.0,0.2,-8.0,-8.0,0.0,,,,,,,,,,,,,,,,-1.058024,0.07125524,-0.8976947,-1.1805421
304,440.0,0.0,2415.0,2415.0,8.0,2415.0,0.2,-8.0,-8.0,0.0,,,,,,,,,,,,,,,,-1.0145464,0.11309560000000002,-0.7819973000000001,-1.2909875
305,440.0,0.0,2423.0,2423.0,8.0,2423.0,0.2,-8.0,-8.0,0.0,,,,,,,,,,,,,,,,-1.0610273000000001,0.10812915,-0.8955987,-1.2574745
306,440.0,0.0,2431.0,2431.0,8.0,2431.0,0.2,-8.0,-8.0,1.0,,,,,,,,,,,,,,,,-1.0303776,0.11010886,-0.80006874,-1.2960004999999999
307,480.0,0.0,2439.0,2439.0,8.0,2439.0,0.2,-8.0,-8.0,0.0,,,,,,,,,,,,,,,,-1.1177257,0.079427585,-0.93032706,-1.276229
308,480.0,0.0,2447.0,2447.0,8.0,2447.0,0.2,-8.0,-8.0,0.0,,,,,,,,,,,,,,,,-1.1087215,0.10568995,-0.83184284,-1.3577276000000003
309,480.0,0.0,2455.0,2455.0,8.0,2455.0,0.2,-8.0,-8.0,0.0,,,,,,,,,,,,,,,,-1.1886084,0.12393283,-0.8983462999999999,-1.4952439
310,480.0,0.0,2463.0,2463.0,8.0,2463.0,0.2,-8.0,-8.0,0.0,,,,,,,,,,,,,,,,-1.1665964,0.11454228,-0.9705843000000001,-1.3173461000000002
311,480.0,0.0,2471.0,2471.0,8.0,2471.0,0.2,-8.0,-8.0,0.0,,,,,,,,,,,,,,,,-1.0086174,0.09989771,-0.7671168,-1.1230512
312,480.0,0.0,2479.0,2479.0,8.0,2479.0,0.2,-8.0,-8.0,0.0,,,,,,,,,,,,,,,,-1.0678388,0.08851864,-0.85467297,-1.2529496
313,480.0,0.0,2487.0,2487.0,8.0,2487.0,0.2,-8.0,-8.0,0.0,,,,,,,,,,,,,,,,-1.0373736999999998,0.0851697,-0.90747935,-1.2113312
314,480.0,0.0,2495.0,2495.0,8.0,2495.0,0.2,-8.0,-8.0,0.0,,,,,,,,,,,,,,,,-0.9535115,0.14085828,-0.6974316999999999,-1.2202777
315,480.0,0.0,2503.0,2503.0,8.0,2503.0,0.2,-8.0,-8.0,0.0,,,,,,,,,,,,,,,,-1.1826223,0.12721245,-0.9653857,-1.4092339
316,480.0,0.0,2511.0,2511.0,8.0,2511.0,0.2,-8.0,-8.0,0.0,,,,,,,,,,,,,,,,-0.8994152,0.122543395,-0.6812045,-1.1470977
317,480.0,0.0,2519.0,2519.0,8.0,2519.0,0.2,-8.0,-8.0,0.0,,,,,,,,,,,,,,,,-1.1683358999999998,0.14645658,-0.8550002,-1.5805258
318,480.0,0.0,2527.0,2527.0,8.0,2527.0,0.2,-8.0,-8.0,0.0,,,,,,,,,,,,,,,,-1.0702103,0.07876110000000001,-0.9187904,-1.2122004
319,480.0,0.0,2535.0,2535.0,8.0,2535.0,0.2,-8.0,-8.0,0.0,,,,,,,,,,,,,,,,-0.96940964,0.06249264,-0.82002556,-1.1022513
320,480.0,0.0,2543.0,2543.0,8.0,2543.0,0.2,-8.0,-8.0,0.0,,,,,,,,,,,,,,,,-0.9203469000000001,0.099639595,-0.7140993,-1.11782
321,480.0,0.0,2551.0,2551.0,8.0,2551.0,0.2,-8.0,-8.0,0.0,,,,,,,,,,,,,,,,-1.0231813,0.10259251,-0.81489575,-1.2213968000000002
322,480.0,0.0,2559.0,2559.0,8.0,2559.0,0.2,-8.0,-8.0,1.0,,,,,,,,,,,,,,,,-0.9693527,0.09788507,-0.72844523,-1.1571223
323,520.0,0.0,2567.0,2567.0,8.0,2567.0,0.2,-8.0,-8.0,0.0,,,,,,,,,,,,,,,,-1.227041,0.10198356,-1.0292002,-1.423316
324,520.0,0.0,2575.0,2575.0,8.0,2575.0,0.2,-8.0,-8.0,0.0,,,,,,,,,,,,,,,,-1.0163599,0.13712709,-0.7503430999999999,-1.3249816
325,520.0,0.0,2583.0,2583.0,8.0,2583.0,0.2,-8.0,-8.0,0.0,,,,,,,,,,,,,,,,-1.1078398,0.09689209,-0.9160165000000001,-1.2643325
326,520.0,0.0,2591.0,2591.0,8.0,2591.0,0.2,-8.0,-8.0,0.0,,,,,,,,,,,,,,,,-1.3000878999999999,0.114129245,-1.0163872999999999,-1.485109
327,520.0,0.0,2599.0,2599.0,8.0,2599.0,0.2,-8.0,-8.0,0.0,,,,,,,,,,,,,,,,-1.1034844,0.08287129,-0.8138179,-1.2970816
328,520.0,0.0,2607.0,2607.0,8.0,2607.0,0.2,-8.0,-8.0,0.0,,,,,,,,,,,,,,,,-1.2368128,0.09273338,-1.1082664,-1.4807527
329,520.0,0.0,2615.0,2615.0,8.0,2615.0,0.2,-8.0,-8.0,0.0,,,,,,,,,,,,,,,,-1.1048611000000002,0.085101284,-0.9514879,-1.3575232
330,520.0,0.0,2623.0,2623.0,8.0,2623.0,0.2,-8.0,-8.0,0.0,,,,,,,,,,,,,,,,-1.0792453000000002,0.10997783400000001,-0.894925,-1.2621497
331,520.0,0.0,2631.0,2631.0,8.0,2631.0,0.2,-8.0,-8.0,0.0,,,,,,,,,,,,,,,,-1.0501851999999998,0.075637706,-0.8602213,-1.1963898000000002
332,520.0,0.0,2639.0,2639.0,8.0,2639.0,0.2,-8.0,-8.0,0.0,,,,,,,,,,,,,,,,-1.1886462,0.13111964,-0.8744945,-1.4336374
333,520.0,0.0,2647.0,2647.0,8.0,2647.0,0.2,-8.0,-8.0,0.0,,,,,,,,,,,,,,,,-0.98216414,0.098453015,-0.6713284,-1.1485966
334,520.0,0.0,2655.0,2655.0,8.0,2655.0,0.2,-8.0,-8.0,0.0,,,,,,,,,,,,,,,,-1.0253344000000002,0.09225851,-0.87971497,-1.2097122999999999
335,520.0,0.0,2660.0,2660.0,5.0,2660.0,0.2,-4.0,-4.0,0.0,,,,,,,,,,,,,,,,-1.2267638,0.07526131,-1.1009871,-1.4075891
336,520.0,0.0,2668.0,2668.0,8.0,2668.0,0.2,-8.0,-8.0,0.0,,,,,,,,,,,,,,,,-1.1430466000000001,0.08724405,-0.9620962,-1.3398775
337,520.0,0.0,2676.0,2676.0,8.0,2676.0,0.2,-8.0,-8.0,0.0,,,,,,,,,,,,,,,,-0.99354714,0.08145208,-0.84968495,-1.2065772
338,520.0,0.0,2684.0,2684.0,8.0,2684.0,0.2,-8.0,-8.0,1.0,,,,,,,,,,,,,,,,-1.1759135,0.096229926,-0.9781110000000001,-1.4129791999999999
339,560.0,0.0,2692.0,2692.0,8.0,2692.0,0.2,-8.0,-8.0,0.0,,,,,,,,,,,,,,,,-1.1784284999999999,0.08122457,-1.0122463,-1.3354975
340,560.0,0.0,2700.0,2700.0,8.0,2700.0,0.2,-8.0,-8.0,0.0,,,,,,,,,,,,,,,,-1.1247479999999999,0.121425904,-0.82462513,-1.2864818999999998
341,560.0,0.0,2708.0,2708.0,8.0,2708.0,0.2,-8.0,-8.0,0.0,,,,,,,,,,,,,,,,-1.0492618999999999,0.10298874,-0.8132623999999999,-1.2398398000000002
342,560.0,0.0,2716.0,2716.0,8.0,2716.0,0.2,-8.0,-8.0,0.0,,,,,,,,,,,,,,,,-1.1817613999999999,0.096796565,-0.96070164,-1.417276
343,560.0,0.0,2724.0,2724.0,8.0,2724.0,0.2,-8.0,-8.0,0.0,,,,,,,,,,,,,,,,-1.2668631000000001,0.11798483,-1.0068852,-1.4659986
344,560.0,0.0,2732.0,2732.0,8.0,2732.0,0.2,-8.0,-8.0,0.0,,,,,,,,,,,,,,,,-1.2725628999999998,0.09441978,-1.0920366000000001,-1.4788069
345,560.0,0.0,2740.0,2740.0,8.0,2740.0,0.2,-8.0,-8.0,0.0,,,,,,,,,,,,,,,,-1.1603416000000002,0.12494526,-0.87923133,-1.3708508
346,560.0,0.0,2748.0,2748.0,8.0,2748.0,0.2,-8.0,-8.0,0.0,,,,,,,,,,,,,,,,-1.0957506000000001,0.10276335,-0.9170427999999999,-1.3235033
347,560.0,0.0,2756.0,2756.0,8.0,2756.0,0.2,-8.0,-8.0,0.0,,,,,,,,,,,,,,,,-1.0738511999999998,0.09260023,-0.9423655000000001,-1.2786345
348,560.0,0.0,2764.0,2764.0,8.0,2764.0,0.2,-8.0,-8.0,0.0,,,,,,,,,,,,,,,,-0.89829636,0.11360845,-0.71122444,-1.1459472
349,560.0,0.0,2772.0,2772.0,8.0,2772.0,0.2,-8.0,-8.0,0.0,,,,,,,,,,,,,,,,-1.1448991000000002,0.1016569,-0.90824115,-1.3707084999999999
350,560.0,0.0,2780.0,2780.0,8.0,2780.0,0.2,-8.0,-8.0,0.0,,,,,,,,,,,,,,,,-1.0396906,0.10919917,-0.8328479,-1.2614288
351,560.0,0.0,2788.0,2788.0,8.0,2788.0,0.2,-8.0,-8.0,0.0,,,,,,,,,,,,,,,,-1.1135954,0.09800006,-0.9336733,-1.4112321
352,560.0,0.0,2796.0,2796.0,8.0,2796.0,0.2,-8.0,-8.0,0.0,,,,,,,,,,,,,,,,-1.0798987,0.14667101,-0.7706658000000001,-1.3849714
353,560.0,0.0,2804.0,2804.0,8.0,2804.0,0.2,-8.0,-8.0,0.0,,,,,,,,,,,,,,,,-1.2142377,0.100441635,-1.0019555,-1.4477683000000001
354,560.0,0.0,2812.0,2812.0,8.0,2812.0,0.2,-8.0,-8.0,1.0,,,,,,,,,,,,,,,,-1.0852274,0.10280869,-0.8983636,-1.3389468999999998
355,600.0,0.0,2820.0,2820.0,8.0,2820.0,0.2,-8.0,-8.0,0.0,,,,,,,,,,,,,,,,-1.2263685,0.09528323,-1.0435323,-1.4076315000000001
356,600.0,0.0,2828.0,2828.0,8.0,2828.0,0.2,-8.0,-8.0,0.0,,,,,,,,,,,,,,,,-1.170045,0.13681802,-0.88995045,-1.3953138999999999
357,600.0,0.0,2836.0,2836.0,8.0,2836.0,0.2,-8.0,-8.0,0.0,,,,,,,,,,,,,,,,-1.2464348,0.09446197,-1.0449536,-1.4471408000000001
358,600.0,0.0,2844.0,2844.0,8.0,2844.0,0.2,-8.0,-8.0,0.0,,,,,,,,,,,,,,,,-1.2592125,0.14687705,-1.0479546,-1.5772479
359,600.0,0.0,2852.0,2852.0,8.0,2852.0,0.2,-8.0,-8.0,0.0,,,,,,,,,,,,,,,,-1.3036896999999998,0.091632165,-1.1201874,-1.5287445
360,600.0,0.0,2860.0,2860.0,8.0,2860.0,0.2,-8.0,-8.0,0.0,,,,,,,,,,,,,,,,-1.05847,0.14632997,-0.84166193,-1.3591114
361,600.0,0.0,2868.0,2868.0,8.0,2868.0,0.2,-8.0,-8.0,0.0,,,,,,,,,,,,,,,,-1.1192478000000001,0.09414397,-0.9393101,-1.2695034
362,600.0,0.0,2876.0,2876.0,8.0,2876.0,0.2,-8.0,-8.0,0.0,,,,,,,,,,,,,,,,-1.1838875,0.0870195,-1.0182257,-1.4223537
363,600.0,0.0,2884.0,2884.0,8.0,2884.0,0.2,-8.0,-8.0,0.0,,,,,,,,,,,,,,,,-1.1254674999999998,0.08524014,-0.9124234,-1.2893212
364,600.0,0.0,2892.0,2892.0,8.0,2892.0,0.2,-8.0,-8.0,0.0,,,,,,,,,,,,,,,,-1.1539489,0.10956268,-0.8455745000000001,-1.3430144
365,600.0,0.0,2900.0,2900.0,8.0,2900.0,0.2,-8.0,-8.0,0.0,,,,,,,,,,,,,,,,-1.1806424999999998,0.10888811,-0.98543894,-1.4768700000000001
366,600.0,0.0,2908.0,2908.0,8.0,2908.0,0.2,-8.0,-8.0,0.0,,,,,,,,,,,,,,,,-1.2915815000000002,0.11688822,-1.1220291,-1.6304023
367,600.0,0.0,2916.0,2916.0,8.0,2916.0,0.2,-8.0,-8.0,0.0,,,,,,,,,,,,,,,,-1.1725905,0.08606765400000001,-0.9781752,-1.2878120000000002
368,600.0,0.0,2924.0,2924.0,8.0,2924.0,0.2,-8.0,-8.0,0.0,,,,,,,,,,,,,,,,-1.300589,0.10646936,-1.0778351000000002,-1.5321658999999999
369,600.0,0.0,2932.0,2932.0,8.0,2932.0,0.2,-8.0,-8.0,0.0,,,,,,,,,,,,,,,,-1.1554624,0.08147611,-0.9838992,-1.4043308
370,600.0,0.0,2940.0,2940.0,8.0,2940.0,0.2,-8.0,-8.0,0.0,,,,,,,,,,,,,,,,-1.2119535,0.10456543,-0.9971542,-1.3905351000000001
371,640.0,0.0,2948.0,2948.0,8.0,2948.0,0.2,-8.0,-8.0,0.0,,,,,,,,,,,,,,,,-1.2439726999999998,0.09772502,-1.0553774,-1.4221698999999999
372,640.0,0.0,2956.0,2956.0,8.0,2956.0,0.2,-8.0,-8.0,0.0,,,,,,,,,,,,,,,,-1.1490513999999998,0.16990529999999998,-0.86820924,-1.5496879
373,640.0,0.0,2964.0,2964.0,8.0,2964.0,0.2,-8.0,-8.0,0.0,,,,,,,,,,,,,,,,-1.1350857,0.13165122,-0.888323,-1.488041
374,640.0,0.0,2972.0,2972.0,8.0,2972.0,0.2,-8.0,-8.0,0.0,,,,,,,,,,,,,,,,-1.1712513,0.12036309,-0.90988475,-1.4333898999999999
375,640.0,0.0,2980.0,2980.0,8.0,2980.0,0.2,-8.0,-8.0,0.0,,,,,,,,,,,,,,,,-1.2832899,0.11391198,-0.9632617,-1.4804757
376,640.0,0.0,2988.0,2988.0,8.0,2988.0,0.2,-8.0,-8.0,0.0,,,,,,,,,,,,,,,,-1.2160392,0.09101927,-1.0243937,-1.3666085
377,640.0,0.0,2996.0,2996.0,8.0,2996.0,0.2,-8.0,-8.0,0.0,,,,,,,,,,,,,,,,-1.1819499,0.14024958,-0.87527674,-1.4861885
378,640.0,0.0,3004.0,3004.0,8.0,3004.0,0.2,-8.0,-8.0,0.0,,,,,,,,,,,,,,,,-1.0808038,0.09977862,-0.93324655,-1.3537863
379,640.0,0.0,3012.0,3012.0,8.0,3012.0,0.2,-8.0,-8.0,0.0,,,,,,,,,,,,,,,,-1.0381846,0.087702975,-0.8422049,-1.2210919
380,640.0,0.0,3020.0,3020.0,8.0,3020.0,0.2,-8.0,-8.0,0.0,,,,,,,,,,,,,,,,-1.1053624,0.08678224,-0.92059755,-1.2709645
381,640.0,0.0,3028.0,3028.0,8.0,3028.0,0.2,-8.0,-8.0,0.0,,,,,,,,,,,,,,,,-1.1131678999999999,0.081079274,-0.9386663000000001,-1.3296407
382,640.0,0.0,3036.0,3036.0,8.0,3036.0,0.2,-8.0,-8.0,0.0,,,,,,,,,,,,,,,,-1.2555066000000001,0.060430099999999994,-1.0284323,-1.3716153
383,640.0,0.0,3044.0,3044.0,8.0,3044.0,0.2,-8.0,-8.0,0.0,,,,,,,,,,,,,,,,-1.1413447,0.10946526,-0.8398331,-1.3587904
384,640.0,0.0,3052.0,3052.0,8.0,3052.0,0.2,-8.0,-8.0,0.0,,,,,,,,,,,,,,,,-1.1744026,0.11373854,-0.9742122,-1.4023454
385,640.0,0.0,3060.0,3060.0,8.0,3060.0,0.2,-8.0,-8.0,0.0,,,,,,,,,,,,,,,,-1.1773725,0.08521905,-0.98007494,-1.3053271999999998
386,640.0,0.0,3068.0,3068.0,8.0,3068.0,0.2,-8.0,-8.0,1.0,,,,,,,,,,,,,,,,-1.170143,0.08990004,-0.9909098,-1.364007
387,680.0,0.0,3076.0,3076.0,8.0,3076.0,0.2,-8.0,-8.0,0.0,,,,,,,,,,,,,,,,-1.3265368999999998,0.12692249,-1.1120721000000002,-1.5551422
388,680.0,0.0,3084.0,3084.0,8.0,3084.0,0.2,-8.0,-8.0,0.0,,,,,,,,,,,,,,,,-1.2311649,0.16088136,-1.009283,-1.5591671
389,680.0,0.0,3092.0,3092.0,8.0,3092.0,0.2,-8.0,-8.0,0.0,,,,,,,,,,,,,,,,-1.1376871000000002,0.08767051,-0.9674575999999999,-1.4079492
390,680.0,0.0,3100.0,3100.0,8.0,3100.0,0.2,-8.0,-8.0,0.0,,,,,,,,,,,,,,,,-1.2695498,0.10595617,-1.0708516000000001,-1.4648723999999997
391,680.0,0.0,3108.0,3108.0,8.0,3108.0,0.2,-8.0,-8.0,0.0,,,,,,,,,,,,,,,,-1.1202621000000001,0.09273011,-0.93321687,-1.3616718
392,680.0,0.0,3116.0,3116.0,8.0,3116.0,0.2,-8.0,-8.0,0.0,,,,,,,,,,,,,,,,-1.0102705,0.11497497599999999,-0.7917569999999999,-1.23184
393,680.0,0.0,3124.0,3124.0,8.0,3124.0,0.2,-8.0,-8.0,0.0,,,,,,,,,,,,,,,,-1.0597811000000001,0.10181868,-0.8701565,-1.2141566000000001
394,680.0,0.0,3132.0,3132.0,8.0,3132.0,0.2,-8.0,-8.0,0.0,,,,,,,,,,,,,,,,-1.1014728999999999,0.10084491,-0.94024163,-1.3434701
395,680.0,0.0,3140.0,3140.0,8.0,3140.0,0.2,-8.0,-8.0,0.0,,,,,,,,,,,,,,,,-1.3253723,0.08912752,-1.1563752,-1.5271006
396,680.0,0.0,3148.0,3148.0,8.0,3148.0,0.2,-8.0,-8.0,0.0,,,,,,,,,,,,,,,,-1.1309234,0.12982781,-0.8612396999999999,-1.3737997
397,680.0,0.0,3156.0,3156.0,8.0,3156.0,0.2,-8.0,-8.0,0.0,,,,,,,,,,,,,,,,-1.2774883999999997,0.11157198,-1.0764917999999999,-1.5725316999999999
398,680.0,0.0,3158.0,3158.0,2.0,3158.0,0.2,-1.0,-1.0,0.0,,,,,,,,,,,,,,,,-1.0891485,0.11457977400000001,-0.8819492,-1.3538588
399,680.0,0.0,3166.0,3166.0,8.0,3166.0,0.2,-8.0,-8.0,0.0,,,,,,,,,,,,,,,,-1.2176788,0.079337224,-1.0747643,-1.3433781999999999
400,680.0,0.0,3174.0,3174.0,8.0,3174.0,0.2,-8.0,-8.0,0.0,,,,,,,,,,,,,,,,-1.2305571000000002,0.09205234,-1.0299065,-1.4254113000000002
401,680.0,0.0,3182.0,3182.0,8.0,3182.0,0.2,-8.0,-8.0,0.0,,,,,,,,,,,,,,,,-1.4647888,0.08425055,-1.3187753999999998,-1.6349274
402,680.0,0.0,3190.0,3190.0,8.0,3190.0,0.2,-8.0,-8.0,1.0,,,,,,,,,,,,,,,,-1.3062038,0.10561756,-1.1487739,-1.5216851
403,720.0,0.0,3198.0,3198.0,8.0,3198.0,0.2,-8.0,-8.0,0.0,,,,,,,,,,,,,,,,-1.3794187,0.106675595,-1.171775,-1.5551063999999999
404,720.0,0.0,3206.0,3206.0,8.0,3206.0,0.2,-8.0,-8.0,0.0,,,,,,,,,,,,,,,,-1.2143064,0.14411126,-0.9736049999999999,-1.4520415
405,720.0,0.0,3214.0,3214.0,8.0,3214.0,0.2,-8.0,-8.0,0.0,,,,,,,,,,,,,,,,-1.1796495,0.09349824,-0.9918826,-1.3791434
406,720.0,0.0,3222.0,3222.0,8.0,3222.0,0.2,-8.0,-8.0,0.0,,,,,,,,,,,,,,,,-1.3061129999999999,0.10990214,-1.0827128000000001,-1.5567844
407,720.0,0.0,3230.0,3230.0,8.0,3230.0,0.2,-8.0,-8.0,0.0,,,,,,,,,,,,,,,,-1.3537786,0.09222469999999999,-1.1866267,-1.6147958
408,720.0,0.0,3238.0,3238.0,8.0,3238.0,0.2,-8.0,-8.0,0.0,,,,,,,,,,,,,,,,-1.3251398,0.08887306,-1.148111,-1.5107626
409,720.0,0.0,3246.0,3246.0,8.0,3246.0,0.2,-8.0,-8.0,0.0,,,,,,,,,,,,,,,,-1.3485242,0.10612787,-1.081487,-1.504169
410,720.0,0.0,3254.0,3254.0,8.0,3254.0,0.2,-8.0,-8.0,0.0,,,,,,,,,,,,,,,,-1.3387156,0.091492735,-1.0909837,-1.5065316
411,720.0,0.0,3262.0,3262.0,8.0,3262.0,0.2,-8.0,-8.0,0.0,,,,,,,,,,,,,,,,-1.0356348,0.14106359,-0.7578444999999999,-1.2840966999999999
412,720.0,0.0,3270.0,3270.0,8.0,3270.0,0.2,-8.0,-8.0,0.0,,,,,,,,,,,,,,,,-1.2353361,0.1350571,-1.0242512,-1.5832454
413,720.0,0.0,3278.0,3278.0,8.0,3278.0,0.2,-8.0,-8.0,0.0,,,,,,,,,,,,,,,,-1.3749294,0.08582207,-1.2120699,-1.6177204
414,720.0,0.0,3286.0,3286.0,8.0,3286.0,0.2,-8.0,-8.0,0.0,,,,,,,,,,,,,,,,-1.2533443000000002,0.15207355,-0.9833603999999999,-1.4924628999999998
415,720.0,0.0,3294.0,3294.0,8.0,3294.0,0.2,-8.0,-8.0,0.0,,,,,,,,,,,,,,,,-1.2574993,0.10067168,-1.0036246,-1.4792041999999999
416,720.0,0.0,3302.0,3302.0,8.0,3302.0,0.2,-8.0,-8.0,0.0,,,,,,,,,,,,,,,,-1.3574553,0.07304796599999999,-1.2280545,-1.5903907
417,720.0,0.0,3310.0,3310.0,8.0,3310.0,0.2,-8.0,-8.0,0.0,,,,,,,,,,,,,,,,-1.3556213,0.07736894,-1.2308171,-1.5917132
418,720.0,0.0,3318.0,3318.0,8.0,3318.0,0.2,-8.0,-8.0,1.0,,,,,,,,,,,,,,,,-1.2941902,0.15707059,-1.0695077,-1.6877195
419,760.0,0.0,3326.0,3326.0,8.0,3326.0,0.2,-8.0,-8.0,0.0,,,,,,,,,,,,,,,,-1.429451,0.12786543,-1.1582598999999998,-1.6649445999999999
420,760.0,0.0,3334.0,3334.0,8.0,3334.0,0.2,-8.0,-8.0,0.0,,,,,,,,,,,,,,,,-1.3893408999999999,0.11971297,-1.1604653999999999,-1.708309
421,760.0,0.0,3342.0,3342.0,8.0,3342.0,0.2,-8.0,-8.0,0.0,,,,,,,,,,,,,,,,-1.3657383,0.10222259,-1.1106409,-1.548422
422,760.0,0.0,3350.0,3350.0,8.0,3350.0,0.2,-8.0,-8.0,0.0,,,,,,,,,,,,,,,,-1.3016828,0.11335910000000002,-1.1042094,-1.5020695
423,760.0,0.0,3358.0,3358.0,8.0,3358.0,0.2,-8.0,-8.0,0.0,,,,,,,,,,,,,,,,-1.1738132,0.11417524,-0.8940148000000001,-1.3642405
424,760.0,0.0,3366.0,3366.0,8.0,3366.0,0.2,-8.0,-8.0,0.0,,,,,,,,,,,,,,,,-1.2793787,0.09309924,-1.0814025,-1.4351143
425,760.0,0.0,3374.0,3374.0,8.0,3374.0,0.2,-8.0,-8.0,0.0,,,,,,,,,,,,,,,,-1.2385048,0.07503802,-1.0760450000000001,-1.4292288999999998
426,760.0,0.0,3382.0,3382.0,8.0,3382.0,0.2,-8.0,-8.0,0.0,,,,,,,,,,,,,,,,-1.4485253999999999,0.11761378,-1.222604,-1.732268
427,760.0,0.0,3390.0,3390.0,8.0,3390.0,0.2,-8.0,-8.0,0.0,,,,,,,,,,,,,,,,-1.3992088,0.14048904,-1.0386361,-1.6289132
428,760.0,0.0,3398.0,3398.0,8.0,3398.0,0.2,-8.0,-8.0,0.0,,,,,,,,,,,,,,,,-1.4161906000000002,0.1054828,-1.16104,-1.6395673
429,760.0,0.0,3406.0,3406.0,8.0,3406.0,0.2,-8.0,-8.0,0.0,,,,,,,,,,,,,,,,-1.4144995,0.1549471,-1.1633521,-1.7666683999999997
430,760.0,0.0,3414.0,3414.0,8.0,3414.0,0.2,-8.0,-8.0,0.0,,,,,,,,,,,,,,,,-1.3329785,0.08794753,-1.1875257,-1.5369334
431,760.0,0.0,3422.0,3422.0,8.0,3422.0,0.2,-8.0,-8.0,0.0,,,,,,,,,,,,,,,,-1.3971485000000001,0.09350749,-1.2047267,-1.6309091999999998
432,760.0,0.0,3430.0,3430.0,8.0,3430.0,0.2,-8.0,-8.0,0.0,,,,,,,,,,,,,,,,-1.3059193999999998,0.11941124,-1.0535356000000002,-1.6546470000000002
433,760.0,0.0,3438.0,3438.0,8.0,3438.0,0.2,-8.0,-8.0,0.0,,,,,,,,,,,,,,,,-1.4671358,0.08642664,-1.3312291,-1.6886733
434,760.0,0.0,3446.0,3446.0,8.0,3446.0,0.2,-8.0,-8.0,1.0,,,,,,,,,,,,,,,,-1.3652111999999998,0.1291612,-0.9711299000000001,-1.6558772000000002
435,800.0,0.0,3454.0,3454.0,8.0,3454.0,0.2,-8.0,-8.0,0.0,,,,,,,,,,,,,,,,-1.3987136999999998,0.09552747,-1.1521238999999999,-1.5966467
436,800.0,0.0,3462.0,3462.0,8.0,3462.0,0.2,-8.0,-8.0,0.0,,,,,,,,,,,,,,,,-1.4472742,0.10977133,-1.2399931999999998,-1.6786327
437,800.0,0.0,3470.0,3470.0,8.0,3470.0,0.2,-8.0,-8.0,0.0,,,,,,,,,,,,,,,,-1.299476,0.112860575,-1.0828152,-1.5068091000000001
438,800.0,0.0,3478.0,3478.0,8.0,3478.0,0.2,-8.0,-8.0,0.0,,,,,,,,,,,,,,,,-1.375557,0.09636187,-1.2218729,-1.6109934
439,800.0,0.0,3486.0,3486.0,8.0,3486.0,0.2,-8.0,-8.0,0.0,,,,,,,,,,,,,,,,-1.4114105,0.082171164,-1.1652441999999998,-1.5369906
440,800.0,0.0,3494.0,3494.0,8.0,3494.0,0.2,-8.0,-8.0,0.0,,,,,,,,,,,,,,,,-1.345882,0.07454488,-1.1812655,-1.5333408000000002
441,800.0,0.0,3502.0,3502.0,8.0,3502.0,0.2,-8.0,-8.0,0.0,,,,,,,,,,,,,,,,-1.3790401,0.10987497,-1.1844242,-1.6367981000000003
442,800.0,0.0,3510.0,3510.0,8.0,3510.0,0.2,-8.0,-8.0,0.0,,,,,,,,,,,,,,,,-1.4359328000000002,0.10507177,-1.2046497999999999,-1.7325548
443,800.0,0.0,3513.0,3513.0,3.0,3513.0,0.2,-2.0,-2.0,0.0,,,,,,,,,,,,,,,,-1.294694,0.116577394,-1.0238200000000002,-1.5263745000000002
444,800.0,0.0,3521.0,3521.0,8.0,3521.0,0.2,-8.0,-8.0,0.0,,,,,,,,,,,,,,,,-1.2144186000000001,0.121397585,-0.8821271,-1.4422579
445,800.0,0.0,3529.0,3529.0,8.0,3529.0,0.2,-8.0,-8.0,0.0,,,,,,,,,,,,,,,,-1.3256894,0.07513792,-1.1754972,-1.4714472
446,800.0,0.0,3537.0,3537.0,8.0,3537.0,0.2,-8.0,-8.0,0.0,,,,,,,,,,,,,,,,-1.2863387,0.102129854,-1.1326196000000002,-1.5029595
447,800.0,0.0,3545.0,3545.0,8.0,3545.0,0.2,-8.0,-8.0,0.0,,,,,,,,,,,,,,,,-1.3749263,0.08519035,-1.2001035,-1.5783118999999999
448,800.0,0.0,3553.0,3553.0,8.0,3553.0,0.2,-8.0,-8.0,0.0,,,,,,,,,,,,,,,,-1.3525478000000002,0.13120353,-1.1323919,-1.5204383999999997
449,800.0,0.0,3555.0,3555.0,2.0,3555.0,0.2,-1.0,-1.0,0.0,,,,,,,,,,,,,,,,-1.4339292,0.08589697,-1.2400973,-1.557839
450,800.0,0.0,3563.0,3563.0,8.0,3563.0,0.2,-8.0,-8.0,0.0,,,,,,,,,,,,,,,,-1.4174758,0.14012244,-1.1339731000000002,-1.7307749
451,840.0,0.0,3571.0,3571.0,8.0,3571.0,0.2,-8.0,-8.0,0.0,,,,,,,,,,,,,,,,-1.4884802,0.09347429,-1.2822802,-1.6917919
452,840.0,0.0,3579.0,3579.0,8.0,3579.0,0.2,-8.0,-8.0,0.0,,,,,,,,,,,,,,,,-1.4417236,0.09017542,-1.2075288,-1.6065428
453,840.0,0.0,3587.0,3587.0,8.0,3587.0,0.2,-8.0,-8.0,0.0,,,,,,,,,,,,,,,,-1.5580832,0.11669569999999999,-1.3104004999999999,-1.8629427
454,840.0,0.0,3595.0,3595.0,8.0,3595.0,0.2,-8.0,-8.0,0.0,,,,,,,,,,,,,,,,-1.4274453999999999,0.14009403,-1.1833124,-1.7112166000000002
455,840.0,0.0,3603.0,3603.0,8.0,3603.0,0.2,-8.0,-8.0,0.0,,,,,,,,,,,,,,,,-1.6203703,0.12340741,-1.41275,-1.8679868999999998
456,840.0,0.0,3611.0,3611.0,8.0,3611.0,0.2,-8.0,-8.0,0.0,,,,,,,,,,,,,,,,-1.3401111,0.12654054,-1.0993540000000002,-1.6418107
457,840.0,0.0,3619.0,3619.0,8.0,3619.0,0.2,-8.0,-8.0,0.0,,,,,,,,,,,,,,,,-1.4594473,0.11305773,-1.1823213,-1.6697354
458,840.0,0.0,3627.0,3627.0,8.0,3627.0,0.2,-8.0,-8.0,0.0,,,,,,,,,,,,,,,,-1.4897293,0.11419949,-1.2922924999999998,-1.7600886999999998
459,840.0,0.0,3635.0,3635.0,8.0,3635.0,0.2,-8.0,-8.0,0.0,,,,,,,,,,,,,,,,-1.5243118999999998,0.11381826,-1.3338007,-1.8097601000000003
460,840.0,0.0,3643.0,3643.0,8.0,3643.0,0.2,-8.0,-8.0,0.0,,,,,,,,,,,,,,,,-1.4751379999999998,0.10726641,-1.2910721,-1.7052258000000002
461,840.0,0.0,3651.0,3651.0,8.0,3651.0,0.2,-8.0,-8.0,0.0,,,,,,,,,,,,,,,,-1.4549747,0.12739846,-1.2606964,-1.8114529
462,840.0,0.0,3659.0,3659.0,8.0,3659.0,0.2,-8.0,-8.0,0.0,,,,,,,,,,,,,,,,-1.4897528,0.111840576,-1.303857,-1.7443407
463,840.0,0.0,3667.0,3667.0,8.0,3667.0,0.2,-8.0,-8.0,0.0,,,,,,,,,,,,,,,,-1.5302546000000001,0.12763728,-1.2130374,-1.7688256999999998
464,840.0,0.0,3675.0,3675.0,8.0,3675.0,0.2,-8.0,-8.0,0.0,,,,,,,,,,,,,,,,-1.5934137,0.11298589999999999,-1.34992,-1.8309256999999999
465,840.0,0.0,3683.0,3683.0,8.0,3683.0,0.2,-7.0,-7.0,0.0,,,,,,,,,,,,,,,,-1.1917158,0.100229695,-0.9202440000000001,-1.34509
466,840.0,0.0,3691.0,3691.0,8.0,3691.0,0.2,-8.0,-8.0,1.0,,,,,,,,,,,,,,,,-1.4892916999999999,0.09439415,-1.2713726,-1.6374233999999999
467,880.0,0.0,3699.0,3699.0,8.0,3699.0,0.2,-8.0,-8.0,0.0,,,,,,,,,,,,,,,,-1.5006196000000003,0.119403526,-1.2098502,-1.7280533
468,880.0,0.0,3707.0,3707.0,8.0,3707.0,0.2,-8.0,-8.0,0.0,,,,,,,,,,,,,,,,-1.5337818,0.116498,-1.2847598999999998,-1.7044754
469,880.0,0.0,3715.0,3715.0,8.0,3715.0,0.2,-8.0,-8.0,0.0,,,,,,,,,,,,,,,,-1.4972187,0.11208137,-1.201832,-1.7230959
470,880.0,0.0,3723.0,3723.0,8.0,3723.0,0.2,-8.0,-8.0,0.0,,,,,,,,,,,,,,,,-1.3453548999999998,0.072719336,-1.1884629999999998,-1.4473152
471,880.0,0.0,3731.0,3731.0,8.0,3731.0,0.2,-8.0,-8.0,0.0,,,,,,,,,,,,,,,,-1.3571271999999999,0.13195710000000002,-1.0034087999999999,-1.5977893
472,880.0,0.0,3739.0,3739.0,8.0,3739.0,0.2,-8.0,-8.0,0.0,,,,,,,,,,,,,,,,-1.4632673,0.12518774,-1.1911875,-1.7682345000000002
473,880.0,0.0,3747.0,3747.0,8.0,3747.0,0.2,-8.0,-8.0,0.0,,,,,,,,,,,,,,,,-1.4062238999999999,0.14615451,-1.1520653,-1.6987633999999998
474,880.0,0.0,3755.0,3755.0,8.0,3755.0,0.2,-8.0,-8.0,0.0,,,,,,,,,,,,,,,,-1.3182498,0.12324595,-1.1380135,-1.6083139
475,880.0,0.0,3763.0,3763.0,8.0,3763.0,0.2,-8.0,-8.0,0.0,,,,,,,,,,,,,,,,-1.2113341999999998,0.12472065,-0.9806815999999999,-1.5594769
476,880.0,0.0,3771.0,3771.0,8.0,3771.0,0.2,-8.0,-8.0,0.0,,,,,,,,,,,,,,,,-1.5072313999999998,0.12574753,-1.3625836,-1.780805
477,880.0,0.0,3779.0,3779.0,8.0,3779.0,0.2,-8.0,-8.0,0.0,,,,,,,,,,,,,,,,-1.4819592,0.088192105,-1.2613076,-1.6439346999999997
478,880.0,0.0,3787.0,3787.0,8.0,3787.0,0.2,-8.0,-8.0,0.0,,,,,,,,,,,,,,,,-1.2944811999999999,0.15918006,-1.0658249,-1.6633803
479,880.0,0.0,3795.0,3795.0,8.0,3795.0,0.2,-8.0,-8.0,0.0,,,,,,,,,,,,,,,,-1.4603701999999998,0.14099911,-1.1736523,-1.7176746999999999
480,880.0,0.0,3803.0,3803.0,8.0,3803.0,0.2,-8.0,-8.0,0.0,,,,,,,,,,,,,,,,-1.4076551000000002,0.06276121,-1.3080283000000001,-1.5770799
481,880.0,0.0,3811.0,3811.0,8.0,3811.0,0.2,-8.0,-8.0,0.0,,,,,,,,,,,,,,,,-1.5567066999999999,0.14395076,-1.3301690000000002,-1.7522128000000001
482,880.0,0.0,3819.0,3819.0,8.0,3819.0,0.2,-8.0,-8.0,1.0,,,,,,,,,,,,,,,,-1.3920195,0.179743,-1.0821598,-1.6751747
483,920.0,0.0,3827.0,3827.0,8.0,3827.0,0.2,-8.0,-8.0,0.0,,,,,,,,,,,,,,,,-1.4689202,0.17619619,-1.0867106000000002,-1.8311523
484,920.0,0.0,3835.0,3835.0,8.0,3835.0,0.2,-8.0,-8.0,0.0,,,,,,,,,,,,,,,,-1.5596799,0.14484602,-1.255061,-1.8600256000000002
485,920.0,0.0,3843.0,3843.0,8.0,3843.0,0.2,-8.0,-8.0,0.0,,,,,,,,,,,,,,,,-1.2918329,0.11012502,-0.99834436,-1.4337121000000002
486,920.0,0.0,3851.0,3851.0,8.0,3851.0,0.2,-8.0,-8.0,0.0,,,,,,,,,,,,,,,,-1.4769434,0.12361189,-1.2454268999999998,-1.6941998999999999
487,920.0,0.0,3859.0,3859.0,8.0,3859.0,0.2,-8.0,-8.0,0.0,,,,,,,,,,,,,,,,-1.4832515,0.13263226,-1.2458281999999998,-1.7446598999999998
488,920.0,0.0,3867.0,3867.0,8.0,3867.0,0.2,-8.0,-8.0,0.0,,,,,,,,,,,,,,,,-1.4765628999999998,0.09480475,-1.2524545,-1.7096158
489,920.0,0.0,3875.0,3875.0,8.0,3875.0,0.2,-8.0,-8.0,0.0,,,,,,,,,,,,,,,,-1.6020153999999998,0.10574671599999999,-1.3253601000000002,-1.8927293
490,920.0,0.0,3883.0,3883.0,8.0,3883.0,0.2,-8.0,-8.0,0.0,,,,,,,,,,,,,,,,-1.5569389,0.11905258,-1.3169315000000001,-1.7565557
491,920.0,0.0,3891.0,3891.0,8.0,3891.0,0.2,-8.0,-8.0,0.0,,,,,,,,,,,,,,,,-1.5773153999999998,0.07448866,-1.3756906999999998,-1.6791977999999999
492,920.0,0.0,3899.0,3899.0,8.0,3899.0,0.2,-8.0,-8.0,0.0,,,,,,,,,,,,,,,,-1.5975700000000002,0.11773088599999999,-1.3321505,-1.7479040000000001
493,920.0,0.0,3907.0,3907.0,8.0,3907.0,0.2,-8.0,-8.0,0.0,,,,,,,,,,,,,,,,-1.6109972,0.14007391,-1.337688,-1.8922055
494,920.0,0.0,3915.0,3915.0,8.0,3915.0,0.2,-8.0,-8.0,0.0,,,,,,,,,,,,,,,,-1.6195011000000001,0.140536,-1.3731233,-1.8363351000000003
495,920.0,0.0,3923.0,3923.0,8.0,3923.0,0.2,-8.0,-8.0,0.0,,,,,,,,,,,,,,,,-1.4959706,0.11892775,-1.2851438999999998,-1.7977241999999998
496,920.0,0.0,3931.0,3931.0,8.0,3931.0,0.2,-7.0,-7.0,0.0,,,,,,,,,,,,,,,,-1.5073508999999998,0.11826996,-1.320948,-1.7773772
497,920.0,0.0,3939.0,3939.0,8.0,3939.0,0.2,-8.0,-8.0,0.0,,,,,,,,,,,,,,,,-1.5023631000000002,0.11316487,-1.2577,-1.7528578000000001
498,920.0,0.0,3947.0,3947.0,8.0,3947.0,0.2,-8.0,-8.0,1.0,,,,,,,,,,,,,,,,-1.5636485,0.11820019999999999,-1.3730729,-1.7651546000000002
499,960.0,0.0,3955.0,3955.0,8.0,3955.0,0.2,-8.0,-8.0,0.0,,,,,,,,,,,,,,,,-1.6213356,0.09411317,-1.4927448,-1.8851287
500,960.0,0.0,3963.0,3963.0,8.0,3963.0,0.2,-8.0,-8.0,0.0,,,,,,,,,,,,,,,,-1.5744768,0.09683913,-1.391419,-1.7825955000000002
501,960.0,0.0,3971.0,3971.0,8.0,3971.0,0.2,-8.0,-8.0,0.0,,,,,,,,,,,,,,,,-1.5266832000000001,0.14175697,-1.1501153999999998,-1.8453
502,960.0,0.0,3979.0,3979.0,8.0,3979.0,0.2,-8.0,-8.0,0.0,,,,,,,,,,,,,,,,-1.57387,0.111638054,-1.2949947,-1.7676868000000001
503,960.0,0.0,3987.0,3987.0,8.0,3987.0,0.2,-8.0,-8.0,0.0,,,,,,,,,,,,,,,,-1.3874918,0.12092643,-1.0760593,-1.597758
504,960.0,0.0,3995.0,3995.0,8.0,3995.0,0.2,-8.0,-8.0,0.0,,,,,,,,,,,,,,,,-1.3519466,0.109453745,-1.1174993999999998,-1.5743473999999997
505,960.0,0.0,4003.0,4003.0,8.0,4003.0,0.2,-8.0,-8.0,0.0,,,,,,,,,,,,,,,,-1.4906706,0.13901195,-1.2677757,-1.7511511999999998
506,960.0,0.0,4011.0,4011.0,8.0,4011.0,0.2,-8.0,-8.0,0.0,,,,,,,,,,,,,,,,-1.5425543,0.12017957,-1.33172,-1.8234921999999998
507,960.0,0.0,4012.0,4012.0,1.0,4012.0,0.2,0.0,0.0,0.0,,,,,,,,,,,,,,,,,,,
508,960.0,0.0,4020.0,4020.0,8.0,4020.0,0.2,-8.0,-8.0,0.0,,,,,,,,,,,,,,,,-1.4681008,0.11494374,-1.2705916000000002,-1.6831589
509,960.0,0.0,4028.0,4028.0,8.0,4028.0,0.2,-8.0,-8.0,0.0,,,,,,,,,,,,,,,,-1.7277956,0.10982563,-1.4477946000000002,-1.9397163
510,960.0,0.0,4036.0,4036.0,8.0,4036.0,0.2,-8.0,-8.0,0.0,,,,,,,,,,,,,,,,-1.4533185,0.13417324,-1.1211263,-1.7784387
511,960.0,0.0,4044.0,4044.0,8.0,4044.0,0.2,-8.0,-8.0,0.0,,,,,,,,,,,,,,,,-1.7099031000000002,0.1435894,-1.3846983999999998,-1.900051
512,960.0,0.0,4052.0,4052.0,8.0,4052.0,0.2,-8.0,-8.0,0.0,,,,,,,,,,,,,,,,-1.5187293,0.12463267,-1.1872323,-1.7842671
513,960.0,0.0,4060.0,4060.0,8.0,4060.0,0.2,-8.0,-8.0,0.0,,,,,,,,,,,,,,,,-1.5931084,0.14291306,-1.2718953000000002,-1.9329563000000003
514,960.0,0.0,4068.0,4068.0,8.0,4068.0,0.2,-8.0,-8.0,1.0,,,,,,,,,,,,,,,,-1.5271544,0.12270719999999999,-1.1155781999999999,-1.7850933999999998
515,1000.0,0.0,4076.0,4076.0,8.0,4076.0,0.2,-8.0,-8.0,0.0,,,,,,,,,,,,,,,,-1.7085826000000002,0.1122628,-1.5415256000000002,-1.9294491000000003
516,1000.0,0.0,4084.0,4084.0,8.0,4084.0,0.2,-8.0,-8.0,0.0,,,,,,,,,,,,,,,,-1.5460303,0.12052156,-1.3406835,-1.7928042000000002
517,1000.0,0.0,4092.0,4092.0,8.0,4092.0,0.2,-8.0,-8.0,0.0,,,,,,,,,,,,,,,,-1.6871508000000002,0.12684646,-1.4326913000000001,-2.1449482000000004
518,1000.0,0.0,4100.0,4100.0,8.0,4100.0,0.2,-8.0,-8.0,0.0,,,,,,,,,,,,,,,,-1.614849,0.086199544,-1.4821514999999998,-1.8303993000000003
519,1000.0,0.0,4108.0,4108.0,8.0,4108.0,0.2,-8.0,-8.0,0.0,,,,,,,,,,,,,,,,-1.5672833000000002,0.10603147,-1.3561896999999998,-1.8533694
520,1000.0,0.0,4116.0,4116.0,8.0,4116.0,0.2,-8.0,-8.0,0.0,,,,,,,,,,,,,,,,-1.5858089,0.13588749,-1.3082607,-1.9335856
521,1000.0,0.0,4124.0,4124.0,8.0,4124.0,0.2,-8.0,-8.0,0.0,,,,,,,,,,,,,,,,-1.521616,0.10716619,-1.2726197,-1.7935964
522,1000.0,0.0,4132.0,4132.0,8.0,4132.0,0.2,-8.0,-8.0,0.0,,,,,,,,,,,,,,,,-1.4925684,0.09761345,-1.3239952,-1.6973552
523,1000.0,0.0,4140.0,4140.0,8.0,4140.0,0.2,-8.0,-8.0,0.0,,,,,,,,,,,,,,,,-1.5033246,0.14717944,-1.2489791000000001,-1.8615596999999997
524,1000.0,0.0,4148.0,4148.0,8.0,4148.0,0.2,-8.0,-8.0,0.0,,,,,,,,,,,,,,,,-1.5941051000000002,0.10825677,-1.344034,-1.7868493000000003
525,1000.0,0.0,4156.0,4156.0,8.0,4156.0,0.2,-8.0,-8.0,0.0,,,,,,,,,,,,,,,,-1.4815353,0.18209302,-1.0560592,-1.8232578999999998
526,1000.0,0.0,4164.0,4164.0,8.0,4164.0,0.2,-8.0,-8.0,0.0,,,,,,,,,,,,,,,,-1.5557146000000002,0.11320979,-1.3478587,-1.8369414000000002
527,1000.0,0.0,4172.0,4172.0,8.0,4172.0,0.2,-8.0,-8.0,0.0,,,,,,,,,,,,,,,,-1.4841393999999999,0.11536831,-1.2042215,-1.7290825
528,1000.0,0.0,4180.0,4180.0,8.0,4180.0,0.2,-8.0,-8.0,0.0,,,,,,,,,,,,,,,,-1.5593373,0.16470096,-1.2662993999999999,-1.9776444
529,1000.0,0.0,4188.0,4188.0,8.0,4188.0,0.2,-8.0,-8.0,0.0,,,,,,,,,,,,,,,,-1.6092858,0.1098805,-1.3268931000000002,-1.85447
530,1000.0,0.0,4196.0,4196.0,8.0,4196.0,0.2,-8.0,-8.0,0.0,,,,,,,,,,,,,,,,-1.7724463,0.06300149,-1.6196635,-1.8979542
531,1040.0,0.0,4204.0,4204.0,8.0,4204.0,0.2,-8.0,-8.0,0.0,,,,,,,,,,,,,,,,-1.7463949,0.12264172,-1.5216848,-1.9686491000000002
532,1040.0,0.0,4212.0,4212.0,8.0,4212.0,0.2,-8.0,-8.0,0.0,,,,,,,,,,,,,,,,-1.6034038000000002,0.10650092,-1.4244666000000001,-1.8610935000000002
533,1040.0,0.0,4220.0,4220.0,8.0,4220.0,0.2,-8.0,-8.0,0.0,,,,,,,,,,,,,,,,-1.7166366999999998,0.11150784,-1.3988133999999999,-1.9807055
534,1040.0,0.0,4228.0,4228.0,8.0,4228.0,0.2,-8.0,-8.0,0.0,,,,,,,,,,,,,,,,-1.6544696,0.109496176,-1.4480127,-1.8399131000000002
535,1040.0,0.0,4236.0,4236.0,8.0,4236.0,0.2,-8.0,-8.0,0.0,,,,,,,,,,,,,,,,-1.6601753000000001,0.09700051,-1.4854020000000001,-1.8207653000000001
536,1040.0,0.0,4244.0,4244.0,8.0,4244.0,0.2,-8.0,-8.0,0.0,,,,,,,,,,,,,,,,-1.6986546999999999,0.123106085,-1.4407483,-1.8911278000000002
537,1040.0,0.0,4252.0,4252.0,8.0,4252.0,0.2,-8.0,-8.0,0.0,,,,,,,,,,,,,,,,-1.7835936999999997,0.11419685,-1.4759608999999998,-1.9728147
538,1040.0,0.0,4260.0,4260.0,8.0,4260.0,0.2,-8.0,-8.0,0.0,,,,,,,,,,,,,,,,-1.5838537,0.13331322,-1.2507461000000002,-1.7653419999999997
539,1040.0,0.0,4268.0,4268.0,8.0,4268.0,0.2,-8.0,-8.0,0.0,,,,,,,,,,,,,,,,-1.6184773000000001,0.09436605,-1.4567426,-1.8328119999999999
540,1040.0,0.0,4276.0,4276.0,8.0,4276.0,0.2,-8.0,-8.0,0.0,,,,,,,,,,,,,,,,-1.7385924,0.14830887,-1.4754797,-2.0753078
541,1040.0,0.0,4284.0,4284.0,8.0,4284.0,0.2,-8.0,-8.0,0.0,,,,,,,,,,,,,,,,-1.6009728,0.11925858,-1.2908441000000002,-1.7550128
542,1040.0,0.0,4292.0,4292.0,8.0,4292.0,0.2,-8.0,-8.0,0.0,,,,,,,,,,,,,,,,-1.5840961,0.14170757,-1.3057069,-1.946498
543,1040.0,0.0,4295.0,4295.0,3.0,4295.0,0.2,-2.0,-2.0,0.0,,,,,,,,,,,,,,,,-1.6664491999999997,0.13569309,-1.3821456,-1.908981
544,1040.0,0.0,4303.0,4303.0,8.0,4303.0,0.2,-8.0,-8.0,0.0,,,,,,,,,,,,,,,,-1.6478655,0.12060896,-1.3523228999999999,-1.9819235
545,1040.0,0.0,4311.0,4311.0,8.0,4311.0,0.2,-8.0,-8.0,0.0,,,,,,,,,,,,,,,,-1.4397151000000001,0.13406381,-1.2485412,-1.7111318
546,1040.0,0.0,4312.0,4312.0,1.0,4312.0,0.2,0.0,0.0,1.0,,,,,,,,,,,,,,,,,,,
547,1080.0,0.0,4320.0,4320.0,8.0,4320.0,0.2,-8.0,-8.0,0.0,,,,,,,,,,,,,,,,-1.6343448999999999,0.10927073,-1.3363049,-1.8077128
548,1080.0,0.0,4328.0,4328.0,8.0,4328.0,0.2,-8.0,-8.0,0.0,,,,,,,,,,,,,,,,-1.780933,0.13553388,-1.4723336999999999,-2.0591744999999997
549,1080.0,0.0,4336.0,4336.0,8.0,4336.0,0.2,-8.0,-8.0,0.0,,,,,,,,,,,,,,,,-1.6708786,0.1362369,-1.3995438,-2.0200120999999998
550,1080.0,0.0,4344.0,4344.0,8.0,4344.0,0.2,-8.0,-8.0,0.0,,,,,,,,,,,,,,,,-1.8497814,0.115727,-1.5691749,-2.1137152
551,1080.0,0.0,4352.0,4352.0,8.0,4352.0,0.2,-8.0,-8.0,0.0,,,,,,,,,,,,,,,,-1.6892381999999997,0.1592649,-1.2122757,-2.0616205
552,1080.0,0.0,4360.0,4360.0,8.0,4360.0,0.2,-8.0,-8.0,0.0,,,,,,,,,,,,,,,,-1.7858623,0.12256754,-1.4274216999999998,-2.0914984
553,1080.0,0.0,4368.0,4368.0,8.0,4368.0,0.2,-8.0,-8.0,0.0,,,,,,,,,,,,,,,,-1.7148738999999997,0.08662018,-1.5149481000000002,-1.8709292000000002
554,1080.0,0.0,4376.0,4376.0,8.0,4376.0,0.2,-8.0,-8.0,0.0,,,,,,,,,,,,,,,,-1.6907127,0.11658117,-1.4382957,-1.9635029999999998
555,1080.0,0.0,4384.0,4384.0,8.0,4384.0,0.2,-8.0,-8.0,0.0,,,,,,,,,,,,,,,,-1.7174890999999999,0.09306384,-1.567266,-1.9360009999999999
556,1080.0,0.0,4392.0,4392.0,8.0,4392.0,0.2,-8.0,-8.0,0.0,,,,,,,,,,,,,,,,-1.8018168999999997,0.12655367,-1.5840326999999998,-2.0715303
557,1080.0,0.0,4400.0,4400.0,8.0,4400.0,0.2,-8.0,-8.0,0.0,,,,,,,,,,,,,,,,-1.7198243000000002,0.12534575,-1.4766881,-1.94302
558,1080.0,0.0,4408.0,4408.0,8.0,4408.0,0.2,-8.0,-8.0,0.0,,,,,,,,,,,,,,,,-1.7071857,0.15734285,-1.2726642,-1.9728272
559,1080.0,0.0,4416.0,4416.0,8.0,4416.0,0.2,-8.0,-8.0,0.0,,,,,,,,,,,,,,,,-1.897377,0.11598201,-1.6391924999999998,-2.1088989
560,1080.0,0.0,4424.0,4424.0,8.0,4424.0,0.2,-8.0,-8.0,0.0,,,,,,,,,,,,,,,,-1.6609566999999998,0.13994235,-1.4505516999999999,-1.929863
561,1080.0,0.0,4432.0,4432.0,8.0,4432.0,0.2,-8.0,-8.0,0.0,,,,,,,,,,,,,,,,-1.6469116999999998,0.09691755,-1.4518517,-1.9076779
562,1080.0,0.0,4440.0,4440.0,8.0,4440.0,0.2,-8.0,-8.0,1.0,,,,,,,,,,,,,,,,-1.6054786,0.13961999,-1.3508171,-1.9046286000000001
563,1120.0,0.0,4448.0,4448.0,8.0,4448.0,0.2,-8.0,-8.0,0.0,,,,,,,,,,,,,,,,-1.6779080000000002,0.14271143,-1.4105238000000002,-2.0383796999999997
564,1120.0,0.0,4456.0,4456.0,8.0,4456.0,0.2,-8.0,-8.0,0.0,,,,,,,,,,,,,,,,-1.6981366000000002,0.18100929999999998,-1.1989906000000001,-2.012163
565,1120.0,0.0,4464.0,4464.0,8.0,4464.0,0.2,-8.0,-8.0,0.0,,,,,,,,,,,,,,,,-1.7581679000000001,0.17062771,-1.4555508,-2.1148724999999997
566,1120.0,0.0,4472.0,4472.0,8.0,4472.0,0.2,-8.0,-8.0,0.0,,,,,,,,,,,,,,,,-1.5173713,0.15196262,-1.2483784,-1.7822023999999999
567,1120.0,0.0,4480.0,4480.0,8.0,4480.0,0.2,-8.0,-8.0,0.0,,,,,,,,,,,,,,,,-1.7453413,0.13818239999999998,-1.2782956,-1.9667588
568,1120.0,0.0,4488.0,4488.0,8.0,4488.0,0.2,-8.0,-8.0,0.0,,,,,,,,,,,,,,,,-1.7823707999999998,0.14642547,-1.5540051000000001,-2.1279716
569,1120.0,0.0,4496.0,4496.0,8.0,4496.0,0.2,-8.0,-8.0,0.0,,,,,,,,,,,,,,,,-1.7581825,0.14960928,-1.4315243999999998,-2.0864346
570,1120.0,0.0,4504.0,4504.0,8.0,4504.0,0.2,-8.0,-8.0,0.0,,,,,,,,,,,,,,,,-1.5900868000000001,0.1558829,-1.3399074,-1.9434351000000003
571,1120.0,0.0,4512.0,4512.0,8.0,4512.0,0.2,-8.0,-8.0,0.0,,,,,,,,,,,,,,,,-1.6641287,0.12357993,-1.3813280000000001,-1.96482
572,1120.0,0.0,4520.0,4520.0,8.0,4520.0,0.2,-8.0,-8.0,0.0,,,,,,,,,,,,,,,,-1.7583561,0.17126729,-1.4827683,-2.0625904
573,1120.0,0.0,4528.0,4528.0,8.0,4528.0,0.2,-8.0,-8.0,0.0,,,,,,,,,,,,,,,,-1.7158977999999998,0.11061306,-1.4853736000000002,-1.9057494
574,1120.0,0.0,4536.0,4536.0,8.0,4536.0,0.2,-8.0,-8.0,0.0,,,,,,,,,,,,,,,,-1.6417468000000002,0.08451377,-1.4987055,-1.8178787
575,1120.0,0.0,4544.0,4544.0,8.0,4544.0,0.2,-8.0,-8.0,0.0,,,,,,,,,,,,,,,,-1.5700806,0.102705665,-1.3191243000000001,-1.8350227
576,1120.0,0.0,4552.0,4552.0,8.0,4552.0,0.2,-8.0,-8.0,0.0,,,,,,,,,,,,,,,,-1.6587609,0.14110078,-1.4568045,-1.9128711999999999
577,1120.0,0.0,4560.0,4560.0,8.0,4560.0,0.2,-8.0,-8.0,0.0,,,,,,,,,,,,,,,,-1.7792,0.13583541,-1.4803516,-2.0115752000000002
578,1120.0,0.0,4568.0,4568.0,8.0,4568.0,0.2,-8.0,-8.0,1.0,,,,,,,,,,,,,,,,-1.5269393999999998,0.15690252,-1.1639297,-1.9467933999999998
579,1160.0,0.0,4576.0,4576.0,8.0,4576.0,0.2,-8.0,-8.0,0.0,,,,,,,,,,,,,,,,-1.7357379000000002,0.14565279999999997,-1.4985235000000001,-2.180238
580,1160.0,0.0,4584.0,4584.0,8.0,4584.0,0.2,-8.0,-8.0,0.0,,,,,,,,,,,,,,,,-1.5717743999999998,0.15148698,-1.3192146999999999,-1.836401
581,1160.0,0.0,4592.0,4592.0,8.0,4592.0,0.2,-8.0,-8.0,0.0,,,,,,,,,,,,,,,,-1.7946581000000001,0.13040443,-1.4041667,-2.0311913
582,1160.0,0.0,4600.0,4600.0,8.0,4600.0,0.2,-8.0,-8.0,0.0,,,,,,,,,,,,,,,,-1.5127455,0.104973204,-1.3038538,-1.6734631000000002
583,1160.0,0.0,4608.0,4608.0,8.0,4608.0,0.2,-8.0,-8.0,0.0,,,,,,,,,,,,,,,,-1.7016012999999999,0.15910220000000003,-1.2362454999999999,-1.9059271
584,1160.0,0.0,4616.0,4616.0,8.0,4616.0,0.2,-8.0,-8.0,0.0,,,,,,,,,,,,,,,,-1.7281223999999997,0.18527769,-1.4473438,-2.197987
585,1160.0,0.0,4624.0,4624.0,8.0,4624.0,0.2,-8.0,-8.0,0.0,,,,,,,,,,,,,,,,-1.7150040000000002,0.14203428,-1.4306746000000001,-1.9562506999999998
586,1160.0,0.0,4632.0,4632.0,8.0,4632.0,0.2,-8.0,-8.0,0.0,,,,,,,,,,,,,,,,-1.6462811999999998,0.10668714,-1.4523458,-1.8704337
587,1160.0,0.0,4640.0,4640.0,8.0,4640.0,0.2,-8.0,-8.0,0.0,,,,,,,,,,,,,,,,-1.6128432,0.17980245,-1.1980253,-2.0565054
588,1160.0,0.0,4648.0,4648.0,8.0,4648.0,0.2,-8.0,-8.0,0.0,,,,,,,,,,,,,,,,-1.6623101999999998,0.11516148,-1.441094,-1.8011207999999999
589,1160.0,0.0,4656.0,4656.0,8.0,4656.0,0.2,-8.0,-8.0,0.0,,,,,,,,,,,,,,,,-1.7341129000000002,0.17450097,-1.3724009,-2.1091623
590,1160.0,0.0,4664.0,4664.0,8.0,4664.0,0.2,-8.0,-8.0,0.0,,,,,,,,,,,,,,,,-1.7439772,0.14659867,-1.4362238999999999,-1.9504776999999998
591,1160.0,0.0,4672.0,4672.0,8.0,4672.0,0.2,-8.0,-8.0,0.0,,,,,,,,,,,,,,,,-1.6603593999999997,0.12662496,-1.4094856000000002,-1.8468924999999998
592,1160.0,0.0,4680.0,4680.0,8.0,4680.0,0.2,-8.0,-8.0,0.0,,,,,,,,,,,,,,,,-1.6645517,0.11730463,-1.4310489,-1.8834473999999999
593,1160.0,0.0,4688.0,4688.0,8.0,4688.0,0.2,-8.0,-8.0,0.0,,,,,,,,,,,,,,,,-1.6595978,0.09901426,-1.4529752,-1.8618560000000002
594,1160.0,0.0,4696.0,4696.0,8.0,4696.0,0.2,-8.0,-8.0,1.0,,,,,,,,,,,,,,,,-1.6378868,0.13453855,-1.4163953,-1.9668849
595,1200.0,0.0,4704.0,4704.0,8.0,4704.0,0.2,-8.0,-8.0,0.0,,,,,,,,,,,,,,,,-1.8034747,0.18015459,-1.4433969,-2.1808487999999997
596,1200.0,0.0,4712.0,4712.0,8.0,4712.0,0.2,-8.0,-8.0,0.0,,,,,,,,,,,,,,,,-1.7074528999999998,0.14805605,-1.3784094,-1.9878218999999997
597,1200.0,0.0,4720.0,4720.0,8.0,4720.0,0.2,-8.0,-8.0,0.0,,,,,,,,,,,,,,,,-1.6904566000000003,0.109885834,-1.4731364,-1.9129294
598,1200.0,0.0,4728.0,4728.0,8.0,4728.0,0.2,-8.0,-8.0,0.0,,,,,,,,,,,,,,,,-1.9167477,0.07830544,-1.7671328999999998,-2.0655842
599,1200.0,0.0,4736.0,4736.0,8.0,4736.0,0.2,-8.0,-8.0,0.0,,,,,,,,,,,,,,,,-1.7083653000000003,0.11067888,-1.3913252,-1.8923140999999999
600,1200.0,0.0,4744.0,4744.0,8.0,4744.0,0.2,-8.0,-8.0,0.0,,,,,,,,,,,,,,,,-1.7130951,0.13681415,-1.4764888,-2.064677
601,1200.0,0.0,4752.0,4752.0,8.0,4752.0,0.2,-8.0,-8.0,0.0,,,,,,,,,,,,,,,,-1.6627675,0.1337908,-1.4138283999999999,-1.8545703000000002
602,1200.0,0.0,4760.0,4760.0,8.0,4760.0,0.2,-8.0,-8.0,0.0,,,,,,,,,,,,,,,,-1.6155123,0.0943311,-1.3932046999999999,-1.8311244
603,1200.0,0.0,4768.0,4768.0,8.0,4768.0,0.2,-8.0,-8.0,0.0,,,,,,,,,,,,,,,,-1.6649918999999997,0.10726142,-1.3900620000000001,-1.9363046000000002
604,1200.0,0.0,4776.0,4776.0,8.0,4776.0,0.2,-8.0,-8.0,0.0,,,,,,,,,,,,,,,,-1.8612540000000002,0.13610999999999998,-1.5168700000000002,-2.1097952999999996
605,1200.0,0.0,4784.0,4784.0,8.0,4784.0,0.2,-8.0,-8.0,0.0,,,,,,,,,,,,,,,,-1.5862964,0.13008788,-1.2732531,-1.8610404999999999
606,1200.0,0.0,4792.0,4792.0,8.0,4792.0,0.2,-8.0,-8.0,0.0,,,,,,,,,,,,,,,,-1.8673006999999997,0.08654458,-1.6747051,-2.0411208
607,1200.0,0.0,4800.0,4800.0,8.0,4800.0,0.2,-8.0,-8.0,0.0,,,,,,,,,,,,,,,,-1.8373531000000003,0.1258981,-1.6037642,-2.1467965
608,1200.0,0.0,4808.0,4808.0,8.0,4808.0,0.2,-8.0,-8.0,0.0,,,,,,,,,,,,,,,,-1.6825999,0.11231149,-1.4446235,-1.9967979999999999
609,1200.0,0.0,4816.0,4816.0,8.0,4816.0,0.2,-8.0,-8.0,0.0,,,,,,,,,,,,,,,,-1.6989659,0.11021420000000001,-1.3926797,-1.9399885
610,1200.0,0.0,4824.0,4824.0,8.0,4824.0,0.2,-8.0,-8.0,0.0,,,,,,,,,,,,,,,,-1.6850643,0.13485307,-1.3604056,-1.8907513999999999
611,1240.0,0.0,4832.0,4832.0,8.0,4832.0,0.2,-8.0,-8.0,0.0,,,,,,,,,,,,,,,,-1.85253,0.09195922,-1.6453096999999999,-2.0522451
612,1240.0,0.0,4840.0,4840.0,8.0,4840.0,0.2,-8.0,-8.0,0.0,,,,,,,,,,,,,,,,-1.9230023999999997,0.14597432,-1.6854476000000003,-2.2905707000000004
613,1240.0,0.0,4848.0,4848.0,8.0,4848.0,0.2,-8.0,-8.0,0.0,,,,,,,,,,,,,,,,-1.8762676,0.08801619999999999,-1.6886782999999999,-2.1212167999999996
614,1240.0,0.0,4856.0,4856.0,8.0,4856.0,0.2,-8.0,-8.0,0.0,,,,,,,,,,,,,,,,-1.8887796000000001,0.15922748,-1.5702778,-2.2254193
615,1240.0,0.0,4864.0,4864.0,8.0,4864.0,0.2,-8.0,-8.0,0.0,,,,,,,,,,,,,,,,-1.8145208,0.15325242,-1.5914127,-2.1553216
616,1240.0,0.0,4872.0,4872.0,8.0,4872.0,0.2,-8.0,-8.0,0.0,,,,,,,,,,,,,,,,-1.8334278000000002,0.16758725,-1.4754196000000002,-2.135966
617,1240.0,0.0,4880.0,4880.0,8.0,4880.0,0.2,-8.0,-8.0,0.0,,,,,,,,,,,,,,,,-1.8079596000000002,0.1301147,-1.5873368,-2.1053298
618,1240.0,0.0,4888.0,4888.0,8.0,4888.0,0.2,-8.0,-8.0,0.0,,,,,,,,,,,,,,,,-1.7540282999999999,0.13964581,-1.491953,-2.1037967
619,1240.0,0.0,4896.0,4896.0,8.0,4896.0,0.2,-8.0,-8.0,0.0,,,,,,,,,,,,,,,,-1.6146436000000002,0.15151589999999998,-1.3671193000000001,-1.9257486000000001
620,1240.0,0.0,4904.0,4904.0,8.0,4904.0,0.2,-8.0,-8.0,0.0,,,,,,,,,,,,,,,,-1.8112593000000001,0.10813524599999999,-1.571283,-1.9780155
621,1240.0,0.0,4912.0,4912.0,8.0,4912.0,0.2,-8.0,-8.0,0.0,,,,,,,,,,,,,,,,-1.8648348000000001,0.10380355,-1.6011803,-2.0659845000000003
622,1240.0,0.0,4920.0,4920.0,8.0,4920.0,0.2,-8.0,-8.0,0.0,,,,,,,,,,,,,,,,-1.6814163,0.11473743,-1.4788976,-1.9170909999999999
623,1240.0,0.0,4928.0,4928.0,8.0,4928.0,0.2,-8.0,-8.0,0.0,,,,,,,,,,,,,,,,-1.7096907,0.14289694,-1.4573764999999999,-2.009354
624,1240.0,0.0,4936.0,4936.0,8.0,4936.0,0.2,-8.0,-8.0,0.0,,,,,,,,,,,,,,,,-1.7440788,0.17408438,-1.3360896999999998,-1.9872444
625,1240.0,0.0,4944.0,4944.0,8.0,4944.0,0.2,-8.0,-8.0,0.0,,,,,,,,,,,,,,,,-1.7183144000000001,0.17883925,-1.3404076,-2.1751245999999997
626,1240.0,0.0,4952.0,4952.0,8.0,4952.0,0.2,-8.0,-8.0,1.0,,,,,,,,,,,,,,,,-1.8877518,0.11587416,-1.5349587,-2.0029278
627,1280.0,0.0,4960.0,4960.0,8.0,4960.0,0.2,-8.0,-8.0,0.0,,,,,,,,,,,,,,,,-1.8309953999999997,0.10862987,-1.6266180000000001,-2.0535667
628,1280.0,0.0,4968.0,4968.0,8.0,4968.0,0.2,-8.0,-8.0,0.0,,,,,,,,,,,,,,,,-1.9508978,0.13486162,-1.4908552,-2.1693685
629,1280.0,0.0,4976.0,4976.0,8.0,4976.0,0.2,-8.0,-8.0,0.0,,,,,,,,,,,,,,,,-1.7243091,0.13544486,-1.463581,-2.1161877999999996
630,1280.0,0.0,4984.0,4984.0,8.0,4984.0,0.2,-8.0,-8.0,0.0,,,,,,,,,,,,,,,,-1.7544415,0.14727724,-1.4587212999999999,-2.0274563000000003
631,1280.0,0.0,4992.0,4992.0,8.0,4992.0,0.2,-8.0,-8.0,0.0,,,,,,,,,,,,,,,,-1.834998,0.17081314,-1.4773848,-2.1027691
632,1280.0,0.0,5000.0,5000.0,8.0,5000.0,0.2,-8.0,-8.0,0.0,,,,,,,,,,,,,,,,-1.8360368000000002,0.10103629,-1.6384095,-2.0530748
633,1280.0,0.0,5008.0,5008.0,8.0,5008.0,0.2,-8.0,-8.0,0.0,,,,,,,,,,,,,,,,-1.7595903000000002,0.12524763,-1.5180196000000001,-2.0575001
634,1280.0,0.0,5016.0,5016.0,8.0,5016.0,0.2,-8.0,-8.0,0.0,,,,,,,,,,,,,,,,-1.7431732,0.08201518,-1.5998143999999999,-2.0014513
635,1280.0,0.0,5024.0,5024.0,8.0,5024.0,0.2,-8.0,-8.0,0.0,,,,,,,,,,,,,,,,-2.0586092000000002,0.14201091,-1.7347378,-2.3530514
636,1280.0,0.0,5032.0,5032.0,8.0,5032.0,0.2,-8.0,-8.0,0.0,,,,,,,,,,,,,,,,-1.7771941000000002,0.11877765,-1.548994,-2.0357451
637,1280.0,0.0,5040.0,5040.0,8.0,5040.0,0.2,-8.0,-8.0,0.0,,,,,,,,,,,,,,,,-1.9404026,0.15245229,-1.6112261,-2.3094262999999997
638,1280.0,0.0,5048.0,5048.0,8.0,5048.0,0.2,-8.0,-8.0,0.0,,,,,,,,,,,,,,,,-1.7217851999999998,0.13645631,-1.4169511000000001,-2.0036008
639,1280.0,0.0,5056.0,5056.0,8.0,5056.0,0.2,-8.0,-8.0,0.0,,,,,,,,,,,,,,,,-1.7918855,0.11404838,-1.5465466,-2.157476
640,1280.0,0.0,5064.0,5064.0,8.0,5064.0,0.2,-8.0,-8.0,0.0,,,,,,,,,,,,,,,,-1.8648308999999998,0.12168995,-1.673986,-2.1117256
641,1280.0,0.0,5072.0,5072.0,8.0,5072.0,0.2,-8.0,-8.0,0.0,,,,,,,,,,,,,,,,-1.859636,0.15716605,-1.5812454,-2.1972080000000003
642,1280.0,0.0,5080.0,5080.0,8.0,5080.0,0.2,-8.0,-8.0,1.0,,,,,,,,,,,,,,,,-1.7879631999999999,0.11399063,-1.5602174,-2.0076692
643,1320.0,0.0,5088.0,5088.0,8.0,5088.0,0.2,-8.0,-8.0,0.0,,,,,,,,,,,,,,,,-1.6706893,0.19483949,-1.1559377,-2.0751138
644,1320.0,0.0,5096.0,5096.0,8.0,5096.0,0.2,-8.0,-8.0,0.0,,,,,,,,,,,,,,,,-1.9821863000000002,0.11596638,-1.7458252,-2.2602908999999998
645,1320.0,0.0,5104.0,5104.0,8.0,5104.0,0.2,-8.0,-8.0,0.0,,,,,,,,,,,,,,,,-1.7553490000000003,0.11755802,-1.4943681999999998,-2.0037022
646,1320.0,0.0,5112.0,5112.0,8.0,5112.0,0.2,-8.0,-8.0,0.0,,,,,,,,,,,,,,,,-1.8748367,0.12779690000000002,-1.6909988999999999,-2.1408237999999997
647,1320.0,0.0,5120.0,5120.0,8.0,5120.0,0.2,-8.0,-8.0,0.0,,,,,,,,,,,,,,,,-2.084058,0.13632749,-1.8265909,-2.3702066000000004
648,1320.0,0.0,5128.0,5128.0,8.0,5128.0,0.2,-8.0,-8.0,0.0,,,,,,,,,,,,,,,,-1.7726822,0.118693,-1.5208222,-1.9200786
649,1320.0,0.0,5136.0,5136.0,8.0,5136.0,0.2,-8.0,-8.0,0.0,,,,,,,,,,,,,,,,-1.8128542,0.12240502,-1.5866293,-2.2211354
650,1320.0,0.0,5144.0,5144.0,8.0,5144.0,0.2,-8.0,-8.0,0.0,,,,,,,,,,,,,,,,-1.7159369999999998,0.116174355,-1.3957326,-1.9220461
651,1320.0,0.0,5152.0,5152.0,8.0,5152.0,0.2,-8.0,-8.0,0.0,,,,,,,,,,,,,,,,-1.8906038,0.13490850000000001,-1.6612567999999999,-2.2177569999999998
652,1320.0,0.0,5160.0,5160.0,8.0,5160.0,0.2,-8.0,-8.0,0.0,,,,,,,,,,,,,,,,-1.9651109,0.14869392,-1.6665984,-2.2788079
653,1320.0,0.0,5168.0,5168.0,8.0,5168.0,0.2,-8.0,-8.0,0.0,,,,,,,,,,,,,,,,-1.8869523000000001,0.19635628,-1.342093,-2.2140052000000003
654,1320.0,0.0,5176.0,5176.0,8.0,5176.0,0.2,-8.0,-8.0,0.0,,,,,,,,,,,,,,,,-1.9706471999999997,0.13388816,-1.7300084,-2.2678580000000004
655,1320.0,0.0,5184.0,5184.0,8.0,5184.0,0.2,-8.0,-8.0,0.0,,,,,,,,,,,,,,,,-1.705139,0.16107939999999998,-1.4593152,-2.0388064
656,1320.0,0.0,5192.0,5192.0,8.0,5192.0,0.2,-8.0,-8.0,0.0,,,,,,,,,,,,,,,,-1.9005545,0.13717456,-1.5867114,-2.188764
657,1320.0,0.0,5200.0,5200.0,8.0,5200.0,0.2,-8.0,-8.0,0.0,,,,,,,,,,,,,,,,-1.9704388,0.1940157,-1.574159,-2.3400414
658,1320.0,0.0,5208.0,5208.0,8.0,5208.0,0.2,-8.0,-8.0,1.0,,,,,,,,,,,,,,,,-1.964661,0.21739252,-1.5959632,-2.3763711
659,1360.0,0.0,5216.0,5216.0,8.0,5216.0,0.2,-8.0,-8.0,0.0,,,,,,,,,,,,,,,,-1.9619203,0.12832877,-1.7217783,-2.3458512000000002
660,1360.0,0.0,5224.0,5224.0,8.0,5224.0,0.2,-8.0,-8.0,0.0,,,,,,,,,,,,,,,,-1.8838627000000001,0.1030786,-1.6731883,-2.1082375
661,1360.0,0.0,5232.0,5232.0,8.0,5232.0,0.2,-8.0,-8.0,0.0,,,,,,,,,,,,,,,,-1.8435712,0.147825,-1.5761693,-2.2051
662,1360.0,0.0,5240.0,5240.0,8.0,5240.0,0.2,-8.0,-8.0,0.0,,,,,,,,,,,,,,,,-1.9101256999999998,0.112736806,-1.7078668000000001,-2.1266162
663,1360.0,0.0,5248.0,5248.0,8.0,5248.0,0.2,-8.0,-8.0,0.0,,,,,,,,,,,,,,,,-1.8279858,0.19587253,-1.4359839,-2.2215765
664,1360.0,0.0,5256.0,5256.0,8.0,5256.0,0.2,-8.0,-8.0,0.0,,,,,,,,,,,,,,,,-2.0024896,0.1645317,-1.6148308999999998,-2.2533255000000003
665,1360.0,0.0,5264.0,5264.0,8.0,5264.0,0.2,-8.0,-8.0,0.0,,,,,,,,,,,,,,,,-1.8528233,0.14102072,-1.520824,-2.1398053
666,1360.0,0.0,5272.0,5272.0,8.0,5272.0,0.2,-8.0,-8.0,0.0,,,,,,,,,,,,,,,,-1.8623054,0.12364849,-1.5922036,-2.0964766
667,1360.0,0.0,5280.0,5280.0,8.0,5280.0,0.2,-8.0,-8.0,0.0,,,,,,,,,,,,,,,,-1.7547982,0.12962636,-1.5051169,-2.0188742
668,1360.0,0.0,5283.0,5283.0,3.0,5283.0,0.2,-2.0,-2.0,0.0,,,,,,,,,,,,,,,,-1.7816819,0.17462555,-1.4146135,-2.1558523
669,1360.0,0.0,5291.0,5291.0,8.0,5291.0,0.2,-8.0,-8.0,0.0,,,,,,,,,,,,,,,,-1.9097931000000001,0.103104874,-1.7560471999999998,-2.1806526
670,1360.0,0.0,5299.0,5299.0,8.0,5299.0,0.2,-8.0,-8.0,0.0,,,,,,,,,,,,,,,,-2.0203469,0.18798392,-1.7529428,-2.3961007999999997
671,1360.0,0.0,5307.0,5307.0,8.0,5307.0,0.2,-8.0,-8.0,0.0,,,,,,,,,,,,,,,,-1.8136762,0.15587243,-1.6311779,-2.1892840000000002
672,1360.0,0.0,5315.0,5315.0,8.0,5315.0,0.2,-8.0,-8.0,0.0,,,,,,,,,,,,,,,,-1.8907886000000003,0.12736431,-1.6203636000000001,-2.1730528
673,1360.0,0.0,5323.0,5323.0,8.0,5323.0,0.2,-8.0,-8.0,0.0,,,,,,,,,,,,,,,,-1.9011394,0.12678891,-1.7010211,-2.20965
674,1360.0,0.0,5331.0,5331.0,8.0,5331.0,0.2,-8.0,-8.0,1.0,,,,,,,,,,,,,,,,-2.0439503,0.14109136,-1.6140695,-2.2135502999999996
675,1400.0,0.0,5339.0,5339.0,8.0,5339.0,0.2,-8.0,-8.0,0.0,,,,,,,,,,,,,,,,-1.9991599999999998,0.13194501,-1.5591278,-2.1841316
676,1400.0,0.0,5347.0,5347.0,8.0,5347.0,0.2,-8.0,-8.0,0.0,,,,,,,,,,,,,,,,-1.7898759999999998,0.19232638,-1.4514776000000003,-2.200166
677,1400.0,0.0,5355.0,5355.0,8.0,5355.0,0.2,-8.0,-8.0,0.0,,,,,,,,,,,,,,,,-2.0171387,0.13236666,-1.7988153999999998,-2.2799572999999995
678,1400.0,0.0,5363.0,5363.0,8.0,5363.0,0.2,-8.0,-8.0,0.0,,,,,,,,,,,,,,,,-1.9456688999999998,0.11070883,-1.7498888,-2.0991082000000003
679,1400.0,0.0,5371.0,5371.0,8.0,5371.0,0.2,-8.0,-8.0,0.0,,,,,,,,,,,,,,,,-1.9358667,0.12933519999999998,-1.7000462,-2.202599
680,1400.0,0.0,5379.0,5379.0,8.0,5379.0,0.2,-8.0,-8.0,0.0,,,,,,,,,,,,,,,,-1.8264046000000003,0.124927506,-1.5961214,-2.2033987
681,1400.0,0.0,5387.0,5387.0,8.0,5387.0,0.2,-8.0,-8.0,0.0,,,,,,,,,,,,,,,,-1.9470202,0.12917131,-1.7156561999999997,-2.2336054
682,1400.0,0.0,5395.0,5395.0,8.0,5395.0,0.2,-8.0,-8.0,0.0,,,,,,,,,,,,,,,,-2.0029938,0.17558026,-1.5818591,-2.4443161
683,1400.0,0.0,5403.0,5403.0,8.0,5403.0,0.2,-8.0,-8.0,0.0,,,,,,,,,,,,,,,,-1.9965967,0.11583752,-1.7596043000000001,-2.2045922000000004
684,1400.0,0.0,5411.0,5411.0,8.0,5411.0,0.2,-8.0,-8.0,0.0,,,,,,,,,,,,,,,,-1.8968363999999998,0.15015548,-1.5307403,-2.2084143
685,1400.0,0.0,5419.0,5419.0,8.0,5419.0,0.2,-8.0,-8.0,0.0,,,,,,,,,,,,,,,,-1.7456725,0.11624131,-1.597848,-2.0278709999999998
686,1400.0,0.0,5427.0,5427.0,8.0,5427.0,0.2,-8.0,-8.0,0.0,,,,,,,,,,,,,,,,-1.8659033,0.14743632,-1.6300874,-2.2033172000000003
687,1400.0,0.0,5435.0,5435.0,8.0,5435.0,0.2,-8.0,-8.0,0.0,,,,,,,,,,,,,,,,-2.0561283,0.18770961,-1.4990677,-2.3490727000000002
688,1400.0,0.0,5443.0,5443.0,8.0,5443.0,0.2,-8.0,-8.0,0.0,,,,,,,,,,,,,,,,-1.9007619999999998,0.10345931,-1.6905286,-2.0623784
689,1400.0,0.0,5451.0,5451.0,8.0,5451.0,0.2,-8.0,-8.0,0.0,,,,,,,,,,,,,,,,-2.0221875,0.12150207,-1.7536848999999999,-2.2680156000000005
690,1400.0,0.0,5459.0,5459.0,8.0,5459.0,0.2,-8.0,-8.0,0.0,,,,,,,,,,,,,,,,-2.004593,0.101024315,-1.8203598,-2.174041
691,1440.0,0.0,5467.0,5467.0,8.0,5467.0,0.2,-8.0,-8.0,0.0,,,,,,,,,,,,,,,,-1.8755490000000001,0.13980834,-1.5560602,-2.1904612
692,1440.0,0.0,5475.0,5475.0,8.0,5475.0,0.2,-8.0,-8.0,0.0,,,,,,,,,,,,,,,,-1.8216723999999997,0.15877669,-1.4633770000000001,-2.167125
693,1440.0,0.0,5483.0,5483.0,8.0,5483.0,0.2,-8.0,-8.0,0.0,,,,,,,,,,,,,,,,-2.0214195,0.18247099,-1.7562501,-2.4663656
694,1440.0,0.0,5491.0,5491.0,8.0,5491.0,0.2,-8.0,-8.0,0.0,,,,,,,,,,,,,,,,-1.9312717000000001,0.15390468,-1.6525192,-2.2663715
695,1440.0,0.0,5499.0,5499.0,8.0,5499.0,0.2,-8.0,-8.0,0.0,,,,,,,,,,,,,,,,-2.0145776,0.12030023,-1.7391683999999998,-2.3123953
696,1440.0,0.0,5507.0,5507.0,8.0,5507.0,0.2,-8.0,-8.0,0.0,,,,,,,,,,,,,,,,-1.9900258999999998,0.110227145,-1.7419772,-2.1819422000000004
697,1440.0,0.0,5515.0,5515.0,8.0,5515.0,0.2,-8.0,-8.0,0.0,,,,,,,,,,,,,,,,-2.071197,0.115935795,-1.8398506999999997,-2.3283663
698,1440.0,0.0,5523.0,5523.0,8.0,5523.0,0.2,-8.0,-8.0,0.0,,,,,,,,,,,,,,,,-2.0046947,0.16575104,-1.6150701,-2.3256943
699,1440.0,0.0,5531.0,5531.0,8.0,5531.0,0.2,-8.0,-8.0,0.0,,,,,,,,,,,,,,,,-1.9553865000000001,0.14238378,-1.6585358000000001,-2.229828
700,1440.0,0.0,5539.0,5539.0,8.0,5539.0,0.2,-8.0,-8.0,0.0,,,,,,,,,,,,,,,,-2.1858516,0.16281518,-1.9305694,-2.5564685000000003
701,1440.0,0.0,5547.0,5547.0,8.0,5547.0,0.2,-7.0,-7.0,0.0,,,,,,,,,,,,,,,,-1.9561509999999998,0.13228755,-1.6294285,-2.16527
702,1440.0,0.0,5555.0,5555.0,8.0,5555.0,0.2,-8.0,-8.0,0.0,,,,,,,,,,,,,,,,-1.9210145,0.15408428,-1.6243778,-2.2258430000000002
703,1440.0,0.0,5563.0,5563.0,8.0,5563.0,0.2,-8.0,-8.0,0.0,,,,,,,,,,,,,,,,-1.9059578000000001,0.18878053,-1.5865546,-2.366146
704,1440.0,0.0,5571.0,5571.0,8.0,5571.0,0.2,-8.0,-8.0,0.0,,,,,,,,,,,,,,,,-2.0273175,0.17077112,-1.5642192,-2.2770755
705,1440.0,0.0,5579.0,5579.0,8.0,5579.0,0.2,-8.0,-8.0,0.0,,,,,,,,,,,,,,,,-1.9271985,0.17484978,-1.6057214,-2.3011632
706,1440.0,0.0,5587.0,5587.0,8.0,5587.0,0.2,-8.0,-8.0,1.0,,,,,,,,,,,,,,,,-1.8685208999999998,0.13483976,-1.6473386000000003,-2.1644732999999996
707,1480.0,0.0,5595.0,5595.0,8.0,5595.0,0.2,-8.0,-8.0,0.0,,,,,,,,,,,,,,,,-1.9814144,0.20731460000000002,-1.6079758,-2.3983936000000003
708,1480.0,0.0,5603.0,5603.0,8.0,5603.0,0.2,-8.0,-8.0,0.0,,,,,,,,,,,,,,,,-1.9886646000000001,0.14625970000000002,-1.7099259999999998,-2.2970667000000002
709,1480.0,0.0,5611.0,5611.0,8.0,5611.0,0.2,-8.0,-8.0,0.0,,,,,,,,,,,,,,,,-1.9342317999999998,0.15107648,-1.7042266,-2.395395
710,1480.0,0.0,5619.0,5619.0,8.0,5619.0,0.2,-8.0,-8.0,0.0,,,,,,,,,,,,,,,,-1.9930506000000001,0.17767929999999998,-1.5742893999999998,-2.2856796000000004
711,1480.0,0.0,5627.0,5627.0,8.0,5627.0,0.2,-8.0,-8.0,0.0,,,,,,,,,,,,,,,,-2.142472,0.16143833,-1.8430276,-2.5404692000000004
712,1480.0,0.0,5635.0,5635.0,8.0,5635.0,0.2,-8.0,-8.0,0.0,,,,,,,,,,,,,,,,-1.746105,0.1881094,-1.3450778,-2.1897106
713,1480.0,0.0,5643.0,5643.0,8.0,5643.0,0.2,-8.0,-8.0,0.0,,,,,,,,,,,,,,,,-2.070505,0.12753482,-1.8132284,-2.26155
714,1480.0,0.0,5651.0,5651.0,8.0,5651.0,0.2,-8.0,-8.0,0.0,,,,,,,,,,,,,,,,-2.0397377,0.15800431,-1.762782,-2.3367622000000003
715,1480.0,0.0,5659.0,5659.0,8.0,5659.0,0.2,-8.0,-8.0,0.0,,,,,,,,,,,,,,,,-2.0223985,0.15295233,-1.7487806000000001,-2.2568579
716,1480.0,0.0,5667.0,5667.0,8.0,5667.0,0.2,-8.0,-8.0,0.0,,,,,,,,,,,,,,,,-2.0319965,0.13896702,-1.7600596999999998,-2.3297684
717,1480.0,0.0,5675.0,5675.0,8.0,5675.0,0.2,-8.0,-8.0,0.0,,,,,,,,,,,,,,,,-1.9955426,0.14576708,-1.6967412,-2.2891362
718,1480.0,0.0,5683.0,5683.0,8.0,5683.0,0.2,-8.0,-8.0,0.0,,,,,,,,,,,,,,,,-2.1191668999999997,0.17176697,-1.7928316999999998,-2.404474
719,1480.0,0.0,5691.0,5691.0,8.0,5691.0,0.2,-8.0,-8.0,0.0,,,,,,,,,,,,,,,,-1.8617438999999998,0.15559204,-1.4264221000000001,-2.1045685
720,1480.0,0.0,5699.0,5699.0,8.0,5699.0,0.2,-8.0,-8.0,0.0,,,,,,,,,,,,,,,,-1.8932991000000001,0.15562446,-1.5991683,-2.2617195
721,1480.0,0.0,5707.0,5707.0,8.0,5707.0,0.2,-8.0,-8.0,0.0,,,,,,,,,,,,,,,,-1.9071307000000002,0.19401176,-1.584486,-2.3920967999999996
722,1480.0,0.0,5715.0,5715.0,8.0,5715.0,0.2,-8.0,-8.0,1.0,,,,,,,,,,,,,,,,-2.0032363,0.13282086,-1.7793048999999999,-2.3400404
723,1520.0,0.0,5723.0,5723.0,8.0,5723.0,0.2,-8.0,-8.0,0.0,,,,,,,,,,,,,,,,-1.9787546000000003,0.12178383,-1.7460991000000001,-2.3130764999999998
724,1520.0,0.0,5731.0,5731.0,8.0,5731.0,0.2,-8.0,-8.0,0.0,,,,,,,,,,,,,,,,-2.0733378,0.15717402,-1.8090963,-2.3834822
725,1520.0,0.0,5739.0,5739.0,8.0,5739.0,0.2,-8.0,-8.0,0.0,,,,,,,,,,,,,,,,-2.0202682000000003,0.18857129,-1.5149615,-2.4056466
726,1520.0,0.0,5747.0,5747.0,8.0,5747.0,0.2,-8.0,-8.0,0.0,,,,,,,,,,,,,,,,-1.8053089,0.1585417,-1.4498,-2.0794802
727,1520.0,0.0,5755.0,5755.0,8.0,5755.0,0.2,-8.0,-8.0,0.0,,,,,,,,,,,,,,,,-1.8836261000000003,0.17352949,-1.603275,-2.269589
728,1520.0,0.0,5763.0,5763.0,8.0,5763.0,0.2,-8.0,-8.0,0.0,,,,,,,,,,,,,,,,-2.082605,0.18826075,-1.7947800999999999,-2.442516
729,1520.0,0.0,5771.0,5771.0,8.0,5771.0,0.2,-8.0,-8.0,0.0,,,,,,,,,,,,,,,,-2.0227835,0.14403763,-1.7092724999999998,-2.308904
730,1520.0,0.0,5779.0,5779.0,8.0,5779.0,0.2,-8.0,-8.0,0.0,,,,,,,,,,,,,,,,-1.8764911,0.14476396,-1.6179838,-2.1661818
731,1520.0,0.0,5787.0,5787.0,8.0,5787.0,0.2,-8.0,-8.0,0.0,,,,,,,,,,,,,,,,-2.0807457,0.13225716,-1.8159459,-2.3128889
732,1520.0,0.0,5795.0,5795.0,8.0,5795.0,0.2,-8.0,-8.0,0.0,,,,,,,,,,,,,,,,-2.0737726999999997,0.16312909,-1.6782453000000002,-2.4622352000000003
733,1520.0,0.0,5803.0,5803.0,8.0,5803.0,0.2,-8.0,-8.0,0.0,,,,,,,,,,,,,,,,-2.2241467999999998,0.11034126,-2.0385995,-2.5073767000000005
734,1520.0,0.0,5811.0,5811.0,8.0,5811.0,0.2,-8.0,-8.0,0.0,,,,,,,,,,,,,,,,-2.1109400000000003,0.15550323,-1.7490288,-2.3783216
735,1520.0,0.0,5819.0,5819.0,8.0,5819.0,0.2,-8.0,-8.0,0.0,,,,,,,,,,,,,,,,-1.9373183999999997,0.112649515,-1.7043814999999998,-2.1599426
736,1520.0,0.0,5827.0,5827.0,8.0,5827.0,0.2,-8.0,-8.0,0.0,,,,,,,,,,,,,,,,-2.099741,0.16889256,-1.7087417,-2.3852437
737,1520.0,0.0,5835.0,5835.0,8.0,5835.0,0.2,-8.0,-8.0,0.0,,,,,,,,,,,,,,,,-1.9131613,0.17717215,-1.5816426000000001,-2.2591509999999997
738,1520.0,0.0,5843.0,5843.0,8.0,5843.0,0.2,-8.0,-8.0,1.0,,,,,,,,,,,,,,,,-2.1622388,0.24850540000000002,-1.6759626,-2.5282847999999998
739,1560.0,0.0,5851.0,5851.0,8.0,5851.0,0.2,-8.0,-8.0,0.0,,,,,,,,,,,,,,,,-2.1288,0.13332748,-1.8084931,-2.4201092999999996
740,1560.0,0.0,5859.0,5859.0,8.0,5859.0,0.2,-8.0,-8.0,0.0,,,,,,,,,,,,,,,,-2.0311089,0.18102951,-1.6327832,-2.381878
741,1560.0,0.0,5867.0,5867.0,8.0,5867.0,0.2,-8.0,-8.0,0.0,,,,,,,,,,,,,,,,-2.026216,0.18093584,-1.639833,-2.3523842999999998
742,1560.0,0.0,5871.0,5871.0,4.0,5871.0,0.2,-3.0,-3.0,0.0,,,,,,,,,,,,,,,,-1.9857496,0.14405635,-1.8023787,-2.2649592999999997
743,1560.0,0.0,5879.0,5879.0,8.0,5879.0,0.2,-8.0,-8.0,0.0,,,,,,,,,,,,,,,,-2.0571826,0.13919979999999998,-1.7471261999999999,-2.2988176
744,1560.0,0.0,5887.0,5887.0,8.0,5887.0,0.2,-8.0,-8.0,0.0,,,,,,,,,,,,,,,,-2.190516,0.13320026,-1.913454,-2.4185852999999997
745,1560.0,0.0,5895.0,5895.0,8.0,5895.0,0.2,-8.0,-8.0,0.0,,,,,,,,,,,,,,,,-1.9798342,0.15857919,-1.7032706999999998,-2.2325053
746,1560.0,0.0,5903.0,5903.0,8.0,5903.0,0.2,-8.0,-8.0,0.0,,,,,,,,,,,,,,,,-2.166496,0.148267,-1.7646129000000002,-2.5177932000000003
747,1560.0,0.0,5911.0,5911.0,8.0,5911.0,0.2,-8.0,-8.0,0.0,,,,,,,,,,,,,,,,-2.1262798,0.1435101,-1.8955436999999997,-2.3450232000000004
748,1560.0,0.0,5919.0,5919.0,8.0,5919.0,0.2,-8.0,-8.0,0.0,,,,,,,,,,,,,,,,-2.1827435,0.14352225,-1.8769654999999998,-2.4206288
749,1560.0,0.0,5927.0,5927.0,8.0,5927.0,0.2,-8.0,-8.0,0.0,,,,,,,,,,,,,,,,-1.9540577000000001,0.11168849,-1.7650633999999998,-2.137742
750,1560.0,0.0,5935.0,5935.0,8.0,5935.0,0.2,-8.0,-8.0,0.0,,,,,,,,,,,,,,,,-2.2899876,0.12329965,-2.0347235,-2.528865
751,1560.0,0.0,5943.0,5943.0,8.0,5943.0,0.2,-8.0,-8.0,0.0,,,,,,,,,,,,,,,,-2.3095791,0.17308883,-1.90835,-2.637315
752,1560.0,0.0,5951.0,5951.0,8.0,5951.0,0.2,-8.0,-8.0,0.0,,,,,,,,,,,,,,,,-1.9891351000000002,0.1591906,-1.69587,-2.3540936
753,1560.0,0.0,5959.0,5959.0,8.0,5959.0,0.2,-8.0,-8.0,0.0,,,,,,,,,,,,,,,,-1.9250927,0.23685695,-1.539539,-2.328716
754,1560.0,0.0,5967.0,5967.0,8.0,5967.0,0.2,-8.0,-8.0,1.0,,,,,,,,,,,,,,,,-1.9479965,0.16437301,-1.6665734,-2.4740052
755,1600.0,0.0,5975.0,5975.0,8.0,5975.0,0.2,-8.0,-8.0,0.0,,,,,,,,,,,,,,,,-2.1894734000000002,0.1441065,-1.8304102,-2.489691
756,1600.0,0.0,5983.0,5983.0,8.0,5983.0,0.2,-8.0,-8.0,0.0,,,,,,,,,,,,,,,,-2.0973766,0.09532626,-1.8122243999999998,-2.350834
757,1600.0,0.0,5991.0,5991.0,8.0,5991.0,0.2,-8.0,-8.0,0.0,,,,,,,,,,,,,,,,-2.116116,0.14102218,-1.8578944,-2.5057514
758,1600.0,0.0,5999.0,5999.0,8.0,5999.0,0.2,-8.0,-8.0,0.0,,,,,,,,,,,,,,,,-2.0756805,0.17426908,-1.6168525,-2.4108252999999995
759,1600.0,0.0,6007.0,6007.0,8.0,6007.0,0.2,-8.0,-8.0,0.0,,,,,,,,,,,,,,,,-2.1995902000000003,0.16512520000000003,-1.7719542000000001,-2.5107427
760,1600.0,0.0,6015.0,6015.0,8.0,6015.0,0.2,-8.0,-8.0,0.0,,,,,,,,,,,,,,,,-2.0985737,0.17666331,-1.6939336999999999,-2.5124762
