Episode #,Training Iter,In Heatup,ER #Transitions,ER #Episodes,Episode Length,Total steps,Epsilon,Shaped Training Reward,Training Reward,Update Target Network,Evaluation Reward,Shaped Evaluation Reward,Success Rate,Loss/Mean,Loss/Stdev,Loss/Max,Loss/Min,Learning Rate/Mean,Learning Rate/Stdev,Learning Rate/Max,Learning Rate/Min,Grads (unclipped)/Mean,Grads (unclipped)/Stdev,Grads (unclipped)/Max,Grads (unclipped)/Min,Discounted Return/Mean,Discounted Return/Stdev,Discounted Return/Max,Discounted Return/Min,Entropy/Mean,Entropy/Stdev,Entropy/Max,Entropy/Min,Advantages/Mean,Advantages/Stdev,Advantages/Max,Advantages/Min,Values/Mean,Values/Stdev,Values/Max,Values/Min,Value Loss/Mean,Value Loss/Stdev,Value Loss/Max,Value Loss/Min,Policy Loss/Mean,Policy Loss/Stdev,Policy Loss/Max,Policy Loss/Min,KL Divergence/Mean,KL Divergence/Stdev,KL Divergence/Max,KL Divergence/Min
1,0.0,1.0,17.0,1.0,17.0,17.0,0.10000000000000002,,,0.0,,,,,,,,,,,,,,,,6.162379521079859,3.609954821692951,12.578831844357849,0.7107869962784428,,,,,,,,,,,,,,,,,,,,,,,,
2,0.0,1.0,40.0,2.0,23.0,40.0,0.10000000000000002,,,0.0,,,,,,,,,,,,,,,,6.444564121549556,4.523807302228816,14.892816778727136,0.4339427590058468,,,,,,,,,,,,,,,,,,,,,,,,
3,0.0,1.0,55.0,3.0,15.0,55.0,0.10000000000000002,,,0.0,,,,,,,,,,,,,,,,5.372082027351956,3.290894637318891,11.137801685828423,0.6193940407704618,,,,,,,,,,,,,,,,,,,,,,,,
4,0.0,1.0,72.0,4.0,17.0,72.0,0.10000000000000002,,,0.0,,,,,,,,,,,,,,,,3.8701028966093562,3.270072541308888,9.923331866987294,0.005982662057427273,,,,,,,,,,,,,,,,,,,,,,,,
5,0.0,1.0,81.0,5.0,9.0,81.0,0.10000000000000002,,,0.0,,,,,,,,,,,,,,,,3.224065401354734,1.8055626268612668,6.3106520357668385,0.6344330989380148,,,,,,,,,,,,,,,,,,,,,,,,
6,0.0,1.0,102.0,6.0,21.0,102.0,0.10000000000000002,,,0.0,,,,,,,,,,,,,,,,4.120836876355532,3.8808284324851288,11.478788673172845,-0.3715598470211059,,,,,,,,,,,,,,,,,,,,,,,,
7,0.0,1.0,124.0,7.0,22.0,124.0,0.10000000000000002,,,0.0,,,,,,,,,,,,,,,,13.836531534773533,6.565511751669497,23.01700211353013,1.4166070253466887,,,,,,,,,,,,,,,,,,,,,,,,
8,0.0,1.0,138.0,8.0,14.0,138.0,0.10000000000000002,,,0.0,,,,,,,,,,,,,,,,6.952396701872661,3.6327187939027796,12.826708587894752,1.113121115744604,,,,,,,,,,,,,,,,,,,,,,,,
9,0.0,1.0,157.0,9.0,19.0,157.0,0.10000000000000002,,,0.0,,,,,,,,,,,,,,,,9.717131847882532,4.611847906789345,16.938695655651763,1.2727482171414817,,,,,,,,,,,,,,,,,,,,,,,,
10,0.0,1.0,188.0,10.0,31.0,188.0,0.10000000000000002,,,0.0,,,,,,,,,,,,,,,,16.67200187233022,8.315111028752034,29.28738542915201,1.1372862596442086,,,,,,,,,,,,,,,,,,,,,,,,
11,0.0,1.0,201.0,11.0,13.0,201.0,0.10000000000000002,,,0.0,,,,,,,,,,,,,,,,4.932304963884506,2.852807494854594,9.932870348502739,0.7105412979992525,,,,,,,,,,,,,,,,,,,,,,,,
12,0.0,1.0,212.0,12.0,11.0,212.0,0.10000000000000002,,,0.0,,,,,,,,,,,,,,,,3.3071493377403924,1.9818417655746363,6.91463554699037,0.4991920380165129,,,,,,,,,,,,,,,,,,,,,,,,
13,0.0,1.0,245.0,13.0,33.0,245.0,0.10000000000000002,,,0.0,,,,,,,,,,,,,,,,5.471024214184932,4.893841216767363,15.615020321828332,-0.4030061981389668,,,,,,,,,,,,,,,,,,,,,,,,
14,0.0,1.0,255.0,14.0,10.0,255.0,0.10000000000000002,,,0.0,,,,,,,,,,,,,,,,3.621864536400744,2.1833749132010034,7.219781637465878,0.4556503562617686,,,,,,,,,,,,,,,,,,,,,,,,
15,0.0,1.0,280.0,15.0,25.0,280.0,0.10000000000000002,,,0.0,,,,,,,,,,,,,,,,14.859702363262382,7.789179754579218,26.299693392769807,1.2614517348930283,,,,,,,,,,,,,,,,,,,,,,,,
16,0.0,1.0,306.0,16.0,26.0,306.0,0.10000000000000002,,,0.0,,,,,,,,,,,,,,,,4.404004293439066,3.211352122615288,11.202705458379226,0.19195651324650054,,,,,,,,,,,,,,,,,,,,,,,,
17,0.0,1.0,317.0,17.0,11.0,317.0,0.10000000000000002,,,0.0,,,,,,,,,,,,,,,,4.571866858439874,2.2870126167114693,8.360574144601259,0.8061898878400585,,,,,,,,,,,,,,,,,,,,,,,,
18,0.0,1.0,341.0,18.0,24.0,341.0,0.10000000000000002,,,0.0,,,,,,,,,,,,,,,,13.84651066272229,6.213451800705657,22.918050308226,1.3716574856717276,,,,,,,,,,,,,,,,,,,,,,,,
19,0.0,1.0,352.0,19.0,11.0,352.0,0.10000000000000002,,,0.0,,,,,,,,,,,,,,,,2.759190164138209,2.2815568972095117,6.839215164754331,0.06450445852029114,,,,,,,,,,,,,,,,,,,,,,,,
20,0.0,1.0,376.0,20.0,24.0,376.0,0.10000000000000002,,,0.0,,,,,,,,,,,,,,,,2.6687684917322927,2.7794351934579087,9.250942259373467,-0.026554964844324395,,,,,,,,,,,,,,,,,,,,,,,,
21,0.0,1.0,391.0,21.0,15.0,391.0,0.10000000000000002,,,0.0,,,,,,,,,,,,,,,,6.2160730390210475,3.212816702632223,11.635159299241195,0.8919044549965414,,,,,,,,,,,,,,,,,,,,,,,,
22,0.0,1.0,432.0,22.0,41.0,432.0,0.10000000000000002,,,0.0,,,,,,,,,,,,,,,,20.540626535772265,11.3207541298854,37.83364705963936,0.8861102971319834,,,,,,,,,,,,,,,,,,,,,,,,
23,0.0,1.0,455.0,23.0,23.0,455.0,0.10000000000000002,,,0.0,,,,,,,,,,,,,,,,2.7053239160119738,3.137225683569937,9.69189098197064,-0.09075761031161682,,,,,,,,,,,,,,,,,,,,,,,,
24,0.0,1.0,479.0,24.0,24.0,479.0,0.10000000000000002,,,0.0,,,,,,,,,,,,,,,,3.796883204919725,2.740645203977961,10.152889266022704,0.249913656308052,,,,,,,,,,,,,,,,,,,,,,,,
25,0.0,1.0,529.0,25.0,50.0,529.0,0.10000000000000002,,,0.0,,,,,,,,,,,,,,,,10.777421636666233,6.171594319670081,22.591292032246795,0.18333845551193645,,,,,,,,,,,,,,,,,,,,,,,,
26,0.0,1.0,545.0,26.0,16.0,545.0,0.10000000000000002,,,0.0,,,,,,,,,,,,,,,,2.883698225408473,3.1964014867976136,8.938672218861457,-0.4064554814497185,,,,,,,,,,,,,,,,,,,,,,,,
27,0.0,1.0,563.0,27.0,18.0,563.0,0.10000000000000002,,,0.0,,,,,,,,,,,,,,,,5.313348771976883,3.5928402456486874,11.868451939437366,0.26821042429430203,,,,,,,,,,,,,,,,,,,,,,,,
28,0.0,1.0,584.0,28.0,21.0,584.0,0.10000000000000002,,,0.0,,,,,,,,,,,,,,,,8.336675577218317,5.288637572894259,16.88358940196608,0.35328096351774824,,,,,,,,,,,,,,,,,,,,,,,,
29,0.0,1.0,603.0,29.0,19.0,603.0,0.10000000000000002,,,0.0,,,,,,,,,,,,,,,,6.121338612356719,3.651769375522628,12.968766980708981,0.7133913489902243,,,,,,,,,,,,,,,,,,,,,,,,
30,0.0,1.0,626.0,30.0,23.0,626.0,0.10000000000000002,,,0.0,,,,,,,,,,,,,,,,8.609032749795452,5.090066902698868,17.522818656682638,0.5784005691614696,,,,,,,,,,,,,,,,,,,,,,,,
31,0.0,1.0,648.0,31.0,22.0,648.0,0.10000000000000002,,,0.0,,,,,,,,,,,,,,,,4.839301487109163,4.109784251201032,12.218591414423285,-0.2860665898517514,,,,,,,,,,,,,,,,,,,,,,,,
32,0.0,1.0,661.0,32.0,13.0,661.0,0.10000000000000002,,,0.0,,,,,,,,,,,,,,,,6.461842054096423,3.3474236243110456,11.803215791322383,1.0322093784731534,,,,,,,,,,,,,,,,,,,,,,,,
33,0.0,1.0,675.0,33.0,14.0,675.0,0.10000000000000002,,,0.0,,,,,,,,,,,,,,,,5.144200096983633,3.1925341681625974,10.631492771143645,0.5391875016436825,,,,,,,,,,,,,,,,,,,,,,,,
34,0.0,1.0,695.0,34.0,20.0,695.0,0.10000000000000002,,,0.0,,,,,,,,,,,,,,,,4.584160610226332,3.1019870735877224,10.606730811442118,0.2691061105014426,,,,,,,,,,,,,,,,,,,,,,,,
35,0.0,1.0,703.0,35.0,8.0,703.0,0.10000000000000002,,,0.0,,,,,,,,,,,,,,,,2.9761471546389746,1.7329690376149536,5.800603108852341,0.5555210800410154,,,,,,,,,,,,,,,,,,,,,,,,
36,0.0,1.0,721.0,36.0,18.0,721.0,0.10000000000000002,,,0.0,,,,,,,,,,,,,,,,4.601845390052762,3.5955752571463737,11.320529315134973,0.2160850357579308,,,,,,,,,,,,,,,,,,,,,,,,
37,0.0,1.0,735.0,37.0,14.0,735.0,0.10000000000000002,,,0.0,,,,,,,,,,,,,,,,5.738301355100755,3.0289838585768263,10.968989118494186,0.8809165395342211,,,,,,,,,,,,,,,,,,,,,,,,
38,0.0,1.0,746.0,38.0,11.0,746.0,0.10000000000000002,,,0.0,,,,,,,,,,,,,,,,4.275414582672748,2.5515924643430594,8.51089652503096,0.5892803938799812,,,,,,,,,,,,,,,,,,,,,,,,
39,0.0,1.0,794.0,39.0,48.0,794.0,0.10000000000000002,,,0.0,,,,,,,,,,,,,,,,32.35538503847548,16.687928465726227,53.776656603944105,1.0955533028579962,,,,,,,,,,,,,,,,,,,,,,,,
40,0.0,1.0,816.0,40.0,22.0,816.0,0.10000000000000002,,,0.0,,,,,,,,,,,,,,,,5.919071079345758,4.264550548356716,13.725415868438766,0.14595810789433353,,,,,,,,,,,,,,,,,,,,,,,,
41,0.0,1.0,837.0,41.0,21.0,837.0,0.10000000000000002,,,0.0,,,,,,,,,,,,,,,,11.955904616439042,6.429277326178028,21.579728286286482,1.0562924838970644,,,,,,,,,,,,,,,,,,,,,,,,
42,0.0,1.0,853.0,42.0,16.0,853.0,0.10000000000000002,,,0.0,,,,,,,,,,,,,,,,6.275697205242968,3.9409437892626977,12.879435790140295,0.4171475460256547,,,,,,,,,,,,,,,,,,,,,,,,
43,0.0,1.0,869.0,43.0,16.0,869.0,0.10000000000000002,,,0.0,,,,,,,,,,,,,,,,6.091069125163555,3.41963061183135,12.003782255290167,0.7760656760738854,,,,,,,,,,,,,,,,,,,,,,,,
44,0.0,1.0,885.0,44.0,16.0,885.0,0.10000000000000002,,,0.0,,,,,,,,,,,,,,,,6.967717707946685,3.8008870830134582,13.312815502519555,0.9515507059839929,,,,,,,,,,,,,,,,,,,,,,,,
45,0.0,1.0,914.0,45.0,29.0,914.0,0.10000000000000002,,,0.0,,,,,,,,,,,,,,,,10.434009180671133,6.049303423918069,20.945513552255886,0.6006936051260557,,,,,,,,,,,,,,,,,,,,,,,,
46,0.0,1.0,945.0,46.0,31.0,945.0,0.10000000000000002,,,0.0,,,,,,,,,,,,,,,,18.05525033123377,8.811299893995416,31.0891964650628,1.4467132703878725,,,,,,,,,,,,,,,,,,,,,,,,
47,0.0,1.0,958.0,47.0,13.0,958.0,0.10000000000000002,,,0.0,,,,,,,,,,,,,,,,2.794596067277272,2.5325765887599454,7.442183056927856,-0.13272852828291926,,,,,,,,,,,,,,,,,,,,,,,,
48,0.0,1.0,988.0,48.0,30.0,988.0,0.10000000000000002,,,0.0,,,,,,,,,,,,,,,,8.745517054919679,6.330232425592732,19.410741853362502,0.15125937215365326,,,,,,,,,,,,,,,,,,,,,,,,
49,0.0,1.0,1004.0,49.0,16.0,1004.0,0.10000000000000002,,,0.0,,,,,,,,,,,,,,,,2.8872504698570878,2.983741161926972,8.63972413726921,-0.06283509346771016,,,,,,,,,,,,,,,,,,,,,,,,
50,0.0,1.0,1032.0,50.0,28.0,1032.0,0.10000000000000002,,,0.0,,,,,,,,,,,,,,,,12.95640128189872,7.28098786313432,24.16383511151173,0.7075141226866335,,,,,,,,,,,,,,,,,,,,,,,,
51,0.0,0.0,1044.0,51.0,12.0,1044.0,0.10000000000000002,10.79511660056644,10.79511660056644,0.0,,,,,,,,,,,,,,,,5.377751554441644,3.026256216238961,10.25230950912469,0.7679609298591952,,,,,,,,,,,,,,,,,,,,,,,,
52,0.0,0.0,1053.0,52.0,9.0,1053.0,0.10000000000000002,5.685200303491357,5.685200303491357,0.0,,,,,,,,,,,,,,,,2.644595076925644,1.7074390858895732,5.502208834917222,0.2936931076546045,,,,,,,,,,,,,,,,,,,,,,,,
53,0.0,0.0,1072.0,53.0,19.0,1072.0,0.10000000000000002,8.831828705954264,8.831828705954264,0.0,,,,,,,,,,,,,,,,2.7574914153534573,2.618289292754028,8.391823572764753,-0.07657286679135014,,,,,,,,,,,,,,,,,,,,,,,,
54,0.0,0.0,1087.0,54.0,15.0,1087.0,0.10000000000000002,11.654647490001526,11.654647490001526,0.0,,,,,,,,,,,,,,,,5.3782516339649655,3.1101537077399954,10.957484590814932,0.7526854073765752,,,,,,,,,,,,,,,,,,,,,,,,
55,0.0,0.0,1098.0,55.0,11.0,1098.0,0.10000000000000002,5.0529359026112735,5.0529359026112735,0.0,,,,,,,,,,,,,,,,1.3704886252276305,1.8874017198098136,4.951699145289128,-0.5580467706632324,,,,,,,,,,,,,,,,,,,,,,,,
56,0.0,0.0,1123.0,56.0,25.0,1123.0,0.10000000000000002,22.858061284313774,22.858061284313774,0.0,,,,,,,,,,,,,,,,11.141904577296566,5.705765711789177,20.27533852524206,1.0855942181841285,,,,,,,,,,,,,,,,,,,,,,,,
57,0.0,0.0,1141.0,57.0,18.0,1141.0,0.10000000000000002,17.222753732085096,17.222753732085096,0.0,,,,,,,,,,,,,,,,8.377313901845028,4.622854225202269,15.873572959346454,0.7545278487551421,,,,,,,,,,,,,,,,,,,,,,,,
58,0.0,0.0,1161.0,58.0,20.0,1161.0,0.10000000000000002,19.28682067055292,19.28682067055292,0.0,,,,,,,,,,,,,,,,9.928204581970613,4.7560876087651165,17.475939145614948,1.0517925999470719,,,,,,,,,,,,,,,,,,,,,,,,
59,0.0,0.0,1191.0,59.0,30.0,1191.0,0.10000000000000002,27.921173235110608,27.921173235110608,0.0,,,,,,,,,,,,,,,,13.138567811956134,6.888576264792894,24.22182110254925,0.8851811216341928,,,,,,,,,,,,,,,,,,,,,,,,
60,0.0,0.0,1202.0,60.0,11.0,1202.0,0.10000000000000002,9.860461476692556,9.860461476692556,0.0,,,,,,,,,,,,,,,,5.033216361433414,2.7849305544375653,9.400815835287759,0.7180757948513347,,,,,,,,,,,,,,,,,,,,,,,,
61,0.0,0.0,1218.0,61.0,16.0,1218.0,0.10000000000000002,14.01223235684104,14.01223235684104,0.0,,,,,,,,,,,,,,,,6.817934726045128,3.7689837452639567,13.051881616842241,0.7563827507523089,,,,,,,,,,,,,,,,,,,,,,,,
62,0.0,0.0,1253.0,62.0,35.0,1253.0,0.10000000000000002,28.96069227537698,28.96069227537698,0.0,,,,,,,,,,,,,,,,12.152835561893108,7.533168174248027,24.956767503751898,0.2164525653298541,,,,,,,,,,,,,,,,,,,,,,,,
63,0.0,0.0,1300.0,63.0,47.0,1300.0,0.10000000000000002,47.9936529024417,47.9936529024417,0.0,,,,,,,,,,,,,,,,22.38691882957629,11.274762425899755,37.85030409347558,0.7477828049768631,,,,,,,,,,,,,,,,,,,,,,,,
64,0.0,0.0,1312.0,64.0,12.0,1312.0,0.10000000000000002,6.737505569773388,6.737505569773388,0.0,,,,,,,,,,,,,,,,2.4179330275471806,2.2359990458191343,6.512478390371441,-0.04876080073645718,,,,,,,,,,,,,,,,,,,,,,,,
65,0.0,0.0,1327.0,65.0,15.0,1327.0,0.10000000000000002,10.682815251741882,10.682815251741882,0.0,,,,,,,,,,,,,,,,4.610636490919918,3.177750589089142,10.092141190003934,0.2251937014333077,,,,,,,,,,,,,,,,,,,,,,,,
66,0.0,0.0,1339.0,66.0,12.0,1339.0,0.10000000000000002,9.29599468019872,9.29599468019872,0.0,,,,,,,,,,,,,,,,4.488581839624606,2.597032445161354,8.845823090347238,0.5933701460664792,,,,,,,,,,,,,,,,,,,,,,,,
67,0.0,0.0,1355.0,67.0,16.0,1355.0,0.10000000000000002,12.469711525769856,12.469711525769856,0.0,,,,,,,,,,,,,,,,5.790895701164782,3.2664659233540565,11.659765872306554,0.6630432211545394,,,,,,,,,,,,,,,,,,,,,,,,
68,0.0,0.0,1379.0,68.0,24.0,1379.0,0.10000000000000002,25.745716703138534,25.745716703138534,0.0,,,,,,,,,,,,,,,,12.748942031853963,6.886310469671402,22.915121833831893,0.8433819925622139,,,,,,,,,,,,,,,,,,,,,,,,
69,0.0,0.0,1394.0,69.0,15.0,1394.0,0.10000000000000002,6.540510431147929,6.540510431147929,0.0,,,,,,,,,,,,,,,,2.1062502618910304,2.030174724222808,6.287447365519467,0.09402061769283053,,,,,,,,,,,,,,,,,,,,,,,,
70,0.0,0.0,1401.0,70.0,7.0,1401.0,0.10000000000000002,5.002111309812788,5.002111309812788,0.0,,,,,,,,,,,,,,,,2.492059123968876,1.4744365445929724,4.876431485994916,0.4844886036311746,,,,,,,,,,,,,,,,,,,,,,,,
71,0.0,0.0,1415.0,71.0,14.0,1415.0,0.10000000000000002,13.49760222326359,13.49760222326359,0.0,,,,,,,,,,,,,,,,7.0175807467049065,3.633493731358696,12.641556483560505,0.9067398889839328,,,,,,,,,,,,,,,,,,,,,,,,
72,0.0,0.0,1433.0,72.0,18.0,1433.0,0.10000000000000002,17.643933063909703,17.643933063909703,0.0,,,,,,,,,,,,,,,,9.017555066463704,4.5591004948495515,16.182599143380028,1.057953733195787,,,,,,,,,,,,,,,,,,,,,,,,
73,0.0,0.0,1443.0,73.0,10.0,1443.0,0.10000000000000002,6.710595910956802,6.710595910956802,0.0,,,,,,,,,,,,,,,,2.785218453600321,2.1988224450119693,6.497044510703808,-0.0014977802495771116,,,,,,,,,,,,,,,,,,,,,,,,
74,0.0,0.0,1473.0,74.0,30.0,1473.0,0.10000000000000002,22.411498298418714,22.411498298418714,0.0,,,,,,,,,,,,,,,,9.60430485407606,5.904840368912572,19.727481658783727,0.513928812271769,,,,,,,,,,,,,,,,,,,,,,,,
75,0.0,0.0,1481.0,75.0,8.0,1481.0,0.10000000000000002,5.989113745811572,5.989113745811572,0.0,,,,,,,,,,,,,,,,3.0835831851908857,1.6800760195639954,5.800431405046769,0.593761167598859,,,,,,,,,,,,,,,,,,,,,,,,
76,0.0,0.0,1491.0,76.0,10.0,1491.0,0.10000000000000002,8.981331843493598,8.981331843493598,0.0,,,,,,,,,,,,,,,,4.671361990916234,2.508860182451687,8.600197620608053,0.7678597808473929,,,,,,,,,,,,,,,,,,,,,,,,
77,0.0,0.0,1518.0,77.0,27.0,1518.0,0.10000000000000002,12.937128174246158,12.937128174246158,0.0,,,,,,,,,,,,,,,,3.5290598700288505,3.954411526842883,12.105335362968047,-0.5383595465533489,,,,,,,,,,,,,,,,,,,,,,,,
78,0.0,0.0,1556.0,78.0,38.0,1556.0,0.10000000000000002,50.061567062523615,50.061567062523615,0.0,,,,,,,,,,,,,,,,24.388403838448333,12.648311507903106,41.20603394334671,1.2872479953905092,,,,,,,,,,,,,,,,,,,,,,,,
79,0.0,0.0,1584.0,79.0,28.0,1584.0,0.10000000000000002,25.26737325148345,25.26737325148345,0.0,,,,,,,,,,,,,,,,12.45187964913429,5.7745082018990495,22.000855504773565,1.1304289558896696,,,,,,,,,,,,,,,,,,,,,,,,
80,0.0,0.0,1597.0,80.0,13.0,1597.0,0.10000000000000002,10.04233049683512,10.04233049683512,0.0,,,,,,,,,,,,,,,,4.88055384216382,2.7822007509926663,9.502887371064471,0.5610519857841824,,,,,,,,,,,,,,,,,,,,,,,,
81,0.0,0.0,1618.0,81.0,21.0,1618.0,0.10000000000000002,22.56003867950474,22.56003867950474,0.0,,,,,,,,,,,,,,,,12.450762124420596,5.191167545585388,20.146847104420623,1.6259554522682516,,,,,,,,,,,,,,,,,,,,,,,,
82,0.0,0.0,1638.0,82.0,20.0,1638.0,0.10000000000000002,13.100522079608226,13.100522079608226,0.0,,,,,,,,,,,,,,,,4.830656041024522,3.947986436488557,12.256960476164974,0.02903025324543922,,,,,,,,,,,,,,,,,,,,,,,,
83,0.0,0.0,1649.0,83.0,11.0,1649.0,0.10000000000000002,7.391734143483304,7.391734143483304,0.0,,,,,,,,,,,,,,,,3.5540271442309077,2.0949916216926785,7.0715062198160625,0.3933104177916917,,,,,,,,,,,,,,,,,,,,,,,,
84,0.0,0.0,1666.0,84.0,17.0,1666.0,0.10000000000000002,11.37785423557945,11.37785423557945,0.0,,,,,,,,,,,,,,,,4.916769886993125,3.1373981522093173,10.648488237162242,0.3541317013933697,,,,,,,,,,,,,,,,,,,,,,,,
85,0.0,0.0,1680.0,85.0,14.0,1680.0,0.10000000000000002,8.548804171602,8.548804171602,0.0,,,,,,,,,,,,,,,,3.3011779421326413,2.5143869911170222,8.168322484548916,0.271707615151495,,,,,,,,,,,,,,,,,,,,,,,,
86,0.0,0.0,1705.0,86.0,25.0,1705.0,0.10000000000000002,12.416999263550688,12.416999263550688,0.0,,,,,,,,,,,,,,,,3.3071074069631026,3.9445138637591777,11.707295365464553,-0.4755702413739701,,,,,,,,,,,,,,,,,,,,,,,,
87,0.0,0.0,1724.0,87.0,19.0,1724.0,0.10000000000000002,15.239419630305536,15.239419630305536,0.0,,,,,,,,,,,,,,,,7.5085041516447975,3.6579884512016934,13.952327112619212,1.051337589242681,,,,,,,,,,,,,,,,,,,,,,,,
88,0.0,0.0,1744.0,88.0,20.0,1744.0,0.10000000000000002,12.637199666023939,12.637199666023939,0.0,,,,,,,,,,,,,,,,4.723686154506908,3.7093803053675733,11.810568116285411,0.2634236170872643,,,,,,,,,,,,,,,,,,,,,,,,
89,0.0,0.0,1769.0,89.0,25.0,1769.0,0.10000000000000002,13.3861662182706,13.3861662182706,0.0,,,,,,,,,,,,,,,,4.359465506098852,4.020331089321603,12.420504890652412,-0.21366428991744546,,,,,,,,,,,,,,,,,,,,,,,,
90,0.0,0.0,1793.0,90.0,24.0,1793.0,0.10000000000000002,23.15407936381848,23.15407936381848,0.0,,,,,,,,,,,,,,,,12.027100821851285,5.684319070002879,20.47229814805472,0.9903703142343544,,,,,,,,,,,,,,,,,,,,,,,,
91,0.0,0.0,1806.0,91.0,13.0,1806.0,0.10000000000000002,12.159715964287837,12.159715964287837,0.0,,,,,,,,,,,,,,,,6.3749250837454765,3.1265938606032844,11.445430003435275,1.0472809690362186,,,,,,,,,,,,,,,,,,,,,,,,
92,0.0,0.0,1823.0,92.0,17.0,1823.0,0.10000000000000002,9.816758883748669,9.816758883748669,0.0,,,,,,,,,,,,,,,,3.2918974859850345,3.123712519468435,9.350642738516378,-0.13917800343479925,,,,,,,,,,,,,,,,,,,,,,,,
93,0.0,0.0,1835.0,93.0,12.0,1835.0,0.10000000000000002,7.1292828607754,7.1292828607754,0.0,,,,,,,,,,,,,,,,2.604127295881625,2.262920576246367,6.885644025524853,0.04781045085606253,,,,,,,,,,,,,,,,,,,,,,,,
94,0.0,0.0,1846.0,94.0,11.0,1846.0,0.10000000000000002,7.59788792632828,7.59788792632828,0.0,,,,,,,,,,,,,,,,3.4002865333857715,2.2311130084019397,7.296824654197824,0.3594447072999425,,,,,,,,,,,,,,,,,,,,,,,,
95,0.0,0.0,1856.0,95.0,10.0,1856.0,0.10000000000000002,8.310313387317231,8.310313387317231,0.0,,,,,,,,,,,,,,,,4.264225407164897,2.329226741444322,7.963526107677517,0.6533120776373631,,,,,,,,,,,,,,,,,,,,,,,,
96,0.0,0.0,1884.0,96.0,28.0,1884.0,0.10000000000000002,10.581496029691532,10.581496029691532,0.0,,,,,,,,,,,,,,,,1.3082362413191675,4.2749927304016815,10.318373618305213,-3.153580314960917,,,,,,,,,,,,,,,,,,,,,,,,
97,0.0,0.0,1916.0,97.0,32.0,1916.0,0.10000000000000002,36.63918531834054,36.63918531834054,0.0,,,,,,,,,,,,,,,,17.931570180662863,8.753413373150982,31.213215010634762,1.4153437418736985,,,,,,,,,,,,,,,,,,,,,,,,
98,0.0,0.0,1939.0,98.0,23.0,1939.0,0.10000000000000002,13.13352139138485,13.13352139138485,0.0,,,,,,,,,,,,,,,,4.080474120884033,4.212351172627616,12.31819428644598,-0.2621048635191169,,,,,,,,,,,,,,,,,,,,,,,,
99,0.0,0.0,1961.0,99.0,22.0,1961.0,0.10000000000000002,7.583445084744412,7.583445084744412,0.0,,,,,,,,,,,,,,,,0.6037513402898811,3.1844342464018367,7.525878575637004,-2.364608439736232,,,,,,,,,,,,,,,,,,,,,,,,
100,0.0,0.0,1973.0,100.0,12.0,1973.0,0.10000000000000002,9.595165562729964,9.595165562729964,0.0,,,,,,,,,,,,,,,,4.538089127868374,2.8021419482194307,9.142015017561372,0.4236952368633485,,,,,,,,,,,,,,,,,,,,,,,,
101,0.0,0.0,1990.0,101.0,17.0,1990.0,0.10000000000000002,9.828550235436484,9.828550235436484,0.0,,,,,,,,,,,,,,,,3.2327565184846265,3.3553689207616384,9.372708714438485,-0.5975199691778441,,,,,,,,,,,,,,,,,,,,,,,,
102,0.0,0.0,1998.0,102.0,8.0,1998.0,0.10000000000000002,5.006041873263122,5.006041873263122,0.0,,,,,,,,,,,,,,,,2.2907482532598564,1.5033457110627193,4.8714969828306405,0.29713969628157944,,,,,,,,,,,,,,,,,,,,,,,,
103,0.0,0.0,2006.0,103.0,8.0,2006.0,0.10000000000000002,5.110617608519712,5.110617608519712,0.0,,,,,,,,,,,,,,,,2.3412677272841793,1.5550496243466947,4.973046656906037,0.3033409469643949,,,,,,,,,,,,,,,,,,,,,,,,
104,0.0,0.0,2019.0,104.0,13.0,2019.0,0.10000000000000002,11.216066968696932,11.216066968696932,0.0,,,,,,,,,,,,,,,,5.678889016284237,2.9436271995922003,10.583647875333313,0.8440555921013992,,,,,,,,,,,,,,,,,,,,,,,,
105,0.0,0.0,2026.0,105.0,7.0,2026.0,0.10000000000000002,5.49527383622716,5.49527383622716,0.0,,,,,,,,,,,,,,,,2.859216807729076,1.565087393311951,5.348614807763762,0.6615054509056782,,,,,,,,,,,,,,,,,,,,,,,,
106,0.0,0.0,2044.0,106.0,18.0,2044.0,0.10000000000000002,12.890738548699124,12.890738548699124,0.0,,,,,,,,,,,,,,,,5.301683020964108,3.7625320392450954,12.057005661540995,0.2570300726061321,,,,,,,,,,,,,,,,,,,,,,,,
107,0.0,0.0,2055.0,107.0,11.0,2055.0,0.10000000000000002,8.740052656612043,8.740052656612043,0.0,,,,,,,,,,,,,,,,4.131373853057942,2.4846682265392603,8.36929447755118,0.7124763710065352,,,,,,,,,,,,,,,,,,,,,,,,
108,0.0,0.0,2076.0,108.0,21.0,2076.0,0.10000000000000002,26.20330272774757,26.20330272774757,0.0,,,,,,,,,,,,,,,,13.476059399981775,7.01140900223536,23.609424498738786,1.264698376207696,,,,,,,,,,,,,,,,,,,,,,,,
109,0.0,0.0,2090.0,109.0,14.0,2090.0,0.10000000000000002,9.563612228248106,9.563612228248106,0.0,,,,,,,,,,,,,,,,3.9431384096301287,3.039656925462608,9.102598839292815,0.05813554826772462,,,,,,,,,,,,,,,,,,,,,,,,
110,0.0,0.0,2099.0,110.0,9.0,2099.0,0.10000000000000002,6.765341641973599,6.765341641973599,0.0,,,,,,,,,,,,,,,,3.4165458886668523,1.8787424643944752,6.523083345448063,0.6431114123251364,,,,,,,,,,,,,,,,,,,,,,,,
111,0.0,0.0,2116.0,111.0,17.0,2116.0,0.10000000000000002,8.268997434857429,8.268997434857429,0.0,,,,,,,,,,,,,,,,2.0383526160645027,2.9475166696931776,8.002502515279254,-0.9204946649446858,,,,,,,,,,,,,,,,,,,,,,,,
112,0.0,0.0,2160.0,112.0,44.0,2160.0,0.10000000000000002,34.12981746278024,34.12981746278024,0.0,,,,,,,,,,,,,,,,15.404588887087614,7.826167326837179,27.62807914390068,0.4145663167614142,,,,,,,,,,,,,,,,,,,,,,,,
113,0.0,0.0,2176.0,113.0,16.0,2176.0,0.10000000000000002,14.033217178839704,14.033217178839704,0.0,,,,,,,,,,,,,,,,6.6217094234722245,3.9381441154592474,13.104791586953684,0.7141613626469518,,,,,,,,,,,,,,,,,,,,,,,,
114,0.0,0.0,2188.0,114.0,12.0,2188.0,0.10000000000000002,8.18510415740055,8.18510415740055,0.0,,,,,,,,,,,,,,,,3.586600156174108,2.449194002695424,7.833042564302684,0.2346176559058579,,,,,,,,,,,,,,,,,,,,,,,,
115,0.0,0.0,2200.0,115.0,12.0,2200.0,0.10000000000000002,4.969962970238741,4.969962970238741,0.0,,,,,,,,,,,,,,,,1.4064111607327636,1.7148109685797042,4.8496905363139495,-0.24834045567103896,,,,,,,,,,,,,,,,,,,,,,,,
116,0.0,0.0,2236.0,116.0,36.0,2236.0,0.10000000000000002,31.100962799040904,31.100962799040904,0.0,,,,,,,,,,,,,,,,13.376891398541574,7.847485492457426,26.550789793500947,0.6768813979712924,,,,,,,,,,,,,,,,,,,,,,,,
117,0.0,0.0,2243.0,117.0,7.0,2243.0,0.10000000000000002,5.062837562600318,5.062837562600318,0.0,,,,,,,,,,,,,,,,2.5413760475407052,1.4577421299291775,4.934284080073201,0.5543980161773662,,,,,,,,,,,,,,,,,,,,,,,,
118,0.0,0.0,2254.0,118.0,11.0,2254.0,0.10000000000000002,8.862735968127222,8.862735968127222,0.0,,,,,,,,,,,,,,,,4.13033375601401,2.571025017213948,8.493332580773414,0.4584371882343707,,,,,,,,,,,,,,,,,,,,,,,,
119,0.0,0.0,2277.0,119.0,23.0,2277.0,0.10000000000000002,9.579684797319231,9.579684797319231,0.0,,,,,,,,,,,,,,,,2.189363987010135,3.2171708954907348,9.167809172027168,-0.9257581086783756,,,,,,,,,,,,,,,,,,,,,,,,
120,0.0,0.0,2300.0,120.0,23.0,2300.0,0.10000000000000002,17.735698090448686,17.735698090448686,0.0,,,,,,,,,,,,,,,,7.030817087664433,5.0802594745671055,16.28142440432915,0.27639495492627353,,,,,,,,,,,,,,,,,,,,,,,,
121,0.0,0.0,2315.0,121.0,15.0,2315.0,0.10000000000000002,7.6411343133752,7.6411343133752,0.0,,,,,,,,,,,,,,,,2.1657370475322533,2.7286280985633065,7.390175511358947,-0.7683910668912352,,,,,,,,,,,,,,,,,,,,,,,,
122,0.0,0.0,2323.0,122.0,8.0,2323.0,0.10000000000000002,4.715353765386916,4.715353765386916,0.0,,,,,,,,,,,,,,,,2.2053896410289195,1.3518942070263178,4.584770297075355,0.4635937694443749,,,,,,,,,,,,,,,,,,,,,,,,
123,0.0,0.0,2340.0,123.0,17.0,2340.0,0.10000000000000002,9.116643969420576,9.116643969420576,0.0,,,,,,,,,,,,,,,,2.937108287085694,3.203516158853982,8.704379354157583,-0.394495935810831,,,,,,,,,,,,,,,,,,,,,,,,
124,0.0,0.0,2349.0,124.0,9.0,2349.0,0.10000000000000002,7.026383501572937,7.026383501572937,0.0,,,,,,,,,,,,,,,,3.454061669469674,1.9743718035898488,6.78335146598047,0.5923211683457918,,,,,,,,,,,,,,,,,,,,,,,,
125,0.0,0.0,2390.0,125.0,41.0,2390.0,0.10000000000000002,30.71671135141752,30.71671135141752,0.0,,,,,,,,,,,,,,,,13.920011242578935,6.8185083498819665,25.26212802218197,0.5385731108567979,,,,,,,,,,,,,,,,,,,,,,,,
126,0.0,0.0,2411.0,126.0,21.0,2411.0,0.10000000000000002,23.35178177871468,23.35178177871468,0.0,,,,,,,,,,,,,,,,11.932664091108007,6.025030106180365,21.05648719149697,1.0671258848997294,,,,,,,,,,,,,,,,,,,,,,,,
127,0.0,0.0,2425.0,127.0,14.0,2425.0,0.10000000000000002,11.238984533649482,11.238984533649482,0.0,,,,,,,,,,,,,,,,5.075217956901781,3.2909613489316603,10.634802040084072,0.4894524953244676,,,,,,,,,,,,,,,,,,,,,,,,
128,0.0,0.0,2435.0,128.0,10.0,2435.0,0.10000000000000002,7.573196702661378,7.573196702661378,0.0,,,,,,,,,,,,,,,,3.664022233669761,2.162595214650737,7.279590383125657,0.4725919682443354,,,,,,,,,,,,,,,,,,,,,,,,
129,0.0,0.0,2451.0,129.0,16.0,2451.0,0.10000000000000002,14.593072398363555,14.593072398363555,0.0,,,,,,,,,,,,,,,,7.455018120277812,3.9073461000446814,13.53562575668596,0.9360620028096176,,,,,,,,,,,,,,,,,,,,,,,,
130,0.0,0.0,2461.0,130.0,10.0,2461.0,0.10000000000000002,8.393587413431685,8.393587413431685,0.0,,,,,,,,,,,,,,,,4.3310301827867965,2.240015461697202,8.04089332843738,0.8929857391629784,,,,,,,,,,,,,,,,,,,,,,,,
131,0.0,0.0,2479.0,131.0,18.0,2479.0,0.10000000000000002,11.733183834277654,11.733183834277654,0.0,,,,,,,,,,,,,,,,4.530950269674646,3.5736330504844664,11.027891702763856,0.07053089421935796,,,,,,,,,,,,,,,,,,,,,,,,
132,0.0,0.0,2509.0,132.0,30.0,2509.0,0.10000000000000002,12.585940970581822,12.585940970581822,0.0,,,,,,,,,,,,,,,,3.98529644926516,2.987456890811093,11.505406096769967,0.16017971999615085,,,,,,,,,,,,,,,,,,,,,,,,
133,0.0,0.0,2528.0,133.0,19.0,2528.0,0.10000000000000002,9.878172885860161,9.878172885860161,0.0,,,,,,,,,,,,,,,,3.231518552697163,3.0490440901022158,9.35776198065424,-0.2263696712374656,,,,,,,,,,,,,,,,,,,,,,,,
134,0.0,0.0,2540.0,134.0,12.0,2540.0,0.10000000000000002,9.192562526480245,9.192562526480245,0.0,,,,,,,,,,,,,,,,4.5231665104249315,2.533177648676604,8.737154086090154,0.5572256720738434,,,,,,,,,,,,,,,,,,,,,,,,
135,0.0,0.0,2566.0,135.0,26.0,2566.0,0.10000000000000002,17.978711446289488,17.978711446289488,0.0,,,,,,,,,,,,,,,,7.194875656731403,4.907824534710558,16.270751288423554,0.16514714314136247,,,,,,,,,,,,,,,,,,,,,,,,
136,0.0,0.0,2579.0,136.0,13.0,2579.0,0.10000000000000002,9.457770001084171,9.457770001084171,0.0,,,,,,,,,,,,,,,,4.1950372915916985,2.8774066202330277,9.00243954866389,0.13334033466955125,,,,,,,,,,,,,,,,,,,,,,,,
137,0.0,0.0,2600.0,137.0,21.0,2600.0,0.10000000000000002,10.510683502278903,10.510683502278903,0.0,,,,,,,,,,,,,,,,2.9161774919395547,3.544176596744925,9.998268918153132,-0.3280292472701189,,,,,,,,,,,,,,,,,,,,,,,,
138,0.0,0.0,2617.0,138.0,17.0,2617.0,0.10000000000000002,16.031848903543814,16.031848903543814,0.0,,,,,,,,,,,,,,,,7.885249940760263,4.225724722526619,14.839753953146033,0.9020491288249094,,,,,,,,,,,,,,,,,,,,,,,,
139,0.0,0.0,2635.0,139.0,18.0,2635.0,0.10000000000000002,15.807620533171315,15.807620533171315,0.0,,,,,,,,,,,,,,,,7.932935738931153,3.9873086628509267,14.524941515316875,1.0117839701829754,,,,,,,,,,,,,,,,,,,,,,,,
140,0.0,0.0,2651.0,140.0,16.0,2651.0,0.10000000000000002,8.301316820171976,8.301316820171976,0.0,,,,,,,,,,,,,,,,2.7483746833303737,2.525902684172754,7.940986738221332,0.14635639402790193,,,,,,,,,,,,,,,,,,,,,,,,
141,0.0,0.0,2667.0,141.0,16.0,2667.0,0.10000000000000002,9.584955005806668,9.584955005806668,0.0,,,,,,,,,,,,,,,,3.67577261715459,2.798578354360392,9.087708471779731,0.24136601367599275,,,,,,,,,,,,,,,,,,,,,,,,
142,0.0,0.0,2691.0,142.0,24.0,2691.0,0.10000000000000002,12.166051610400391,12.166051610400391,0.0,,,,,,,,,,,,,,,,4.560863936137895,3.017803037980752,11.183277036088176,0.3626133124223029,,,,,,,,,,,,,,,,,,,,,,,,
143,0.0,0.0,2702.0,143.0,11.0,2702.0,0.10000000000000002,9.545564043965811,9.545564043965811,0.0,,,,,,,,,,,,,,,,4.840636435287329,2.6170144175834245,9.104135389984043,0.7764952768380323,,,,,,,,,,,,,,,,,,,,,,,,
144,0.0,0.0,2721.0,144.0,19.0,2721.0,0.10000000000000002,14.575873658352153,14.575873658352153,0.0,,,,,,,,,,,,,,,,6.039465233928831,4.159489048124876,13.564015418086539,0.4674627096437202,,,,,,,,,,,,,,,,,,,,,,,,
145,0.0,0.0,2738.0,145.0,17.0,2738.0,0.10000000000000002,8.753153091327551,8.753153091327551,0.0,,,,,,,,,,,,,,,,3.0588061933226425,2.5406017767126845,8.316319230770409,-0.008043609832029253,,,,,,,,,,,,,,,,,,,,,,,,
146,0.0,0.0,2748.0,146.0,10.0,2748.0,0.10000000000000002,6.867547101031219,6.867547101031219,0.0,,,,,,,,,,,,,,,,2.979232854117668,2.0703580646252635,6.635983652140862,0.28216720646680504,,,,,,,,,,,,,,,,,,,,,,,,
147,0.0,0.0,2760.0,147.0,12.0,2760.0,0.10000000000000002,9.780288776435153,9.780288776435153,0.0,,,,,,,,,,,,,,,,4.707402038934934,2.706801971201409,9.30848538561915,0.6498536615410033,,,,,,,,,,,,,,,,,,,,,,,,
148,0.0,0.0,2780.0,148.0,20.0,2780.0,0.10000000000000002,21.19148397606368,21.19148397606368,0.0,,,,,,,,,,,,,,,,10.932816784416262,5.435545780367766,19.19688951432365,1.1191260104758018,,,,,,,,,,,,,,,,,,,,,,,,
149,0.0,0.0,2799.0,149.0,19.0,2799.0,0.10000000000000002,13.471659622661653,13.471659622661653,0.0,,,,,,,,,,,,,,,,5.642029878238577,3.746113518657314,12.524923177572038,0.43351845220096186,,,,,,,,,,,,,,,,,,,,,,,,
150,0.0,0.0,2844.0,150.0,45.0,2844.0,0.10000000000000002,70.43320603244148,70.43320603244148,0.0,,,,,,,,,,,,,,,,33.22356460126839,16.868066166566706,56.043032284717825,2.0258258795613893,,,,,,,,,,,,,,,,,,,,,,,,
151,0.0,0.0,2858.0,151.0,14.0,2858.0,0.10000000000000002,8.102613610304282,8.102613610304282,0.0,,,,,,,,,,,,,,,,3.1256827624454417,2.4736356409246083,7.742442448042342,0.09164863038305296,,,,,,,,,,,,,,,,,,,,,,,,
152,0.0,0.0,2867.0,152.0,9.0,2867.0,0.10000000000000002,7.551781820896291,7.551781820896291,0.0,,,,,,,,,,,,,,,,3.9351720200318834,2.0936663991592304,7.270319534437799,0.7210990620456041,,,,,,,,,,,,,,,,,,,,,,,,
153,0.0,0.0,2893.0,153.0,26.0,2893.0,0.10000000000000002,9.522441264191011,9.522441264191011,0.0,,,,,,,,,,,,,,,,1.9668739841130445,3.008855538847918,9.102074776082448,-0.645597976967802,,,,,,,,,,,,,,,,,,,,,,,,
154,0.0,0.0,2924.0,154.0,31.0,2924.0,0.10000000000000002,23.41619096221396,23.41619096221396,0.0,,,,,,,,,,,,,,,,10.315042012724104,5.5165246310318015,20.42275549320151,0.6116776544270031,,,,,,,,,,,,,,,,,,,,,,,,
155,0.0,0.0,2937.0,155.0,13.0,2937.0,0.10000000000000002,13.986512857312231,13.986512857312231,0.0,,,,,,,,,,,,,,,,7.639233581960112,3.6400702405953576,13.124659082482236,1.3078262067727446,,,,,,,,,,,,,,,,,,,,,,,,
156,0.0,0.0,2959.0,156.0,22.0,2959.0,0.10000000000000002,23.02464972216593,23.02464972216593,0.0,,,,,,,,,,,,,,,,11.51467920249377,5.840119901590777,20.69840434102757,1.2307486781771684,,,,,,,,,,,,,,,,,,,,,,,,
157,0.0,0.0,2976.0,157.0,17.0,2976.0,0.10000000000000002,15.83724611922294,15.83724611922294,0.0,,,,,,,,,,,,,,,,8.017547433706659,4.169103807333422,14.62046773282102,0.909283945269248,,,,,,,,,,,,,,,,,,,,,,,,
158,0.0,0.0,2993.0,158.0,17.0,2993.0,0.10000000000000002,13.252693044130332,13.252693044130332,0.0,,,,,,,,,,,,,,,,5.608715621453708,3.85523317132734,12.423445846952722,0.17857270036016196,,,,,,,,,,,,,,,,,,,,,,,,
159,0.0,0.0,3005.0,159.0,12.0,3005.0,0.10000000000000002,8.298985541510383,8.298985541510383,0.0,,,,,,,,,,,,,,,,3.859148627096364,2.343104788869093,7.915038087130121,0.3638312862919585,,,,,,,,,,,,,,,,,,,,,,,,
160,0.0,0.0,3017.0,160.0,12.0,3017.0,0.10000000000000002,9.127589090629394,9.127589090629394,0.0,,,,,,,,,,,,,,,,4.364795338814863,2.4719719623325846,8.690720858557183,0.5871982735996581,,,,,,,,,,,,,,,,,,,,,,,,
161,0.0,0.0,3048.0,161.0,31.0,3048.0,0.10000000000000002,11.91912734037897,11.91912734037897,0.0,,,,,,,,,,,,,,,,3.700919987262578,2.8542738622814223,10.880648630633907,0.024910586189566142,,,,,,,,,,,,,,,,,,,,,,,,
162,0.0,0.0,3062.0,162.0,14.0,3062.0,0.10000000000000002,12.192649230521381,12.192649230521381,0.0,,,,,,,,,,,,,,,,5.80744777938699,3.4546808610563984,11.494552062027473,0.6182410696793045,,,,,,,,,,,,,,,,,,,,,,,,
163,0.0,0.0,3112.0,163.0,50.0,3112.0,0.10000000000000002,72.15798028445032,72.15798028445032,0.0,,,,,,,,,,,,,,,,35.01895556254776,17.250284252295348,55.2005075789661,1.2017756119758096,,,,,,,,,,,,,,,,,,,,,,,,
164,0.0,0.0,3126.0,164.0,14.0,3126.0,0.10000000000000002,4.693317364447031,4.693317364447031,0.0,,,,,,,,,,,,,,,,0.44006823877792417,1.985538922052117,4.6784927384021415,-1.4586430775393475,,,,,,,,,,,,,,,,,,,,,,,,
165,0.0,0.0,3141.0,165.0,15.0,3141.0,0.10000000000000002,5.630707013531013,5.630707013531013,0.0,,,,,,,,,,,,,,,,0.9552987384284036,2.183063494998068,5.542840608855302,-1.1037246297236596,,,,,,,,,,,,,,,,,,,,,,,,
166,0.0,0.0,3170.0,166.0,29.0,3170.0,0.10000000000000002,15.544758232643108,15.544758232643108,0.0,,,,,,,,,,,,,,,,5.3751600990335495,4.07562608955917,14.12723414537715,0.13005370821425152,,,,,,,,,,,,,,,,,,,,,,,,
167,0.0,0.0,3189.0,167.0,19.0,3189.0,0.10000000000000002,15.067885726182276,15.067885726182276,0.0,,,,,,,,,,,,,,,,6.478535597706072,4.356542890660787,13.976731275371842,0.22189262430409584,,,,,,,,,,,,,,,,,,,,,,,,
168,0.0,0.0,3235.0,168.0,46.0,3235.0,0.10000000000000002,40.46531588946569,40.46531588946569,0.0,,,,,,,,,,,,,,,,16.609829256338884,10.520445308415212,33.15635801166645,0.4234375041202103,,,,,,,,,,,,,,,,,,,,,,,,
169,0.0,0.0,3244.0,169.0,9.0,3244.0,0.10000000000000002,7.62830801372946,7.62830801372946,0.0,,,,,,,,,,,,,,,,3.928856132132255,2.1363507003533417,7.348192890745006,0.7202187134619724,,,,,,,,,,,,,,,,,,,,,,,,
170,0.0,0.0,3270.0,170.0,26.0,3270.0,0.10000000000000002,21.77205485658351,21.77205485658351,0.0,,,,,,,,,,,,,,,,10.771249813034057,5.163170034508385,19.163161520398642,0.9822384887602644,,,,,,,,,,,,,,,,,,,,,,,,
171,0.0,0.0,3284.0,171.0,14.0,3284.0,0.10000000000000002,12.69695559060637,12.69695559060637,0.0,,,,,,,,,,,,,,,,6.251970233465049,3.5048056974219386,11.941090664566932,0.6905269954644576,,,,,,,,,,,,,,,,,,,,,,,,
172,0.0,0.0,3299.0,172.0,15.0,3299.0,0.10000000000000002,10.28342969756408,10.28342969756408,0.0,,,,,,,,,,,,,,,,4.288246618561228,3.042913687404194,9.737568388666563,0.19292951823612908,,,,,,,,,,,,,,,,,,,,,,,,
173,0.0,0.0,3319.0,173.0,20.0,3319.0,0.10000000000000002,9.671299798946963,9.671299798946963,0.0,,,,,,,,,,,,,,,,2.284594299001468,3.5008368258972538,9.307455494087543,-1.2528241473916053,,,,,,,,,,,,,,,,,,,,,,,,
174,0.0,0.0,3340.0,174.0,21.0,3340.0,0.10000000000000002,6.682793332492423,6.682793332492423,0.0,,,,,,,,,,,,,,,,0.9428177049387602,2.5289621751647635,6.550304661065946,-1.5479744239132018,,,,,,,,,,,,,,,,,,,,,,,,
175,0.0,0.0,3358.0,175.0,18.0,3358.0,0.10000000000000002,13.394044767322312,13.394044767322312,0.0,,,,,,,,,,,,,,,,5.76250613869681,3.687365448373912,12.481609759956449,0.5390893429833374,,,,,,,,,,,,,,,,,,,,,,,,
176,0.0,0.0,3368.0,176.0,10.0,3368.0,0.10000000000000002,8.828786076312992,8.828786076312992,0.0,,,,,,,,,,,,,,,,4.613663711911334,2.3900695141238466,8.451939096082684,0.8365389362597274,,,,,,,,,,,,,,,,,,,,,,,,
177,0.0,0.0,3377.0,177.0,9.0,3377.0,0.10000000000000002,6.870142787071988,6.870142787071988,0.0,,,,,,,,,,,,,,,,3.5895195624206977,1.8788824663277035,6.613218208539518,0.7550182414487518,,,,,,,,,,,,,,,,,,,,,,,,
178,0.0,0.0,3396.0,178.0,19.0,3396.0,0.10000000000000002,18.14060441771,18.14060441771,0.0,,,,,,,,,,,,,,,,9.092819902016112,4.846014854108422,16.578756198310042,0.9701175068256092,,,,,,,,,,,,,,,,,,,,,,,,
179,0.0,0.0,3413.0,179.0,17.0,3413.0,0.10000000000000002,9.374343463581788,9.374343463581788,0.0,,,,,,,,,,,,,,,,3.092089052537749,2.940497734867868,8.938069014798357,0.09117162339909957,,,,,,,,,,,,,,,,,,,,,,,,
180,0.0,0.0,3423.0,180.0,10.0,3423.0,0.10000000000000002,6.048028818465692,6.048028818465692,0.0,,,,,,,,,,,,,,,,2.408153845722937,1.9025880641928123,5.865872155447872,0.11171801731320387,,,,,,,,,,,,,,,,,,,,,,,,
181,0.0,0.0,3460.0,181.0,37.0,3460.0,0.10000000000000002,15.704679623388285,15.704679623388285,0.0,,,,,,,,,,,,,,,,4.089961488174625,4.952849052812195,14.334741285619865,-1.5550283729435914,,,,,,,,,,,,,,,,,,,,,,,,
182,0.0,0.0,3481.0,182.0,21.0,3481.0,0.10000000000000002,18.607412864127053,18.607412864127053,0.0,,,,,,,,,,,,,,,,8.510649447340912,4.876965876307938,16.99007725271258,0.8399393925831985,,,,,,,,,,,,,,,,,,,,,,,,
183,0.0,0.0,3496.0,183.0,15.0,3496.0,0.10000000000000002,7.918317777201596,7.918317777201596,0.0,,,,,,,,,,,,,,,,2.5348155267061405,2.558944118085933,7.6142378264602755,-0.22291496130886806,,,,,,,,,,,,,,,,,,,,,,,,
184,0.0,0.0,3539.0,184.0,43.0,3539.0,0.10000000000000002,35.68968798891084,35.68968798891084,0.0,,,,,,,,,,,,,,,,13.987493095899124,10.440736777213239,29.974814098660808,-0.6400314827385445,,,,,,,,,,,,,,,,,,,,,,,,
185,0.0,0.0,3552.0,185.0,13.0,3552.0,0.10000000000000002,9.799823854732855,9.799823854732855,0.0,,,,,,,,,,,,,,,,4.435872508327244,2.668365675934534,9.316323665303347,0.593707956151506,,,,,,,,,,,,,,,,,,,,,,,,
186,0.0,0.0,3565.0,186.0,13.0,3565.0,0.10000000000000002,6.350607129914616,6.350607129914616,0.0,,,,,,,,,,,,,,,,2.5000374415423066,1.8118327406630812,6.086466931832441,0.19551501544175207,,,,,,,,,,,,,,,,,,,,,,,,
187,0.0,0.0,3591.0,187.0,26.0,3591.0,0.10000000000000002,12.359139879881436,12.359139879881436,0.0,,,,,,,,,,,,,,,,3.7211279648563615,3.9638028797977007,11.506713746483614,-0.7820531721479663,,,,,,,,,,,,,,,,,,,,,,,,
188,0.0,0.0,3604.0,188.0,13.0,3604.0,0.10000000000000002,10.365569774313931,10.365569774313931,0.0,,,,,,,,,,,,,,,,5.028408385344723,2.920051188789603,9.809976448706177,0.5968717726547651,,,,,,,,,,,,,,,,,,,,,,,,
189,0.0,0.0,3621.0,189.0,17.0,3621.0,0.10000000000000002,12.75899754802925,12.75899754802925,0.0,,,,,,,,,,,,,,,,5.214932519217691,3.9645321385621473,11.992382848244686,-0.10691364136368184,,,,,,,,,,,,,,,,,,,,,,,,
190,0.0,0.0,3649.0,190.0,28.0,3649.0,0.10000000000000002,32.3665202886965,32.3665202886965,0.0,,,,,,,,,,,,,,,,17.116436647353073,8.031236047152019,27.852442451957213,1.3631609347931777,,,,,,,,,,,,,,,,,,,,,,,,
191,0.0,0.0,3661.0,191.0,12.0,3661.0,0.10000000000000002,7.015717734337202,7.015717734337202,0.0,,,,,,,,,,,,,,,,2.4909687278128176,2.359435283041288,6.784647966666326,-0.16351556656722302,,,,,,,,,,,,,,,,,,,,,,,,
192,0.0,0.0,3676.0,192.0,15.0,3676.0,0.10000000000000002,13.871017135209872,13.871017135209872,0.0,,,,,,,,,,,,,,,,6.6563267944267,3.894610954652617,13.002594056611985,0.6330691006822421,,,,,,,,,,,,,,,,,,,,,,,,
193,0.0,0.0,3686.0,193.0,10.0,3686.0,0.10000000000000002,5.6383781620731845,5.6383781620731845,0.0,,,,,,,,,,,,,,,,2.3728641318036336,1.7049733553669306,5.4556482312048695,0.16245955632066025,,,,,,,,,,,,,,,,,,,,,,,,
194,0.0,0.0,3700.0,194.0,14.0,3700.0,0.10000000000000002,10.552939988317712,10.552939988317712,0.0,,,,,,,,,,,,,,,,4.954761481297338,2.8674057510270727,9.958862000945539,0.6634063163508596,,,,,,,,,,,,,,,,,,,,,,,,
195,0.0,0.0,3729.0,195.0,29.0,3729.0,0.10000000000000002,18.110477393149885,18.110477393149885,0.0,,,,,,,,,,,,,,,,5.565675825775867,5.938111238034785,16.66306202391403,-0.6530410280773711,,,,,,,,,,,,,,,,,,,,,,,,
196,0.0,0.0,3761.0,196.0,32.0,3761.0,0.10000000000000002,24.279226348472772,24.279226348472772,0.0,,,,,,,,,,,,,,,,11.106755859157467,5.8219704524768225,20.934408559133715,0.7661293673116996,,,,,,,,,,,,,,,,,,,,,,,,
197,0.0,0.0,3773.0,197.0,12.0,3773.0,0.10000000000000002,10.303126766092312,10.303126766092312,0.0,,,,,,,,,,,,,,,,5.114527893447492,2.8063774521016978,9.787255978665264,0.7948668221469463,,,,,,,,,,,,,,,,,,,,,,,,
198,0.0,0.0,3810.0,198.0,37.0,3810.0,0.10000000000000002,29.363191097464032,29.363191097464032,0.0,,,,,,,,,,,,,,,,11.929432422177776,7.524318734936415,25.201314243695197,0.2482080759889559,,,,,,,,,,,,,,,,,,,,,,,,
199,0.0,0.0,3828.0,199.0,18.0,3828.0,0.10000000000000002,18.236262466936825,18.236262466936825,0.0,,,,,,,,,,,,,,,,9.693088053170666,4.572794712128442,16.658087492288992,1.392301447758986,,,,,,,,,,,,,,,,,,,,,,,,
200,0.0,0.0,3840.0,200.0,12.0,3840.0,0.10000000000000002,8.595873916475762,8.595873916475762,0.0,,,,,,,,,,,,,,,,4.065550808511904,2.391469403830606,8.18990688833771,0.3851435918879832,,,,,,,,,,,,,,,,,,,,,,,,
201,0.0,0.0,3853.0,201.0,13.0,3853.0,0.10000000000000002,8.451289963044902,8.451289963044902,0.0,,,,,,,,,,,,,,,,3.331139291764209,2.747065476675997,8.099234197086417,-0.025046400848058672,,,,,,,,,,,,,,,,,,,,,,,,
202,0.0,0.0,3870.0,202.0,17.0,3870.0,0.10000000000000002,8.918512977871185,8.918512977871185,0.0,,,,,,,,,,,,,,,,3.238953562270451,2.585392651472836,8.452415022510312,-0.0023293417212084076,,,,,,,,,,,,,,,,,,,,,,,,
203,0.0,0.0,3939.0,203.0,69.0,3939.0,0.10000000000000002,111.6998575788622,111.6998575788622,0.0,,,,,,,,,,,,,,,,51.88322793893096,21.88000727392864,76.66710131414123,2.455237064219871,,,,,,,,,,,,,,,,,,,,,,,,
204,0.0,0.0,3968.0,204.0,29.0,3968.0,0.10000000000000002,21.304089892868696,21.304089892868696,0.0,,,,,,,,,,,,,,,,9.137201232820793,5.275913031816084,18.84272882358653,0.3641310841707511,,,,,,,,,,,,,,,,,,,,,,,,
205,0.0,0.0,3978.0,205.0,10.0,3978.0,0.10000000000000002,7.8716635449136785,7.8716635449136785,0.0,,,,,,,,,,,,,,,,3.8062339273296804,2.2633078614662767,7.56670722442496,0.6188435713545517,,,,,,,,,,,,,,,,,,,,,,,,
206,0.0,0.0,3992.0,206.0,14.0,3992.0,0.10000000000000002,10.513163470954966,10.513163470954966,0.0,,,,,,,,,,,,,,,,4.795582042768978,2.846014144425133,9.941193924209404,0.5975907250633992,,,,,,,,,,,,,,,,,,,,,,,,
207,0.0,0.0,4008.0,207.0,16.0,4008.0,0.10000000000000002,8.64215464958842,8.64215464958842,0.0,,,,,,,,,,,,,,,,2.804168316278409,2.7725633166731583,8.27625022119583,-0.06533603475178912,,,,,,,,,,,,,,,,,,,,,,,,
208,0.0,0.0,4022.0,208.0,14.0,4022.0,0.10000000000000002,12.351376945095348,12.351376945095348,0.0,,,,,,,,,,,,,,,,6.434507163068648,3.1154998987804707,11.56620802249064,1.2173043665569576,,,,,,,,,,,,,,,,,,,,,,,,
209,0.0,0.0,4033.0,209.0,11.0,4033.0,0.10000000000000002,5.8191201525586935,5.8191201525586935,0.0,,,,,,,,,,,,,,,,1.912252723736696,2.0857503767192678,5.665426619139048,-0.42117139139121545,,,,,,,,,,,,,,,,,,,,,,,,
210,0.0,0.0,4062.0,210.0,29.0,4062.0,0.10000000000000002,15.890336276919928,15.890336276919928,0.0,,,,,,,,,,,,,,,,6.536733068888393,3.609441937722009,14.136044128224533,0.5663100315374902,,,,,,,,,,,,,,,,,,,,,,,,
211,0.0,0.0,4095.0,211.0,33.0,4095.0,0.10000000000000002,46.76256112673453,46.76256112673453,0.0,,,,,,,,,,,,,,,,24.032225556017,11.480379610761686,39.2241683770191,1.5170557347710614,,,,,,,,,,,,,,,,,,,,,,,,
212,0.0,0.0,4105.0,212.0,10.0,4105.0,0.10000000000000002,6.856190176299352,6.856190176299352,0.0,,,,,,,,,,,,,,,,3.2040831751485355,1.91742017843002,6.601799857358079,0.5306041068286804,,,,,,,,,,,,,,,,,,,,,,,,
213,0.0,0.0,4132.0,213.0,27.0,4132.0,0.10000000000000002,23.3909487571038,23.3909487571038,0.0,,,,,,,,,,,,,,,,10.529742675317989,6.119508763398824,20.755472964412053,0.3669891221991941,,,,,,,,,,,,,,,,,,,,,,,,
214,0.0,0.0,4179.0,214.0,47.0,4179.0,0.10000000000000002,27.977051767835807,27.977051767835807,0.0,,,,,,,,,,,,,,,,9.083818121588543,7.59869851503842,23.94712853604967,-0.12613857331795636,,,,,,,,,,,,,,,,,,,,,,,,
215,0.0,0.0,4191.0,215.0,12.0,4191.0,0.10000000000000002,7.921935769952299,7.921935769952299,0.0,,,,,,,,,,,,,,,,3.2648728152128457,2.537442114928267,7.606213163764401,-0.029487842796579063,,,,,,,,,,,,,,,,,,,,,,,,
216,0.0,0.0,4212.0,216.0,21.0,4212.0,0.10000000000000002,16.799190833336098,16.799190833336098,0.0,,,,,,,,,,,,,,,,7.895115318851493,4.5537193396468405,15.294158198360892,0.572417487975172,,,,,,,,,,,,,,,,,,,,,,,,
217,0.0,0.0,4227.0,217.0,15.0,4227.0,0.10000000000000002,9.968042390685325,9.968042390685325,0.0,,,,,,,,,,,,,,,,3.931476859461932,2.9582764159418007,9.473051375521244,0.08872927786699601,,,,,,,,,,,,,,,,,,,,,,,,
218,0.0,0.0,4236.0,218.0,9.0,4236.0,0.10000000000000002,6.6122396252632045,6.6122396252632045,0.0,,,,,,,,,,,,,,,,3.3931085374339784,1.7792291015458173,6.370565512014289,0.7106011139955943,,,,,,,,,,,,,,,,,,,,,,,,
219,0.0,0.0,4264.0,219.0,28.0,4264.0,0.10000000000000002,28.563255514501172,28.563255514501172,0.0,,,,,,,,,,,,,,,,13.802604331643725,7.091387171487009,24.94800636529386,1.0137310499300212,,,,,,,,,,,,,,,,,,,,,,,,
220,0.0,0.0,4299.0,220.0,35.0,4299.0,0.10000000000000002,11.12011682923635,11.12011682923635,0.0,,,,,,,,,,,,,,,,1.8249687696402601,3.520966391475409,10.587250262487126,-2.158086741170909,,,,,,,,,,,,,,,,,,,,,,,,
221,0.0,0.0,4310.0,221.0,11.0,4310.0,0.10000000000000002,7.113764210096691,7.113764210096691,0.0,,,,,,,,,,,,,,,,3.331905171118162,2.0352749341719525,6.815408728559282,0.3472676542835413,,,,,,,,,,,,,,,,,,,,,,,,
222,0.0,0.0,4326.0,222.0,16.0,4326.0,0.10000000000000002,8.300664041177884,8.300664041177884,0.0,,,,,,,,,,,,,,,,2.5166380238410824,2.699426996902018,7.977779754912434,-0.07862079241862284,,,,,,,,,,,,,,,,,,,,,,,,
223,0.0,0.0,4342.0,223.0,16.0,4342.0,0.10000000000000002,11.789674293876061,11.789674293876061,0.0,,,,,,,,,,,,,,,,4.9347514552472616,3.60670652247586,11.111226324279293,0.16936243859146854,,,,,,,,,,,,,,,,,,,,,,,,
224,0.0,0.0,4369.0,224.0,27.0,4369.0,0.10000000000000002,4.973164157682026,4.973164157682026,0.0,,,,,,,,,,,,,,,,-1.8648870548734755,3.2231114267493544,5.532003699492792,-5.86454680105572,,,,,,,,,,,,,,,,,,,,,,,,
225,0.0,0.0,4377.0,225.0,8.0,4377.0,0.10000000000000002,5.89092779693066,5.89092779693066,0.0,,,,,,,,,,,,,,,,2.8928413939470388,1.7562514156486466,5.7166671569847445,0.4482619341286997,,,,,,,,,,,,,,,,,,,,,,,,
226,0.0,0.0,4417.0,226.0,40.0,4417.0,0.10000000000000002,30.814374060068303,30.814374060068303,0.0,,,,,,,,,,,,,,,,12.58942331037722,7.9729009953921794,26.038994682744857,0.26746037074387563,,,,,,,,,,,,,,,,,,,,,,,,
227,0.0,0.0,4432.0,227.0,15.0,4432.0,0.10000000000000002,12.022766726287243,12.022766726287243,0.0,,,,,,,,,,,,,,,,5.394592531150459,3.44542088904592,11.326846309711796,0.5376108143035521,,,,,,,,,,,,,,,,,,,,,,,,
228,0.0,0.0,4457.0,228.0,25.0,4457.0,0.10000000000000002,14.302266567041515,14.302266567041515,0.0,,,,,,,,,,,,,,,,5.309564612446647,3.9380020766314985,13.10593476154531,0.1550214726115343,,,,,,,,,,,,,,,,,,,,,,,,
229,0.0,0.0,4513.0,229.0,56.0,4513.0,0.10000000000000002,47.07473460393725,47.07473460393725,0.0,,,,,,,,,,,,,,,,16.210937761789804,12.988015070889777,38.38041359326764,-0.37086620461144937,,,,,,,,,,,,,,,,,,,,,,,,
230,0.0,0.0,4550.0,230.0,37.0,4550.0,0.10000000000000002,17.94974792791512,17.94974792791512,0.0,,,,,,,,,,,,,,,,4.633422575337277,5.979967218537062,16.399375328323554,-1.5821535873819368,,,,,,,,,,,,,,,,,,,,,,,,
231,0.0,0.0,4567.0,231.0,17.0,4567.0,0.10000000000000002,16.128975315688454,16.128975315688454,0.0,,,,,,,,,,,,,,,,7.787152902462994,4.444816180143153,14.954706386131056,0.7258745886529354,,,,,,,,,,,,,,,,,,,,,,,,
232,0.0,0.0,4595.0,232.0,28.0,4595.0,0.10000000000000002,25.55344759246577,25.55344759246577,0.0,,,,,,,,,,,,,,,,11.279631255280304,6.9932719213810195,22.621364485845753,0.7791292006574477,,,,,,,,,,,,,,,,,,,,,,,,
233,0.0,0.0,4632.0,233.0,37.0,4632.0,0.10000000000000002,24.59610993637517,24.59610993637517,0.0,,,,,,,,,,,,,,,,7.52050693084781,7.667675047539379,22.03386098177928,-0.9030537246665852,,,,,,,,,,,,,,,,,,,,,,,,
234,0.0,0.0,4669.0,234.0,37.0,4669.0,0.10000000000000002,15.17299452098482,15.17299452098482,0.0,,,,,,,,,,,,,,,,5.007968999415731,3.5889449777629436,13.454591910304046,0.059625405725886864,,,,,,,,,,,,,,,,,,,,,,,,
235,0.0,0.0,4688.0,235.0,19.0,4688.0,0.10000000000000002,9.805960314319652,9.805960314319652,0.0,,,,,,,,,,,,,,,,2.9232446165169788,3.2486132950206335,9.343983673920631,-0.6474835549241099,,,,,,,,,,,,,,,,,,,,,,,,
236,0.0,0.0,4728.0,236.0,40.0,4728.0,0.10000000000000002,53.8158211869535,53.8158211869535,0.0,,,,,,,,,,,,,,,,25.769851272846317,12.931546202345753,43.94735422001511,1.283048781601053,,,,,,,,,,,,,,,,,,,,,,,,
237,0.0,0.0,4743.0,237.0,15.0,4743.0,0.10000000000000002,8.741859078361257,8.741859078361257,0.0,,,,,,,,,,,,,,,,3.2018104093139743,2.7657081425102543,8.345037895923396,0.09797511696465136,,,,,,,,,,,,,,,,,,,,,,,,
238,0.0,0.0,4757.0,238.0,14.0,4757.0,0.10000000000000002,8.427926963276063,8.427926963276063,0.0,,,,,,,,,,,,,,,,3.5597202944611435,2.5148218712991444,8.009662749546969,0.17045944625160853,,,,,,,,,,,,,,,,,,,,,,,,
239,0.0,0.0,4789.0,239.0,32.0,4789.0,0.10000000000000002,18.050792148356127,18.050792148356127,0.0,,,,,,,,,,,,,,,,6.536875817951923,4.348622425449987,16.120193824860113,0.487781549612296,,,,,,,,,,,,,,,,,,,,,,,,
240,0.0,0.0,4824.0,240.0,35.0,4824.0,0.10000000000000002,21.857526101584888,21.857526101584888,0.0,,,,,,,,,,,,,,,,6.658462528983969,6.870672986304463,19.72430728933382,-0.7188359994630457,,,,,,,,,,,,,,,,,,,,,,,,
241,0.0,0.0,4848.0,241.0,24.0,4848.0,0.10000000000000002,14.658299578033375,14.658299578033375,0.0,,,,,,,,,,,,,,,,5.185488473162431,4.465026726134794,13.549275095428676,-0.23032742588458155,,,,,,,,,,,,,,,,,,,,,,,,
242,0.0,0.0,4859.0,242.0,11.0,4859.0,0.10000000000000002,9.413345184070005,9.413345184070005,0.0,,,,,,,,,,,,,,,,5.06906448596592,2.4278459708843307,8.945200091529042,0.9802972521665609,,,,,,,,,,,,,,,,,,,,,,,,
243,0.0,0.0,4886.0,243.0,27.0,4886.0,0.10000000000000002,3.217176849689976,3.217176849689976,0.0,,,,,,,,,,,,,,,,-1.1994318944157645,1.6722855058876052,3.5767913749315494,-3.3042367314142918,,,,,,,,,,,,,,,,,,,,,,,,
244,0.0,0.0,4901.0,244.0,15.0,4901.0,0.10000000000000002,9.987014957360568,9.987014957360568,0.0,,,,,,,,,,,,,,,,4.056867409555285,3.151107447006312,9.473217016088157,0.05042160408364664,,,,,,,,,,,,,,,,,,,,,,,,
245,0.0,0.0,4914.0,245.0,13.0,4914.0,0.10000000000000002,9.298243804808347,9.298243804808347,0.0,,,,,,,,,,,,,,,,4.637040882665454,2.415616742404336,8.783261101072565,0.8030202483441687,,,,,,,,,,,,,,,,,,,,,,,,
246,0.0,0.0,4936.0,246.0,22.0,4936.0,0.10000000000000002,10.311493084251172,10.311493084251172,0.0,,,,,,,,,,,,,,,,2.921605101259215,3.3177950823794067,9.766404001994085,-0.3933911037176159,,,,,,,,,,,,,,,,,,,,,,,,
247,0.0,0.0,4973.0,247.0,37.0,4973.0,0.10000000000000002,43.13287783959782,43.13287783959782,0.0,,,,,,,,,,,,,,,,21.192491073123623,10.658670916355653,35.64813751771927,1.1514477331377235,,,,,,,,,,,,,,,,,,,,,,,,
248,0.0,0.0,4985.0,248.0,12.0,4985.0,0.10000000000000002,9.962416361759695,9.962416361759695,0.0,,,,,,,,,,,,,,,,5.010588457704128,2.7520287266437395,9.455702774581006,0.5651823183098105,,,,,,,,,,,,,,,,,,,,,,,,
249,1.0,0.0,0.0,0.0,40.0,5025.0,0.10000000000000002,57.684154160282496,57.684154160282496,0.0,,,,,,,,,,,,0.15110476,0.085554995,0.7034888000000001,0.069421686,29.37178834192965,13.476460627283904,46.399433155061224,2.0156267599097077,4.257118,0.0,4.257118,4.257118,-2.1493033997121438e-16,1.0,4.189193377824471,-1.844232087731728,,,,,179.09998000000002,0.0,179.09998000000002,179.09998000000002,-0.016402991000000002,0.0,-0.016402991000000002,-0.016402991000000002,0.015583853,0.0,0.015583853,0.015583853
250,1.0,0.0,33.0,1.0,33.0,5058.0,0.10000000000000002,39.45762254421758,39.45762254421758,0.0,,,,,,,,,,,,,,,,18.92747854014794,10.099202026754693,33.5470248747159,1.1096140164809112,,,,,,,,,,,,,,,,,,,,,,,,
251,1.0,0.0,65.0,2.0,32.0,5090.0,0.10000000000000002,39.70181690511772,39.70181690511772,0.0,,,,,,,,,,,,,,,,20.67415215189688,9.32619609673,33.4202911277886,1.6398311740066982,,,,,,,,,,,,,,,,,,,,,,,,
252,1.0,0.0,93.0,3.0,28.0,5118.0,0.10000000000000002,16.365985446345825,16.365985446345825,0.0,,,,,,,,,,,,,,,,7.343431146247116,3.4405383435091186,14.454368409491547,0.8221443291127147,,,,,,,,,,,,,,,,,,,,,,,,
253,1.0,0.0,127.0,4.0,34.0,5152.0,0.10000000000000002,30.38482139957747,30.38482139957747,0.0,,,,,,,,,,,,,,,,11.619824426845764,8.908251200237828,26.70109201459585,0.0554749832276219,,,,,,,,,,,,,,,,,,,,,,,,
254,1.0,0.0,141.0,5.0,14.0,5166.0,0.10000000000000002,6.8195164999128135,6.8195164999128135,0.0,,,,,,,,,,,,,,,,1.932712926366989,2.4199345448311056,6.615087565880237,-0.5319780632145004,,,,,,,,,,,,,,,,,,,,,,,,
255,1.0,0.0,212.0,6.0,71.0,5237.0,0.10000000000000002,99.82954897380144,99.82954897380144,0.0,,,,,,,,,,,,,,,,45.61068048759032,20.845527973288586,68.12723820970936,1.6102981181255558,,,,,,,,,,,,,,,,,,,,,,,,
256,1.0,0.0,262.0,7.0,50.0,5287.0,0.10000000000000002,66.87522164616827,66.87522164616827,0.0,,,,,,,,,,,,,,,,30.38166837902361,16.214508382914104,52.20645197642068,0.9845791584852148,,,,,,,,,,,,,,,,,,,,,,,,
257,1.0,0.0,282.0,8.0,20.0,5307.0,0.10000000000000002,18.236334036678805,18.236334036678805,0.0,,,,,,,,,,,,,,,,8.429495544345952,4.921278754519459,16.717611038191524,0.684801729742296,,,,,,,,,,,,,,,,,,,,,,,,
258,1.0,0.0,331.0,9.0,49.0,5356.0,0.10000000000000002,43.41643676523195,43.41643676523195,0.0,,,,,,,,,,,,,,,,19.60259090996227,10.11453283523359,34.152694160960024,1.07191303993981,,,,,,,,,,,,,,,,,,,,,,,,
259,1.0,0.0,352.0,10.0,21.0,5377.0,0.10000000000000002,14.93994038571974,14.93994038571974,0.0,,,,,,,,,,,,,,,,5.813737582047117,4.373625038784663,13.857631811605899,0.4692415017799263,,,,,,,,,,,,,,,,,,,,,,,,
260,1.0,0.0,378.0,11.0,26.0,5403.0,0.10000000000000002,13.838644643140785,13.838644643140785,0.0,,,,,,,,,,,,,,,,4.121810632750599,4.301509414446877,12.895933210732956,0.054719596962456034,,,,,,,,,,,,,,,,,,,,,,,,
261,1.0,0.0,406.0,12.0,28.0,5431.0,0.10000000000000002,36.73807341012331,36.73807341012331,0.0,,,,,,,,,,,,,,,,18.701049672757676,9.708809555819595,31.81997929469813,1.3058593914946128,,,,,,,,,,,,,,,,,,,,,,,,
262,1.0,0.0,452.0,13.0,46.0,5477.0,0.10000000000000002,56.14016983354181,56.14016983354181,0.0,,,,,,,,,,,,,,,,26.79745767073105,13.594315646025493,44.25589828788435,1.1574815318925031,,,,,,,,,,,,,,,,,,,,,,,,
263,1.0,0.0,470.0,14.0,18.0,5495.0,0.10000000000000002,18.45932331071115,18.45932331071115,0.0,,,,,,,,,,,,,,,,9.625042153945316,4.936901180487465,16.895773457576748,0.9180778038491608,,,,,,,,,,,,,,,,,,,,,,,,
264,1.0,0.0,512.0,15.0,42.0,5537.0,0.10000000000000002,70.96435069241609,70.96435069241609,0.0,,,,,,,,,,,,,,,,38.09846488894063,15.455351840601198,55.51817721117274,2.8827920448241557,,,,,,,,,,,,,,,,,,,,,,,,
265,1.0,0.0,552.0,16.0,40.0,5577.0,0.10000000000000002,43.582151574783246,43.582151574783246,0.0,,,,,,,,,,,,,,,,19.812732751642265,10.693951020718119,36.0172307819458,0.9831569323251402,,,,,,,,,,,,,,,,,,,,,,,,
266,1.0,0.0,634.0,17.0,82.0,5659.0,0.10000000000000002,115.1080076984828,115.1080076984828,0.0,,,,,,,,,,,,,,,,50.29781470907696,20.86483787214517,74.60989862327244,2.2213872947000266,,,,,,,,,,,,,,,,,,,,,,,,
267,1.0,0.0,685.0,18.0,51.0,5710.0,0.10000000000000002,56.049304911684324,56.049304911684324,0.0,,,,,,,,,,,,,,,,25.700596332302478,12.135308383459668,43.37575836586872,1.2810082641405278,,,,,,,,,,,,,,,,,,,,,,,,
268,1.0,0.0,724.0,19.0,39.0,5749.0,0.10000000000000002,32.07273901495645,32.07273901495645,0.0,,,,,,,,,,,,,,,,13.065707519531307,8.470333775946656,27.24960917408003,0.2821113421786135,,,,,,,,,,,,,,,,,,,,,,,,
269,1.0,0.0,748.0,20.0,24.0,5773.0,0.10000000000000002,18.372508957501477,18.372508957501477,0.0,,,,,,,,,,,,,,,,7.621115821100467,5.058475472844013,16.7105466267044,0.5237667738238571,,,,,,,,,,,,,,,,,,,,,,,,
270,1.0,0.0,802.0,21.0,54.0,5827.0,0.10000000000000002,89.34354929902025,89.34354929902025,0.0,,,,,,,,,,,,,,,,43.25577307801292,21.039893974390022,66.65195135039724,1.579221099830311,,,,,,,,,,,,,,,,,,,,,,,,
271,1.0,0.0,823.0,22.0,21.0,5848.0,0.10000000000000002,13.671258742725547,13.671258742725547,0.0,,,,,,,,,,,,,,,,5.29140504666066,4.025200154335457,12.686933013057384,0.16515322809699945,,,,,,,,,,,,,,,,,,,,,,,,
272,1.0,0.0,844.0,23.0,21.0,5869.0,0.10000000000000002,15.900046376531543,15.900046376531543,0.0,,,,,,,,,,,,,,,,6.508006918819377,4.723625646593288,14.680166589474213,0.18796606828520998,,,,,,,,,,,,,,,,,,,,,,,,
273,1.0,0.0,892.0,24.0,48.0,5917.0,0.10000000000000002,81.76666712839038,81.76666712839038,0.0,,,,,,,,,,,,,,,,40.48118699883406,18.66163893874798,62.96535087772728,2.430497706492813,,,,,,,,,,,,,,,,,,,,,,,,
274,1.0,0.0,950.0,25.0,58.0,5975.0,0.10000000000000002,109.4688486599688,109.4688486599688,0.0,,,,,,,,,,,,,,,,53.52730013020671,23.38687230867255,79.21516624691805,2.846928850641159,,,,,,,,,,,,,,,,,,,,,,,,
275,1.0,0.0,967.0,26.0,17.0,5992.0,0.10000000000000002,13.71169901392541,13.71169901392541,0.0,,,,,,,,,,,,,,,,6.324659559590202,3.733783446827686,12.764148372520275,0.6381799672563699,,,,,,,,,,,,,,,,,,,,,,,,
