Episode #,Training Iter,In Heatup,ER #Transitions,ER #Episodes,Episode Length,Total steps,Epsilon,Shaped Training Reward,Training Reward,Update Target Network,Evaluation Reward,Shaped Evaluation Reward,Success Rate,Loss/Mean,Loss/Stdev,Loss/Max,Loss/Min,Learning Rate/Mean,Learning Rate/Stdev,Learning Rate/Max,Learning Rate/Min,Grads (unclipped)/Mean,Grads (unclipped)/Stdev,Grads (unclipped)/Max,Grads (unclipped)/Min,Discounted Return/Mean,Discounted Return/Stdev,Discounted Return/Max,Discounted Return/Min,Entropy/Mean,Entropy/Stdev,Entropy/Max,Entropy/Min,Advantages/Mean,Advantages/Stdev,Advantages/Max,Advantages/Min,Values/Mean,Values/Stdev,Values/Max,Values/Min,Value Loss/Mean,Value Loss/Stdev,Value Loss/Max,Value Loss/Min,Policy Loss/Mean,Policy Loss/Stdev,Policy Loss/Max,Policy Loss/Min,Value Targets/Mean,Value Targets/Stdev,Value Targets/Max,Value Targets/Min,KL Divergence/Mean,KL Divergence/Stdev,KL Divergence/Max,KL Divergence/Min,Likelihood Ratio/Mean,Likelihood Ratio/Stdev,Likelihood Ratio/Max,Likelihood Ratio/Min,Clipped Likelihood Ratio/Mean,Clipped Likelihood Ratio/Stdev,Clipped Likelihood Ratio/Max,Clipped Likelihood Ratio/Min
1,0.0,1.0,5.0,1.0,5.0,5.0,0.1,,,0.0,,,,,,,,,,,,,,,,2.960298802,1.3792204603784504,4.90099501,1.0,,,,,,,,,,,,,,,,,,,,,,,,,,,,,,,,,,,,
2,0.0,1.0,11.0,2.0,6.0,11.0,0.1,,,0.0,,,,,,,,,,,,,,,,3.44224651165,1.657279559837906,5.8519850599000005,1.0,,,,,,,,,,,,,,,,,,,,,,,,,,,,,,,,,,,,
3,0.0,1.0,15.0,3.0,4.0,15.0,0.1,,,0.0,,,,,,,,,,,,,,,,2.47512475,1.0958293864638269,3.940399,1.0,,,,,,,,,,,,,,,,,,,,,,,,,,,,,,,,,,,,
4,0.0,1.0,27.0,4.0,12.0,27.0,0.1,,,0.0,,,,,,,,,,,,,,,,6.267519165806655,3.251571134644539,11.36151282838707,1.0,,,,,,,,,,,,,,,,,,,,,,,,,,,,,,,,,,,,
5,0.0,1.0,31.0,5.0,4.0,31.0,0.1,,,0.0,,,,,,,,,,,,,,,,2.47512475,1.0958293864638269,3.940399,1.0,,,,,,,,,,,,,,,,,,,,,,,,,,,,,,,,,,,,
6,0.0,1.0,36.0,6.0,5.0,36.0,0.1,,,0.0,,,,,,,,,,,,,,,,2.960298802,1.3792204603784504,4.90099501,1.0,,,,,,,,,,,,,,,,,,,,,,,,,,,,,,,,,,,,
7,0.0,1.0,39.0,7.0,3.0,39.0,0.1,,,0.0,,,,,,,,,,,,,,,,1.9867,0.8042933420089962,2.9701,1.0,,,,,,,,,,,,,,,,,,,,,,,,,,,,,,,,,,,,
8,0.0,1.0,42.0,8.0,3.0,42.0,0.1,,,0.0,,,,,,,,,,,,,,,,1.9867,0.8042933420089962,2.9701,1.0,,,,,,,,,,,,,,,,,,,,,,,,,,,,,,,,,,,,
9,0.0,1.0,46.0,9.0,4.0,46.0,0.1,,,0.0,,,,,,,,,,,,,,,,2.47512475,1.0958293864638269,3.940399,1.0,,,,,,,,,,,,,,,,,,,,,,,,,,,,,,,,,,,,
10,0.0,1.0,56.0,10.0,10.0,56.0,0.1,,,0.0,,,,,,,,,,,,,,,,5.338254258716446,2.7323939462696547,9.561792499119552,1.0,,,,,,,,,,,,,,,,,,,,,,,,,,,,,,,,,,,,
11,0.0,1.0,67.0,11.0,11.0,67.0,0.1,,,0.0,,,,,,,,,,,,,,,,5.804428832844801,2.993399215062785,10.466174574128354,1.0,,,,,,,,,,,,,,,,,,,,,,,,,,,,,,,,,,,,
12,0.0,1.0,73.0,12.0,6.0,73.0,0.1,,,0.0,,,,,,,,,,,,,,,,3.44224651165,1.657279559837906,5.8519850599000005,1.0,,,,,,,,,,,,,,,,,,,,,,,,,,,,,,,,,,,,
13,0.0,1.0,77.0,13.0,4.0,77.0,0.1,,,0.0,,,,,,,,,,,,,,,,2.47512475,1.0958293864638269,3.940399,1.0,,,,,,,,,,,,,,,,,,,,,,,,,,,,,,,,,,,,
14,0.0,1.0,81.0,14.0,4.0,81.0,0.1,,,0.0,,,,,,,,,,,,,,,,2.47512475,1.0958293864638269,3.940399,1.0,,,,,,,,,,,,,,,,,,,,,,,,,,,,,,,,,,,,
15,0.0,1.0,84.0,15.0,3.0,84.0,0.1,,,0.0,,,,,,,,,,,,,,,,1.9867,0.8042933420089962,2.9701,1.0,,,,,,,,,,,,,,,,,,,,,,,,,,,,,,,,,,,,
16,0.0,1.0,94.0,16.0,10.0,94.0,0.1,,,0.0,,,,,,,,,,,,,,,,5.338254258716446,2.7323939462696547,9.561792499119552,1.0,,,,,,,,,,,,,,,,,,,,,,,,,,,,,,,,,,,,
17,0.0,1.0,97.0,17.0,3.0,97.0,0.1,,,0.0,,,,,,,,,,,,,,,,1.9867,0.8042933420089962,2.9701,1.0,,,,,,,,,,,,,,,,,,,,,,,,,,,,,,,,,,,,
18,0.0,1.0,105.0,18.0,8.0,105.0,0.1,,,0.0,,,,,,,,,,,,,,,,4.396559354551124,2.2014466321645245,7.725530557207988,1.0,,,,,,,,,,,,,,,,,,,,,,,,,,,,,,,,,,,,
19,0.0,1.0,118.0,19.0,13.0,118.0,0.1,,,0.0,,,,,,,,,,,,,,,,6.727548283829467,3.506985965126692,12.2478977001032,1.0,,,,,,,,,,,,,,,,,,,,,,,,,,,,,,,,,,,,
20,0.0,1.0,122.0,20.0,4.0,122.0,0.1,,,0.0,,,,,,,,,,,,,,,,2.47512475,1.0958293864638269,3.940399,1.0,,,,,,,,,,,,,,,,,,,,,,,,,,,,,,,,,,,,
21,0.0,1.0,129.0,21.0,7.0,129.0,0.1,,,0.0,,,,,,,,,,,,,,,,3.920992039885856,1.9311631961290656,6.793465209300998,1.0,,,,,,,,,,,,,,,,,,,,,,,,,,,,,,,,,,,,
22,0.0,1.0,132.0,22.0,3.0,132.0,0.1,,,0.0,,,,,,,,,,,,,,,,1.9867,0.8042933420089962,2.9701,1.0,,,,,,,,,,,,,,,,,,,,,,,,,,,,,,,,,,,,
23,0.0,1.0,136.0,23.0,4.0,136.0,0.1,,,0.0,,,,,,,,,,,,,,,,2.47512475,1.0958293864638269,3.940399,1.0,,,,,,,,,,,,,,,,,,,,,,,,,,,,,,,,,,,,
24,0.0,1.0,147.0,24.0,11.0,147.0,0.1,,,0.0,,,,,,,,,,,,,,,,5.804428832844801,2.993399215062785,10.466174574128354,1.0,,,,,,,,,,,,,,,,,,,,,,,,,,,,,,,,,,,,
25,0.0,1.0,151.0,25.0,4.0,151.0,0.1,,,0.0,,,,,,,,,,,,,,,,2.47512475,1.0958293864638269,3.940399,1.0,,,,,,,,,,,,,,,,,,,,,,,,,,,,,,,,,,,,
26,0.0,1.0,156.0,26.0,5.0,156.0,0.1,,,0.0,,,,,,,,,,,,,,,,2.960298802,1.3792204603784504,4.90099501,1.0,,,,,,,,,,,,,,,,,,,,,,,,,,,,,,,,,,,,
27,0.0,1.0,159.0,27.0,3.0,159.0,0.1,,,0.0,,,,,,,,,,,,,,,,1.9867,0.8042933420089962,2.9701,1.0,,,,,,,,,,,,,,,,,,,,,,,,,,,,,,,,,,,,
28,0.0,1.0,163.0,28.0,4.0,163.0,0.1,,,0.0,,,,,,,,,,,,,,,,2.47512475,1.0958293864638269,3.940399,1.0,,,,,,,,,,,,,,,,,,,,,,,,,,,,,,,,,,,,
29,0.0,1.0,167.0,29.0,4.0,167.0,0.1,,,0.0,,,,,,,,,,,,,,,,2.47512475,1.0958293864638269,3.940399,1.0,,,,,,,,,,,,,,,,,,,,,,,,,,,,,,,,,,,,
30,0.0,1.0,172.0,30.0,5.0,172.0,0.1,,,0.0,,,,,,,,,,,,,,,,2.960298802,1.3792204603784504,4.90099501,1.0,,,,,,,,,,,,,,,,,,,,,,,,,,,,,,,,,,,,
31,0.0,1.0,179.0,31.0,7.0,179.0,0.1,,,0.0,,,,,,,,,,,,,,,,3.920992039885856,1.9311631961290656,6.793465209300998,1.0,,,,,,,,,,,,,,,,,,,,,,,,,,,,,,,,,,,,
32,0.0,1.0,183.0,32.0,4.0,183.0,0.1,,,0.0,,,,,,,,,,,,,,,,2.47512475,1.0958293864638269,3.940399,1.0,,,,,,,,,,,,,,,,,,,,,,,,,,,,,,,,,,,,
33,0.0,1.0,188.0,33.0,5.0,188.0,0.1,,,0.0,,,,,,,,,,,,,,,,2.960298802,1.3792204603784504,4.90099501,1.0,,,,,,,,,,,,,,,,,,,,,,,,,,,,,,,,,,,,
34,0.0,1.0,193.0,34.0,5.0,193.0,0.1,,,0.0,,,,,,,,,,,,,,,,2.960298802,1.3792204603784504,4.90099501,1.0,,,,,,,,,,,,,,,,,,,,,,,,,,,,,,,,,,,,
35,0.0,1.0,196.0,35.0,3.0,196.0,0.1,,,0.0,,,,,,,,,,,,,,,,1.9867,0.8042933420089962,2.9701,1.0,,,,,,,,,,,,,,,,,,,,,,,,,,,,,,,,,,,,
36,0.0,1.0,200.0,36.0,4.0,200.0,0.1,,,0.0,,,,,,,,,,,,,,,,2.47512475,1.0958293864638269,3.940399,1.0,,,,,,,,,,,,,,,,,,,,,,,,,,,,,,,,,,,,
37,0.0,1.0,203.0,37.0,3.0,203.0,0.1,,,0.0,,,,,,,,,,,,,,,,1.9867,0.8042933420089962,2.9701,1.0,,,,,,,,,,,,,,,,,,,,,,,,,,,,,,,,,,,,
38,0.0,1.0,207.0,38.0,4.0,207.0,0.1,,,0.0,,,,,,,,,,,,,,,,2.47512475,1.0958293864638269,3.940399,1.0,,,,,,,,,,,,,,,,,,,,,,,,,,,,,,,,,,,,
39,0.0,1.0,211.0,39.0,4.0,211.0,0.1,,,0.0,,,,,,,,,,,,,,,,2.47512475,1.0958293864638269,3.940399,1.0,,,,,,,,,,,,,,,,,,,,,,,,,,,,,,,,,,,,
40,0.0,1.0,227.0,40.0,16.0,227.0,0.1,,,0.0,,,,,,,,,,,,,,,,8.089495864954301,4.257252898951503,14.85422289051243,1.0,,,,,,,,,,,,,,,,,,,,,,,,,,,,,,,,,,,,
41,0.0,1.0,233.0,41.0,6.0,233.0,0.1,,,0.0,,,,,,,,,,,,,,,,3.44224651165,1.657279559837906,5.8519850599000005,1.0,,,,,,,,,,,,,,,,,,,,,,,,,,,,,,,,,,,,
42,0.0,1.0,236.0,42.0,3.0,236.0,0.1,,,0.0,,,,,,,,,,,,,,,,1.9867,0.8042933420089962,2.9701,1.0,,,,,,,,,,,,,,,,,,,,,,,,,,,,,,,,,,,,
43,0.0,1.0,245.0,43.0,9.0,245.0,0.1,,,0.0,,,,,,,,,,,,,,,,4.868972232004988,2.4684556783231795,8.648275251635907,1.0,,,,,,,,,,,,,,,,,,,,,,,,,,,,,,,,,,,,
44,0.0,1.0,249.0,44.0,4.0,249.0,0.1,,,0.0,,,,,,,,,,,,,,,,2.47512475,1.0958293864638269,3.940399,1.0,,,,,,,,,,,,,,,,,,,,,,,,,,,,,,,,,,,,
45,0.0,1.0,258.0,45.0,9.0,258.0,0.1,,,0.0,,,,,,,,,,,,,,,,4.868972232004988,2.4684556783231795,8.648275251635907,1.0,,,,,,,,,,,,,,,,,,,,,,,,,,,,,,,,,,,,
46,0.0,1.0,261.0,46.0,3.0,261.0,0.1,,,0.0,,,,,,,,,,,,,,,,1.9867,0.8042933420089962,2.9701,1.0,,,,,,,,,,,,,,,,,,,,,,,,,,,,,,,,,,,,
47,0.0,1.0,270.0,47.0,9.0,270.0,0.1,,,0.0,,,,,,,,,,,,,,,,4.868972232004988,2.4684556783231795,8.648275251635907,1.0,,,,,,,,,,,,,,,,,,,,,,,,,,,,,,,,,,,,
48,0.0,1.0,273.0,48.0,3.0,273.0,0.1,,,0.0,,,,,,,,,,,,,,,,1.9867,0.8042933420089962,2.9701,1.0,,,,,,,,,,,,,,,,,,,,,,,,,,,,,,,,,,,,
49,0.0,1.0,276.0,49.0,3.0,276.0,0.1,,,0.0,,,,,,,,,,,,,,,,1.9867,0.8042933420089962,2.9701,1.0,,,,,,,,,,,,,,,,,,,,,,,,,,,,,,,,,,,,
50,0.0,1.0,280.0,50.0,4.0,280.0,0.1,,,0.0,,,,,,,,,,,,,,,,2.47512475,1.0958293864638269,3.940399,1.0,,,,,,,,,,,,,,,,,,,,,,,,,,,,,,,,,,,,
51,0.0,1.0,285.0,51.0,5.0,285.0,0.1,,,0.0,,,,,,,,,,,,,,,,2.960298802,1.3792204603784504,4.90099501,1.0,,,,,,,,,,,,,,,,,,,,,,,,,,,,,,,,,,,,
52,0.0,1.0,299.0,52.0,14.0,299.0,0.1,,,0.0,,,,,,,,,,,,,,,,7.184539029491803,3.7597049262044866,13.125418723102165,1.0,,,,,,,,,,,,,,,,,,,,,,,,,,,,,,,,,,,,
53,0.0,1.0,312.0,53.0,13.0,312.0,0.1,,,0.0,,,,,,,,,,,,,,,,6.727548283829467,3.506985965126692,12.2478977001032,1.0,,,,,,,,,,,,,,,,,,,,,,,,,,,,,,,,,,,,
54,0.0,1.0,315.0,54.0,3.0,315.0,0.1,,,0.0,,,,,,,,,,,,,,,,1.9867,0.8042933420089962,2.9701,1.0,,,,,,,,,,,,,,,,,,,,,,,,,,,,,,,,,,,,
55,0.0,1.0,318.0,55.0,3.0,318.0,0.1,,,0.0,,,,,,,,,,,,,,,,1.9867,0.8042933420089962,2.9701,1.0,,,,,,,,,,,,,,,,,,,,,,,,,,,,,,,,,,,,
56,0.0,1.0,337.0,56.0,19.0,337.0,0.1,,,0.0,,,,,,,,,,,,,,,,9.424703998542563,4.984445784024267,17.38313761644132,1.0,,,,,,,,,,,,,,,,,,,,,,,,,,,,,,,,,,,,
57,0.0,1.0,340.0,57.0,3.0,340.0,0.1,,,0.0,,,,,,,,,,,,,,,,1.9867,0.8042933420089962,2.9701,1.0,,,,,,,,,,,,,,,,,,,,,,,,,,,,,,,,,,,,
58,0.0,1.0,345.0,58.0,5.0,345.0,0.1,,,0.0,,,,,,,,,,,,,,,,2.960298802,1.3792204603784504,4.90099501,1.0,,,,,,,,,,,,,,,,,,,,,,,,,,,,,,,,,,,,
59,0.0,1.0,350.0,59.0,5.0,350.0,0.1,,,0.0,,,,,,,,,,,,,,,,2.960298802,1.3792204603784504,4.90099501,1.0,,,,,,,,,,,,,,,,,,,,,,,,,,,,,,,,,,,,
60,0.0,1.0,357.0,60.0,7.0,357.0,0.1,,,0.0,,,,,,,,,,,,,,,,3.920992039885856,1.9311631961290656,6.793465209300998,1.0,,,,,,,,,,,,,,,,,,,,,,,,,,,,,,,,,,,,
61,0.0,1.0,362.0,61.0,5.0,362.0,0.1,,,0.0,,,,,,,,,,,,,,,,2.960298802,1.3792204603784504,4.90099501,1.0,,,,,,,,,,,,,,,,,,,,,,,,,,,,,,,,,,,,
62,0.0,1.0,366.0,62.0,4.0,366.0,0.1,,,0.0,,,,,,,,,,,,,,,,2.47512475,1.0958293864638269,3.940399,1.0,,,,,,,,,,,,,,,,,,,,,,,,,,,,,,,,,,,,
63,0.0,1.0,370.0,63.0,4.0,370.0,0.1,,,0.0,,,,,,,,,,,,,,,,2.47512475,1.0958293864638269,3.940399,1.0,,,,,,,,,,,,,,,,,,,,,,,,,,,,,,,,,,,,
64,0.0,1.0,374.0,64.0,4.0,374.0,0.1,,,0.0,,,,,,,,,,,,,,,,2.47512475,1.0958293864638269,3.940399,1.0,,,,,,,,,,,,,,,,,,,,,,,,,,,,,,,,,,,,
65,0.0,1.0,386.0,65.0,12.0,386.0,0.1,,,0.0,,,,,,,,,,,,,,,,6.267519165806655,3.251571134644539,11.36151282838707,1.0,,,,,,,,,,,,,,,,,,,,,,,,,,,,,,,,,,,,
66,0.0,1.0,389.0,66.0,3.0,389.0,0.1,,,0.0,,,,,,,,,,,,,,,,1.9867,0.8042933420089962,2.9701,1.0,,,,,,,,,,,,,,,,,,,,,,,,,,,,,,,,,,,,
67,0.0,1.0,392.0,67.0,3.0,392.0,0.1,,,0.0,,,,,,,,,,,,,,,,1.9867,0.8042933420089962,2.9701,1.0,,,,,,,,,,,,,,,,,,,,,,,,,,,,,,,,,,,,
68,0.0,1.0,400.0,68.0,8.0,400.0,0.1,,,0.0,,,,,,,,,,,,,,,,4.396559354551124,2.2014466321645245,7.725530557207988,1.0,,,,,,,,,,,,,,,,,,,,,,,,,,,,,,,,,,,,
69,0.0,1.0,409.0,69.0,9.0,409.0,0.1,,,0.0,,,,,,,,,,,,,,,,4.868972232004988,2.4684556783231795,8.648275251635907,1.0,,,,,,,,,,,,,,,,,,,,,,,,,,,,,,,,,,,,
70,0.0,1.0,415.0,70.0,6.0,415.0,0.1,,,0.0,,,,,,,,,,,,,,,,3.44224651165,1.657279559837906,5.8519850599000005,1.0,,,,,,,,,,,,,,,,,,,,,,,,,,,,,,,,,,,,
71,0.0,1.0,419.0,71.0,4.0,419.0,0.1,,,0.0,,,,,,,,,,,,,,,,2.47512475,1.0958293864638269,3.940399,1.0,,,,,,,,,,,,,,,,,,,,,,,,,,,,,,,,,,,,
72,0.0,1.0,429.0,72.0,10.0,429.0,0.1,,,0.0,,,,,,,,,,,,,,,,5.338254258716446,2.7323939462696547,9.561792499119552,1.0,,,,,,,,,,,,,,,,,,,,,,,,,,,,,,,,,,,,
73,0.0,1.0,435.0,73.0,6.0,435.0,0.1,,,0.0,,,,,,,,,,,,,,,,3.44224651165,1.657279559837906,5.8519850599000005,1.0,,,,,,,,,,,,,,,,,,,,,,,,,,,,,,,,,,,,
74,0.0,1.0,439.0,74.0,4.0,439.0,0.1,,,0.0,,,,,,,,,,,,,,,,2.47512475,1.0958293864638269,3.940399,1.0,,,,,,,,,,,,,,,,,,,,,,,,,,,,,,,,,,,,
75,0.0,1.0,454.0,75.0,15.0,454.0,0.1,,,0.0,,,,,,,,,,,,,,,,7.638514063250426,4.009779174449701,13.994164535871143,1.0,,,,,,,,,,,,,,,,,,,,,,,,,,,,,,,,,,,,
76,0.0,1.0,464.0,76.0,10.0,464.0,0.1,,,0.0,,,,,,,,,,,,,,,,5.338254258716446,2.7323939462696547,9.561792499119552,1.0,,,,,,,,,,,,,,,,,,,,,,,,,,,,,,,,,,,,
77,0.0,1.0,470.0,77.0,6.0,470.0,0.1,,,0.0,,,,,,,,,,,,,,,,3.44224651165,1.657279559837906,5.8519850599000005,1.0,,,,,,,,,,,,,,,,,,,,,,,,,,,,,,,,,,,,
78,0.0,1.0,478.0,78.0,8.0,478.0,0.1,,,0.0,,,,,,,,,,,,,,,,4.396559354551124,2.2014466321645245,7.725530557207988,1.0,,,,,,,,,,,,,,,,,,,,,,,,,,,,,,,,,,,,
79,0.0,1.0,486.0,79.0,8.0,486.0,0.1,,,0.0,,,,,,,,,,,,,,,,4.396559354551124,2.2014466321645245,7.725530557207988,1.0,,,,,,,,,,,,,,,,,,,,,,,,,,,,,,,,,,,,
80,0.0,1.0,491.0,80.0,5.0,491.0,0.1,,,0.0,,,,,,,,,,,,,,,,2.960298802,1.3792204603784504,4.90099501,1.0,,,,,,,,,,,,,,,,,,,,,,,,,,,,,,,,,,,,
81,0.0,1.0,494.0,81.0,3.0,494.0,0.1,,,0.0,,,,,,,,,,,,,,,,1.9867,0.8042933420089962,2.9701,1.0,,,,,,,,,,,,,,,,,,,,,,,,,,,,,,,,,,,,
82,0.0,1.0,499.0,82.0,5.0,499.0,0.1,,,0.0,,,,,,,,,,,,,,,,2.960298802,1.3792204603784504,4.90099501,1.0,,,,,,,,,,,,,,,,,,,,,,,,,,,,,,,,,,,,
83,0.0,1.0,503.0,83.0,4.0,503.0,0.1,,,0.0,,,,,,,,,,,,,,,,2.47512475,1.0958293864638269,3.940399,1.0,,,,,,,,,,,,,,,,,,,,,,,,,,,,,,,,,,,,
84,0.0,1.0,507.0,84.0,4.0,507.0,0.1,,,0.0,,,,,,,,,,,,,,,,2.47512475,1.0958293864638269,3.940399,1.0,,,,,,,,,,,,,,,,,,,,,,,,,,,,,,,,,,,,
85,0.0,1.0,513.0,85.0,6.0,513.0,0.1,,,0.0,,,,,,,,,,,,,,,,3.44224651165,1.657279559837906,5.8519850599000005,1.0,,,,,,,,,,,,,,,,,,,,,,,,,,,,,,,,,,,,
86,0.0,1.0,524.0,86.0,11.0,524.0,0.1,,,0.0,,,,,,,,,,,,,,,,5.804428832844801,2.993399215062785,10.466174574128354,1.0,,,,,,,,,,,,,,,,,,,,,,,,,,,,,,,,,,,,
87,0.0,1.0,527.0,87.0,3.0,527.0,0.1,,,0.0,,,,,,,,,,,,,,,,1.9867,0.8042933420089962,2.9701,1.0,,,,,,,,,,,,,,,,,,,,,,,,,,,,,,,,,,,,
88,0.0,1.0,535.0,88.0,8.0,535.0,0.1,,,0.0,,,,,,,,,,,,,,,,4.396559354551124,2.2014466321645245,7.725530557207988,1.0,,,,,,,,,,,,,,,,,,,,,,,,,,,,,,,,,,,,
89,0.0,1.0,543.0,89.0,8.0,543.0,0.1,,,0.0,,,,,,,,,,,,,,,,4.396559354551124,2.2014466321645245,7.725530557207988,1.0,,,,,,,,,,,,,,,,,,,,,,,,,,,,,,,,,,,,
90,0.0,1.0,546.0,90.0,3.0,546.0,0.1,,,0.0,,,,,,,,,,,,,,,,1.9867,0.8042933420089962,2.9701,1.0,,,,,,,,,,,,,,,,,,,,,,,,,,,,,,,,,,,,
91,0.0,1.0,553.0,91.0,7.0,553.0,0.1,,,0.0,,,,,,,,,,,,,,,,3.920992039885856,1.9311631961290656,6.793465209300998,1.0,,,,,,,,,,,,,,,,,,,,,,,,,,,,,,,,,,,,
92,0.0,1.0,557.0,92.0,4.0,557.0,0.1,,,0.0,,,,,,,,,,,,,,,,2.47512475,1.0958293864638269,3.940399,1.0,,,,,,,,,,,,,,,,,,,,,,,,,,,,,,,,,,,,
93,0.0,1.0,560.0,93.0,3.0,560.0,0.1,,,0.0,,,,,,,,,,,,,,,,1.9867,0.8042933420089962,2.9701,1.0,,,,,,,,,,,,,,,,,,,,,,,,,,,,,,,,,,,,
94,0.0,1.0,563.0,94.0,3.0,563.0,0.1,,,0.0,,,,,,,,,,,,,,,,1.9867,0.8042933420089962,2.9701,1.0,,,,,,,,,,,,,,,,,,,,,,,,,,,,,,,,,,,,
95,0.0,1.0,569.0,95.0,6.0,569.0,0.1,,,0.0,,,,,,,,,,,,,,,,3.44224651165,1.657279559837906,5.8519850599000005,1.0,,,,,,,,,,,,,,,,,,,,,,,,,,,,,,,,,,,,
96,0.0,1.0,572.0,96.0,3.0,572.0,0.1,,,0.0,,,,,,,,,,,,,,,,1.9867,0.8042933420089962,2.9701,1.0,,,,,,,,,,,,,,,,,,,,,,,,,,,,,,,,,,,,
97,0.0,1.0,582.0,97.0,10.0,582.0,0.1,,,0.0,,,,,,,,,,,,,,,,5.338254258716446,2.7323939462696547,9.561792499119552,1.0,,,,,,,,,,,,,,,,,,,,,,,,,,,,,,,,,,,,
98,0.0,1.0,590.0,98.0,8.0,590.0,0.1,,,0.0,,,,,,,,,,,,,,,,4.396559354551124,2.2014466321645245,7.725530557207988,1.0,,,,,,,,,,,,,,,,,,,,,,,,,,,,,,,,,,,,
99,0.0,1.0,593.0,99.0,3.0,593.0,0.1,,,0.0,,,,,,,,,,,,,,,,1.9867,0.8042933420089962,2.9701,1.0,,,,,,,,,,,,,,,,,,,,,,,,,,,,,,,,,,,,
100,0.0,1.0,601.0,100.0,8.0,601.0,0.1,,,0.0,,,,,,,,,,,,,,,,4.396559354551124,2.2014466321645245,7.725530557207988,1.0,,,,,,,,,,,,,,,,,,,,,,,,,,,,,,,,,,,,
101,0.0,1.0,604.0,101.0,3.0,604.0,0.1,,,0.0,,,,,,,,,,,,,,,,1.9867,0.8042933420089962,2.9701,1.0,,,,,,,,,,,,,,,,,,,,,,,,,,,,,,,,,,,,
102,0.0,1.0,607.0,102.0,3.0,607.0,0.1,,,0.0,,,,,,,,,,,,,,,,1.9867,0.8042933420089962,2.9701,1.0,,,,,,,,,,,,,,,,,,,,,,,,,,,,,,,,,,,,
103,0.0,1.0,615.0,103.0,8.0,615.0,0.1,,,0.0,,,,,,,,,,,,,,,,4.396559354551124,2.2014466321645245,7.725530557207988,1.0,,,,,,,,,,,,,,,,,,,,,,,,,,,,,,,,,,,,
104,0.0,1.0,618.0,104.0,3.0,618.0,0.1,,,0.0,,,,,,,,,,,,,,,,1.9867,0.8042933420089962,2.9701,1.0,,,,,,,,,,,,,,,,,,,,,,,,,,,,,,,,,,,,
105,0.0,1.0,621.0,105.0,3.0,621.0,0.1,,,0.0,,,,,,,,,,,,,,,,1.9867,0.8042933420089962,2.9701,1.0,,,,,,,,,,,,,,,,,,,,,,,,,,,,,,,,,,,,
106,0.0,1.0,631.0,106.0,10.0,631.0,0.1,,,0.0,,,,,,,,,,,,,,,,5.338254258716446,2.7323939462696547,9.561792499119552,1.0,,,,,,,,,,,,,,,,,,,,,,,,,,,,,,,,,,,,
107,0.0,1.0,636.0,107.0,5.0,636.0,0.1,,,0.0,,,,,,,,,,,,,,,,2.960298802,1.3792204603784504,4.90099501,1.0,,,,,,,,,,,,,,,,,,,,,,,,,,,,,,,,,,,,
108,0.0,1.0,642.0,108.0,6.0,642.0,0.1,,,0.0,,,,,,,,,,,,,,,,3.44224651165,1.657279559837906,5.8519850599000005,1.0,,,,,,,,,,,,,,,,,,,,,,,,,,,,,,,,,,,,
109,0.0,1.0,647.0,109.0,5.0,647.0,0.1,,,0.0,,,,,,,,,,,,,,,,2.960298802,1.3792204603784504,4.90099501,1.0,,,,,,,,,,,,,,,,,,,,,,,,,,,,,,,,,,,,
110,0.0,1.0,650.0,110.0,3.0,650.0,0.1,,,0.0,,,,,,,,,,,,,,,,1.9867,0.8042933420089962,2.9701,1.0,,,,,,,,,,,,,,,,,,,,,,,,,,,,,,,,,,,,
111,0.0,1.0,655.0,111.0,5.0,655.0,0.1,,,0.0,,,,,,,,,,,,,,,,2.960298802,1.3792204603784504,4.90099501,1.0,,,,,,,,,,,,,,,,,,,,,,,,,,,,,,,,,,,,
112,0.0,1.0,662.0,112.0,7.0,662.0,0.1,,,0.0,,,,,,,,,,,,,,,,3.920992039885856,1.9311631961290656,6.793465209300998,1.0,,,,,,,,,,,,,,,,,,,,,,,,,,,,,,,,,,,,
113,0.0,1.0,666.0,113.0,4.0,666.0,0.1,,,0.0,,,,,,,,,,,,,,,,2.47512475,1.0958293864638269,3.940399,1.0,,,,,,,,,,,,,,,,,,,,,,,,,,,,,,,,,,,,
114,0.0,1.0,670.0,114.0,4.0,670.0,0.1,,,0.0,,,,,,,,,,,,,,,,2.47512475,1.0958293864638269,3.940399,1.0,,,,,,,,,,,,,,,,,,,,,,,,,,,,,,,,,,,,
115,0.0,1.0,677.0,115.0,7.0,677.0,0.1,,,0.0,,,,,,,,,,,,,,,,3.920992039885856,1.9311631961290656,6.793465209300998,1.0,,,,,,,,,,,,,,,,,,,,,,,,,,,,,,,,,,,,
116,0.0,1.0,683.0,116.0,6.0,683.0,0.1,,,0.0,,,,,,,,,,,,,,,,3.44224651165,1.657279559837906,5.8519850599000005,1.0,,,,,,,,,,,,,,,,,,,,,,,,,,,,,,,,,,,,
117,0.0,1.0,691.0,117.0,8.0,691.0,0.1,,,0.0,,,,,,,,,,,,,,,,4.396559354551124,2.2014466321645245,7.725530557207988,1.0,,,,,,,,,,,,,,,,,,,,,,,,,,,,,,,,,,,,
118,0.0,1.0,695.0,118.0,4.0,695.0,0.1,,,0.0,,,,,,,,,,,,,,,,2.47512475,1.0958293864638269,3.940399,1.0,,,,,,,,,,,,,,,,,,,,,,,,,,,,,,,,,,,,
119,0.0,1.0,699.0,119.0,4.0,699.0,0.1,,,0.0,,,,,,,,,,,,,,,,2.47512475,1.0958293864638269,3.940399,1.0,,,,,,,,,,,,,,,,,,,,,,,,,,,,,,,,,,,,
120,0.0,1.0,705.0,120.0,6.0,705.0,0.1,,,0.0,,,,,,,,,,,,,,,,3.44224651165,1.657279559837906,5.8519850599000005,1.0,,,,,,,,,,,,,,,,,,,,,,,,,,,,,,,,,,,,
121,0.0,1.0,726.0,121.0,21.0,726.0,0.1,,,0.0,,,,,,,,,,,,,,,,10.300280732879036,5.4568759064067045,19.027213177874135,1.0,,,,,,,,,,,,,,,,,,,,,,,,,,,,,,,,,,,,
122,0.0,1.0,731.0,122.0,5.0,731.0,0.1,,,0.0,,,,,,,,,,,,,,,,2.960298802,1.3792204603784504,4.90099501,1.0,,,,,,,,,,,,,,,,,,,,,,,,,,,,,,,,,,,,
123,0.0,1.0,734.0,123.0,3.0,734.0,0.1,,,0.0,,,,,,,,,,,,,,,,1.9867,0.8042933420089962,2.9701,1.0,,,,,,,,,,,,,,,,,,,,,,,,,,,,,,,,,,,,
124,0.0,1.0,740.0,124.0,6.0,740.0,0.1,,,0.0,,,,,,,,,,,,,,,,3.44224651165,1.657279559837906,5.8519850599000005,1.0,,,,,,,,,,,,,,,,,,,,,,,,,,,,,,,,,,,,
125,0.0,1.0,743.0,125.0,3.0,743.0,0.1,,,0.0,,,,,,,,,,,,,,,,1.9867,0.8042933420089962,2.9701,1.0,,,,,,,,,,,,,,,,,,,,,,,,,,,,,,,,,,,,
126,0.0,1.0,750.0,126.0,7.0,750.0,0.1,,,0.0,,,,,,,,,,,,,,,,3.920992039885856,1.9311631961290656,6.793465209300998,1.0,,,,,,,,,,,,,,,,,,,,,,,,,,,,,,,,,,,,
127,0.0,1.0,756.0,127.0,6.0,756.0,0.1,,,0.0,,,,,,,,,,,,,,,,3.44224651165,1.657279559837906,5.8519850599000005,1.0,,,,,,,,,,,,,,,,,,,,,,,,,,,,,,,,,,,,
128,0.0,1.0,763.0,128.0,7.0,763.0,0.1,,,0.0,,,,,,,,,,,,,,,,3.920992039885856,1.9311631961290656,6.793465209300998,1.0,,,,,,,,,,,,,,,,,,,,,,,,,,,,,,,,,,,,
129,0.0,1.0,767.0,129.0,4.0,767.0,0.1,,,0.0,,,,,,,,,,,,,,,,2.47512475,1.0958293864638269,3.940399,1.0,,,,,,,,,,,,,,,,,,,,,,,,,,,,,,,,,,,,
130,0.0,1.0,772.0,130.0,5.0,772.0,0.1,,,0.0,,,,,,,,,,,,,,,,2.960298802,1.3792204603784504,4.90099501,1.0,,,,,,,,,,,,,,,,,,,,,,,,,,,,,,,,,,,,
131,0.0,1.0,775.0,131.0,3.0,775.0,0.1,,,0.0,,,,,,,,,,,,,,,,1.9867,0.8042933420089962,2.9701,1.0,,,,,,,,,,,,,,,,,,,,,,,,,,,,,,,,,,,,
132,0.0,1.0,780.0,132.0,5.0,780.0,0.1,,,0.0,,,,,,,,,,,,,,,,2.960298802,1.3792204603784504,4.90099501,1.0,,,,,,,,,,,,,,,,,,,,,,,,,,,,,,,,,,,,
133,0.0,1.0,790.0,133.0,10.0,790.0,0.1,,,0.0,,,,,,,,,,,,,,,,5.338254258716446,2.7323939462696547,9.561792499119552,1.0,,,,,,,,,,,,,,,,,,,,,,,,,,,,,,,,,,,,
134,0.0,1.0,793.0,134.0,3.0,793.0,0.1,,,0.0,,,,,,,,,,,,,,,,1.9867,0.8042933420089962,2.9701,1.0,,,,,,,,,,,,,,,,,,,,,,,,,,,,,,,,,,,,
135,0.0,1.0,796.0,135.0,3.0,796.0,0.1,,,0.0,,,,,,,,,,,,,,,,1.9867,0.8042933420089962,2.9701,1.0,,,,,,,,,,,,,,,,,,,,,,,,,,,,,,,,,,,,
136,0.0,1.0,799.0,136.0,3.0,799.0,0.1,,,0.0,,,,,,,,,,,,,,,,1.9867,0.8042933420089962,2.9701,1.0,,,,,,,,,,,,,,,,,,,,,,,,,,,,,,,,,,,,
137,0.0,1.0,804.0,137.0,5.0,804.0,0.1,,,0.0,,,,,,,,,,,,,,,,2.960298802,1.3792204603784504,4.90099501,1.0,,,,,,,,,,,,,,,,,,,,,,,,,,,,,,,,,,,,
138,0.0,1.0,812.0,138.0,8.0,812.0,0.1,,,0.0,,,,,,,,,,,,,,,,4.396559354551124,2.2014466321645245,7.725530557207988,1.0,,,,,,,,,,,,,,,,,,,,,,,,,,,,,,,,,,,,
139,0.0,1.0,817.0,139.0,5.0,817.0,0.1,,,0.0,,,,,,,,,,,,,,,,2.960298802,1.3792204603784504,4.90099501,1.0,,,,,,,,,,,,,,,,,,,,,,,,,,,,,,,,,,,,
140,0.0,1.0,820.0,140.0,3.0,820.0,0.1,,,0.0,,,,,,,,,,,,,,,,1.9867,0.8042933420089962,2.9701,1.0,,,,,,,,,,,,,,,,,,,,,,,,,,,,,,,,,,,,
141,0.0,1.0,823.0,141.0,3.0,823.0,0.1,,,0.0,,,,,,,,,,,,,,,,1.9867,0.8042933420089962,2.9701,1.0,,,,,,,,,,,,,,,,,,,,,,,,,,,,,,,,,,,,
142,0.0,1.0,827.0,142.0,4.0,827.0,0.1,,,0.0,,,,,,,,,,,,,,,,2.47512475,1.0958293864638269,3.940399,1.0,,,,,,,,,,,,,,,,,,,,,,,,,,,,,,,,,,,,
143,0.0,1.0,830.0,143.0,3.0,830.0,0.1,,,0.0,,,,,,,,,,,,,,,,1.9867,0.8042933420089962,2.9701,1.0,,,,,,,,,,,,,,,,,,,,,,,,,,,,,,,,,,,,
144,0.0,1.0,844.0,144.0,14.0,844.0,0.1,,,0.0,,,,,,,,,,,,,,,,7.184539029491803,3.7597049262044866,13.125418723102165,1.0,,,,,,,,,,,,,,,,,,,,,,,,,,,,,,,,,,,,
145,0.0,1.0,849.0,145.0,5.0,849.0,0.1,,,0.0,,,,,,,,,,,,,,,,2.960298802,1.3792204603784504,4.90099501,1.0,,,,,,,,,,,,,,,,,,,,,,,,,,,,,,,,,,,,
146,0.0,1.0,853.0,146.0,4.0,853.0,0.1,,,0.0,,,,,,,,,,,,,,,,2.47512475,1.0958293864638269,3.940399,1.0,,,,,,,,,,,,,,,,,,,,,,,,,,,,,,,,,,,,
147,0.0,1.0,857.0,147.0,4.0,857.0,0.1,,,0.0,,,,,,,,,,,,,,,,2.47512475,1.0958293864638269,3.940399,1.0,,,,,,,,,,,,,,,,,,,,,,,,,,,,,,,,,,,,
148,0.0,1.0,860.0,148.0,3.0,860.0,0.1,,,0.0,,,,,,,,,,,,,,,,1.9867,0.8042933420089962,2.9701,1.0,,,,,,,,,,,,,,,,,,,,,,,,,,,,,,,,,,,,
149,0.0,1.0,863.0,149.0,3.0,863.0,0.1,,,0.0,,,,,,,,,,,,,,,,1.9867,0.8042933420089962,2.9701,1.0,,,,,,,,,,,,,,,,,,,,,,,,,,,,,,,,,,,,
150,0.0,1.0,869.0,150.0,6.0,869.0,0.1,,,0.0,,,,,,,,,,,,,,,,3.44224651165,1.657279559837906,5.8519850599000005,1.0,,,,,,,,,,,,,,,,,,,,,,,,,,,,,,,,,,,,
151,0.0,1.0,873.0,151.0,4.0,873.0,0.1,,,0.0,,,,,,,,,,,,,,,,2.47512475,1.0958293864638269,3.940399,1.0,,,,,,,,,,,,,,,,,,,,,,,,,,,,,,,,,,,,
152,0.0,1.0,882.0,152.0,9.0,882.0,0.1,,,0.0,,,,,,,,,,,,,,,,4.868972232004988,2.4684556783231795,8.648275251635907,1.0,,,,,,,,,,,,,,,,,,,,,,,,,,,,,,,,,,,,
153,0.0,1.0,888.0,153.0,6.0,888.0,0.1,,,0.0,,,,,,,,,,,,,,,,3.44224651165,1.657279559837906,5.8519850599000005,1.0,,,,,,,,,,,,,,,,,,,,,,,,,,,,,,,,,,,,
154,0.0,1.0,895.0,154.0,7.0,895.0,0.1,,,0.0,,,,,,,,,,,,,,,,3.920992039885856,1.9311631961290656,6.793465209300998,1.0,,,,,,,,,,,,,,,,,,,,,,,,,,,,,,,,,,,,
155,0.0,1.0,902.0,155.0,7.0,902.0,0.1,,,0.0,,,,,,,,,,,,,,,,3.920992039885856,1.9311631961290656,6.793465209300998,1.0,,,,,,,,,,,,,,,,,,,,,,,,,,,,,,,,,,,,
156,0.0,1.0,905.0,156.0,3.0,905.0,0.1,,,0.0,,,,,,,,,,,,,,,,1.9867,0.8042933420089962,2.9701,1.0,,,,,,,,,,,,,,,,,,,,,,,,,,,,,,,,,,,,
157,0.0,1.0,910.0,157.0,5.0,910.0,0.1,,,0.0,,,,,,,,,,,,,,,,2.960298802,1.3792204603784504,4.90099501,1.0,,,,,,,,,,,,,,,,,,,,,,,,,,,,,,,,,,,,
158,0.0,1.0,913.0,158.0,3.0,913.0,0.1,,,0.0,,,,,,,,,,,,,,,,1.9867,0.8042933420089962,2.9701,1.0,,,,,,,,,,,,,,,,,,,,,,,,,,,,,,,,,,,,
159,0.0,1.0,916.0,159.0,3.0,916.0,0.1,,,0.0,,,,,,,,,,,,,,,,1.9867,0.8042933420089962,2.9701,1.0,,,,,,,,,,,,,,,,,,,,,,,,,,,,,,,,,,,,
160,0.0,1.0,919.0,160.0,3.0,919.0,0.1,,,0.0,,,,,,,,,,,,,,,,1.9867,0.8042933420089962,2.9701,1.0,,,,,,,,,,,,,,,,,,,,,,,,,,,,,,,,,,,,
161,0.0,1.0,930.0,161.0,11.0,930.0,0.1,,,0.0,,,,,,,,,,,,,,,,5.804428832844801,2.993399215062785,10.466174574128354,1.0,,,,,,,,,,,,,,,,,,,,,,,,,,,,,,,,,,,,
162,0.0,1.0,936.0,162.0,6.0,936.0,0.1,,,0.0,,,,,,,,,,,,,,,,3.44224651165,1.657279559837906,5.8519850599000005,1.0,,,,,,,,,,,,,,,,,,,,,,,,,,,,,,,,,,,,
163,0.0,1.0,949.0,163.0,13.0,949.0,0.1,,,0.0,,,,,,,,,,,,,,,,6.727548283829467,3.506985965126692,12.2478977001032,1.0,,,,,,,,,,,,,,,,,,,,,,,,,,,,,,,,,,,,
164,0.0,1.0,959.0,164.0,10.0,959.0,0.1,,,0.0,,,,,,,,,,,,,,,,5.338254258716446,2.7323939462696547,9.561792499119552,1.0,,,,,,,,,,,,,,,,,,,,,,,,,,,,,,,,,,,,
165,0.0,1.0,962.0,165.0,3.0,962.0,0.1,,,0.0,,,,,,,,,,,,,,,,1.9867,0.8042933420089962,2.9701,1.0,,,,,,,,,,,,,,,,,,,,,,,,,,,,,,,,,,,,
166,0.0,1.0,966.0,166.0,4.0,966.0,0.1,,,0.0,,,,,,,,,,,,,,,,2.47512475,1.0958293864638269,3.940399,1.0,,,,,,,,,,,,,,,,,,,,,,,,,,,,,,,,,,,,
167,0.0,1.0,969.0,167.0,3.0,969.0,0.1,,,0.0,,,,,,,,,,,,,,,,1.9867,0.8042933420089962,2.9701,1.0,,,,,,,,,,,,,,,,,,,,,,,,,,,,,,,,,,,,
168,0.0,1.0,979.0,168.0,10.0,979.0,0.1,,,0.0,,,,,,,,,,,,,,,,5.338254258716446,2.7323939462696547,9.561792499119552,1.0,,,,,,,,,,,,,,,,,,,,,,,,,,,,,,,,,,,,
169,0.0,1.0,984.0,169.0,5.0,984.0,0.1,,,0.0,,,,,,,,,,,,,,,,2.960298802,1.3792204603784504,4.90099501,1.0,,,,,,,,,,,,,,,,,,,,,,,,,,,,,,,,,,,,
170,0.0,1.0,992.0,170.0,8.0,992.0,0.1,,,0.0,,,,,,,,,,,,,,,,4.396559354551124,2.2014466321645245,7.725530557207988,1.0,,,,,,,,,,,,,,,,,,,,,,,,,,,,,,,,,,,,
171,0.0,1.0,996.0,171.0,4.0,996.0,0.1,,,0.0,,,,,,,,,,,,,,,,2.47512475,1.0958293864638269,3.940399,1.0,,,,,,,,,,,,,,,,,,,,,,,,,,,,,,,,,,,,
172,0.0,1.0,1005.0,172.0,9.0,1005.0,0.1,,,0.0,,,,,,,,,,,,,,,,4.868972232004988,2.4684556783231795,8.648275251635907,1.0,,,,,,,,,,,,,,,,,,,,,,,,,,,,,,,,,,,,
173,0.0,1.0,1011.0,173.0,6.0,1011.0,0.1,,,0.0,,,,,,,,,,,,,,,,3.44224651165,1.657279559837906,5.8519850599000005,1.0,,,,,,,,,,,,,,,,,,,,,,,,,,,,,,,,,,,,
174,0.0,1.0,1015.0,174.0,4.0,1015.0,0.1,,,0.0,,,,,,,,,,,,,,,,2.47512475,1.0958293864638269,3.940399,1.0,,,,,,,,,,,,,,,,,,,,,,,,,,,,,,,,,,,,
175,0.0,1.0,1030.0,175.0,15.0,1030.0,0.1,,,0.0,,,,,,,,,,,,,,,,7.638514063250426,4.009779174449701,13.994164535871143,1.0,,,,,,,,,,,,,,,,,,,,,,,,,,,,,,,,,,,,
176,0.0,0.0,1034.0,176.0,4.0,1034.0,0.1,4.0,4.0,0.0,,,,,,,,,,,,,,,,2.47512475,1.0958293864638269,3.940399,1.0,,,,,,,,,,,,,,,,,,,,,,,,,,,,,,,,,,,,
177,0.0,0.0,1051.0,177.0,17.0,1051.0,0.1,17.0,17.0,0.0,,,,,,,,,,,,,,,,8.537506735345652,4.5021653169992994,15.705680661607307,1.0,,,,,,,,,,,,,,,,,,,,,,,,,,,,,,,,,,,,
178,0.0,0.0,1068.0,178.0,17.0,1068.0,0.1,17.0,17.0,0.0,,,,,,,,,,,,,,,,8.537506735345652,4.5021653169992994,15.705680661607307,1.0,,,,,,,,,,,,,,,,,,,,,,,,,,,,,,,,,,,,
179,0.0,0.0,1074.0,179.0,6.0,1074.0,0.1,6.0,6.0,0.0,,,,,,,,,,,,,,,,3.44224651165,1.657279559837906,5.8519850599000005,1.0,,,,,,,,,,,,,,,,,,,,,,,,,,,,,,,,,,,,
180,0.0,0.0,1080.0,180.0,6.0,1080.0,0.1,6.0,6.0,0.0,,,,,,,,,,,,,,,,3.44224651165,1.657279559837906,5.8519850599000005,1.0,,,,,,,,,,,,,,,,,,,,,,,,,,,,,,,,,,,,
181,0.0,0.0,1086.0,181.0,6.0,1086.0,0.1,6.0,6.0,0.0,,,,,,,,,,,,,,,,3.44224651165,1.657279559837906,5.8519850599000005,1.0,,,,,,,,,,,,,,,,,,,,,,,,,,,,,,,,,,,,
182,0.0,0.0,1096.0,182.0,10.0,1096.0,0.1,10.0,10.0,0.0,,,,,,,,,,,,,,,,5.338254258716446,2.7323939462696547,9.561792499119552,1.0,,,,,,,,,,,,,,,,,,,,,,,,,,,,,,,,,,,,
183,0.0,0.0,1101.0,183.0,5.0,1101.0,0.1,5.0,5.0,0.0,,,,,,,,,,,,,,,,2.960298802,1.3792204603784504,4.90099501,1.0,,,,,,,,,,,,,,,,,,,,,,,,,,,,,,,,,,,,
184,0.0,0.0,1105.0,184.0,4.0,1105.0,0.1,4.0,4.0,0.0,,,,,,,,,,,,,,,,2.47512475,1.0958293864638269,3.940399,1.0,,,,,,,,,,,,,,,,,,,,,,,,,,,,,,,,,,,,
185,0.0,0.0,1114.0,185.0,9.0,1114.0,0.1,9.0,9.0,0.0,,,,,,,,,,,,,,,,4.868972232004988,2.4684556783231795,8.648275251635907,1.0,,,,,,,,,,,,,,,,,,,,,,,,,,,,,,,,,,,,
186,0.0,0.0,1118.0,186.0,4.0,1118.0,0.1,4.0,4.0,0.0,,,,,,,,,,,,,,,,2.47512475,1.0958293864638269,3.940399,1.0,,,,,,,,,,,,,,,,,,,,,,,,,,,,,,,,,,,,
187,0.0,0.0,1125.0,187.0,7.0,1125.0,0.1,7.0,7.0,0.0,,,,,,,,,,,,,,,,3.920992039885856,1.9311631961290656,6.793465209300998,1.0,,,,,,,,,,,,,,,,,,,,,,,,,,,,,,,,,,,,
188,0.0,0.0,1133.0,188.0,8.0,1133.0,0.1,8.0,8.0,0.0,,,,,,,,,,,,,,,,4.396559354551124,2.2014466321645245,7.725530557207988,1.0,,,,,,,,,,,,,,,,,,,,,,,,,,,,,,,,,,,,
189,0.0,0.0,1136.0,189.0,3.0,1136.0,0.1,3.0,3.0,0.0,,,,,,,,,,,,,,,,1.9867,0.8042933420089962,2.9701,1.0,,,,,,,,,,,,,,,,,,,,,,,,,,,,,,,,,,,,
190,0.0,0.0,1140.0,190.0,4.0,1140.0,0.1,4.0,4.0,0.0,,,,,,,,,,,,,,,,2.47512475,1.0958293864638269,3.940399,1.0,,,,,,,,,,,,,,,,,,,,,,,,,,,,,,,,,,,,
191,0.0,0.0,1152.0,191.0,12.0,1152.0,0.1,12.0,12.0,0.0,,,,,,,,,,,,,,,,6.267519165806655,3.251571134644539,11.36151282838707,1.0,,,,,,,,,,,,,,,,,,,,,,,,,,,,,,,,,,,,
192,0.0,0.0,1165.0,192.0,13.0,1165.0,0.1,13.0,13.0,0.0,,,,,,,,,,,,,,,,6.727548283829467,3.506985965126692,12.2478977001032,1.0,,,,,,,,,,,,,,,,,,,,,,,,,,,,,,,,,,,,
193,0.0,0.0,1169.0,193.0,4.0,1169.0,0.1,4.0,4.0,0.0,,,,,,,,,,,,,,,,2.47512475,1.0958293864638269,3.940399,1.0,,,,,,,,,,,,,,,,,,,,,,,,,,,,,,,,,,,,
194,0.0,0.0,1176.0,194.0,7.0,1176.0,0.1,7.0,7.0,0.0,,,,,,,,,,,,,,,,3.920992039885856,1.9311631961290656,6.793465209300998,1.0,,,,,,,,,,,,,,,,,,,,,,,,,,,,,,,,,,,,
195,0.0,0.0,1190.0,195.0,14.0,1190.0,0.1,14.0,14.0,0.0,,,,,,,,,,,,,,,,7.184539029491803,3.7597049262044866,13.125418723102165,1.0,,,,,,,,,,,,,,,,,,,,,,,,,,,,,,,,,,,,
196,0.0,0.0,1196.0,196.0,6.0,1196.0,0.1,6.0,6.0,0.0,,,,,,,,,,,,,,,,3.44224651165,1.657279559837906,5.8519850599000005,1.0,,,,,,,,,,,,,,,,,,,,,,,,,,,,,,,,,,,,
197,0.0,0.0,1206.0,197.0,10.0,1206.0,0.1,10.0,10.0,0.0,,,,,,,,,,,,,,,,5.338254258716446,2.7323939462696547,9.561792499119552,1.0,,,,,,,,,,,,,,,,,,,,,,,,,,,,,,,,,,,,
198,0.0,0.0,1216.0,198.0,10.0,1216.0,0.1,10.0,10.0,0.0,,,,,,,,,,,,,,,,5.338254258716446,2.7323939462696547,9.561792499119552,1.0,,,,,,,,,,,,,,,,,,,,,,,,,,,,,,,,,,,,
199,0.0,0.0,1222.0,199.0,6.0,1222.0,0.1,6.0,6.0,0.0,,,,,,,,,,,,,,,,3.44224651165,1.657279559837906,5.8519850599000005,1.0,,,,,,,,,,,,,,,,,,,,,,,,,,,,,,,,,,,,
200,0.0,0.0,1228.0,200.0,6.0,1228.0,0.1,6.0,6.0,0.0,,,,,,,,,,,,,,,,3.44224651165,1.657279559837906,5.8519850599000005,1.0,,,,,,,,,,,,,,,,,,,,,,,,,,,,,,,,,,,,
201,0.0,0.0,1235.0,201.0,7.0,1235.0,0.1,7.0,7.0,0.0,,,,,,,,,,,,,,,,3.920992039885856,1.9311631961290656,6.793465209300998,1.0,,,,,,,,,,,,,,,,,,,,,,,,,,,,,,,,,,,,
202,0.0,0.0,1241.0,202.0,6.0,1241.0,0.1,6.0,6.0,0.0,,,,,,,,,,,,,,,,3.44224651165,1.657279559837906,5.8519850599000005,1.0,,,,,,,,,,,,,,,,,,,,,,,,,,,,,,,,,,,,
203,0.0,0.0,1256.0,203.0,15.0,1256.0,0.1,15.0,15.0,0.0,,,,,,,,,,,,,,,,7.638514063250426,4.009779174449701,13.994164535871143,1.0,,,,,,,,,,,,,,,,,,,,,,,,,,,,,,,,,,,,
204,0.0,0.0,1260.0,204.0,4.0,1260.0,0.1,4.0,4.0,0.0,,,,,,,,,,,,,,,,2.47512475,1.0958293864638269,3.940399,1.0,,,,,,,,,,,,,,,,,,,,,,,,,,,,,,,,,,,,
205,0.0,0.0,1272.0,205.0,12.0,1272.0,0.1,12.0,12.0,0.0,,,,,,,,,,,,,,,,6.267519165806655,3.251571134644539,11.36151282838707,1.0,,,,,,,,,,,,,,,,,,,,,,,,,,,,,,,,,,,,
206,0.0,0.0,1276.0,206.0,4.0,1276.0,0.1,4.0,4.0,0.0,,,,,,,,,,,,,,,,2.47512475,1.0958293864638269,3.940399,1.0,,,,,,,,,,,,,,,,,,,,,,,,,,,,,,,,,,,,
207,0.0,0.0,1285.0,207.0,9.0,1285.0,0.1,9.0,9.0,0.0,,,,,,,,,,,,,,,,4.868972232004988,2.4684556783231795,8.648275251635907,1.0,,,,,,,,,,,,,,,,,,,,,,,,,,,,,,,,,,,,
208,0.0,0.0,1306.0,208.0,21.0,1306.0,0.1,21.0,21.0,0.0,,,,,,,,,,,,,,,,10.300280732879036,5.4568759064067045,19.027213177874135,1.0,,,,,,,,,,,,,,,,,,,,,,,,,,,,,,,,,,,,
209,0.0,0.0,1310.0,209.0,4.0,1310.0,0.1,4.0,4.0,0.0,,,,,,,,,,,,,,,,2.47512475,1.0958293864638269,3.940399,1.0,,,,,,,,,,,,,,,,,,,,,,,,,,,,,,,,,,,,
210,0.0,0.0,1317.0,210.0,7.0,1317.0,0.1,7.0,7.0,0.0,,,,,,,,,,,,,,,,3.920992039885856,1.9311631961290656,6.793465209300998,1.0,,,,,,,,,,,,,,,,,,,,,,,,,,,,,,,,,,,,
211,0.0,0.0,1323.0,211.0,6.0,1323.0,0.1,6.0,6.0,0.0,,,,,,,,,,,,,,,,3.44224651165,1.657279559837906,5.8519850599000005,1.0,,,,,,,,,,,,,,,,,,,,,,,,,,,,,,,,,,,,
212,0.0,0.0,1335.0,212.0,12.0,1335.0,0.1,12.0,12.0,0.0,,,,,,,,,,,,,,,,6.267519165806655,3.251571134644539,11.36151282838707,1.0,,,,,,,,,,,,,,,,,,,,,,,,,,,,,,,,,,,,
213,0.0,0.0,1341.0,213.0,6.0,1341.0,0.1,6.0,6.0,0.0,,,,,,,,,,,,,,,,3.44224651165,1.657279559837906,5.8519850599000005,1.0,,,,,,,,,,,,,,,,,,,,,,,,,,,,,,,,,,,,
214,0.0,0.0,1361.0,214.0,20.0,1361.0,0.1,20.0,20.0,0.0,,,,,,,,,,,,,,,,9.86393411062928,5.2218773942992875,18.209306240276906,1.0,,,,,,,,,,,,,,,,,,,,,,,,,,,,,,,,,,,,
215,0.0,0.0,1365.0,215.0,4.0,1365.0,0.1,4.0,4.0,0.0,,,,,,,,,,,,,,,,2.47512475,1.0958293864638269,3.940399,1.0,,,,,,,,,,,,,,,,,,,,,,,,,,,,,,,,,,,,
216,0.0,0.0,1371.0,216.0,6.0,1371.0,0.1,6.0,6.0,0.0,,,,,,,,,,,,,,,,3.44224651165,1.657279559837906,5.8519850599000005,1.0,,,,,,,,,,,,,,,,,,,,,,,,,,,,,,,,,,,,
217,0.0,0.0,1390.0,217.0,19.0,1390.0,0.1,19.0,19.0,0.0,,,,,,,,,,,,,,,,9.424703998542563,4.984445784024267,17.38313761644132,1.0,,,,,,,,,,,,,,,,,,,,,,,,,,,,,,,,,,,,
218,0.0,0.0,1397.0,218.0,7.0,1397.0,0.1,7.0,7.0,0.0,,,,,,,,,,,,,,,,3.920992039885856,1.9311631961290656,6.793465209300998,1.0,,,,,,,,,,,,,,,,,,,,,,,,,,,,,,,,,,,,
219,0.0,0.0,1402.0,219.0,5.0,1402.0,0.1,5.0,5.0,0.0,,,,,,,,,,,,,,,,2.960298802,1.3792204603784504,4.90099501,1.0,,,,,,,,,,,,,,,,,,,,,,,,,,,,,,,,,,,,
220,0.0,0.0,1431.0,220.0,29.0,1431.0,0.1,29.0,29.0,0.0,,,,,,,,,,,,,,,,13.689783926993243,7.252413693439139,25.282790566840355,1.0,,,,,,,,,,,,,,,,,,,,,,,,,,,,,,,,,,,,
221,0.0,0.0,1436.0,221.0,5.0,1436.0,0.1,5.0,5.0,0.0,,,,,,,,,,,,,,,,2.960298802,1.3792204603784504,4.90099501,1.0,,,,,,,,,,,,,,,,,,,,,,,,,,,,,,,,,,,,
222,0.0,0.0,1452.0,222.0,16.0,1452.0,0.1,16.0,16.0,0.0,,,,,,,,,,,,,,,,8.089495864954301,4.257252898951503,14.85422289051243,1.0,,,,,,,,,,,,,,,,,,,,,,,,,,,,,,,,,,,,
223,0.0,0.0,1465.0,223.0,13.0,1465.0,0.1,13.0,13.0,0.0,,,,,,,,,,,,,,,,6.727548283829467,3.506985965126692,12.2478977001032,1.0,,,,,,,,,,,,,,,,,,,,,,,,,,,,,,,,,,,,
224,0.0,0.0,1472.0,224.0,7.0,1472.0,0.1,7.0,7.0,0.0,,,,,,,,,,,,,,,,3.920992039885856,1.9311631961290656,6.793465209300998,1.0,,,,,,,,,,,,,,,,,,,,,,,,,,,,,,,,,,,,
225,0.0,0.0,1477.0,225.0,5.0,1477.0,0.1,5.0,5.0,0.0,,,,,,,,,,,,,,,,2.960298802,1.3792204603784504,4.90099501,1.0,,,,,,,,,,,,,,,,,,,,,,,,,,,,,,,,,,,,
226,0.0,0.0,1480.0,226.0,3.0,1480.0,0.1,3.0,3.0,0.0,,,,,,,,,,,,,,,,1.9867,0.8042933420089962,2.9701,1.0,,,,,,,,,,,,,,,,,,,,,,,,,,,,,,,,,,,,
227,0.0,0.0,1484.0,227.0,4.0,1484.0,0.1,4.0,4.0,0.0,,,,,,,,,,,,,,,,2.47512475,1.0958293864638269,3.940399,1.0,,,,,,,,,,,,,,,,,,,,,,,,,,,,,,,,,,,,
228,0.0,0.0,1496.0,228.0,12.0,1496.0,0.1,12.0,12.0,0.0,,,,,,,,,,,,,,,,6.267519165806655,3.251571134644539,11.36151282838707,1.0,,,,,,,,,,,,,,,,,,,,,,,,,,,,,,,,,,,,
229,0.0,0.0,1503.0,229.0,7.0,1503.0,0.1,7.0,7.0,0.0,,,,,,,,,,,,,,,,3.920992039885856,1.9311631961290656,6.793465209300998,1.0,,,,,,,,,,,,,,,,,,,,,,,,,,,,,,,,,,,,
230,0.0,0.0,1511.0,230.0,8.0,1511.0,0.1,8.0,8.0,0.0,,,,,,,,,,,,,,,,4.396559354551124,2.2014466321645245,7.725530557207988,1.0,,,,,,,,,,,,,,,,,,,,,,,,,,,,,,,,,,,,
231,0.0,0.0,1515.0,231.0,4.0,1515.0,0.1,4.0,4.0,0.0,,,,,,,,,,,,,,,,2.47512475,1.0958293864638269,3.940399,1.0,,,,,,,,,,,,,,,,,,,,,,,,,,,,,,,,,,,,
232,0.0,0.0,1521.0,232.0,6.0,1521.0,0.1,6.0,6.0,0.0,,,,,,,,,,,,,,,,3.44224651165,1.657279559837906,5.8519850599000005,1.0,,,,,,,,,,,,,,,,,,,,,,,,,,,,,,,,,,,,
233,0.0,0.0,1524.0,233.0,3.0,1524.0,0.1,3.0,3.0,0.0,,,,,,,,,,,,,,,,1.9867,0.8042933420089962,2.9701,1.0,,,,,,,,,,,,,,,,,,,,,,,,,,,,,,,,,,,,
234,0.0,0.0,1531.0,234.0,7.0,1531.0,0.1,7.0,7.0,0.0,,,,,,,,,,,,,,,,3.920992039885856,1.9311631961290656,6.793465209300998,1.0,,,,,,,,,,,,,,,,,,,,,,,,,,,,,,,,,,,,
235,0.0,0.0,1543.0,235.0,12.0,1543.0,0.1,12.0,12.0,0.0,,,,,,,,,,,,,,,,6.267519165806655,3.251571134644539,11.36151282838707,1.0,,,,,,,,,,,,,,,,,,,,,,,,,,,,,,,,,,,,
236,0.0,0.0,1547.0,236.0,4.0,1547.0,0.1,4.0,4.0,0.0,,,,,,,,,,,,,,,,2.47512475,1.0958293864638269,3.940399,1.0,,,,,,,,,,,,,,,,,,,,,,,,,,,,,,,,,,,,
237,0.0,0.0,1554.0,237.0,7.0,1554.0,0.1,7.0,7.0,0.0,,,,,,,,,,,,,,,,3.920992039885856,1.9311631961290656,6.793465209300998,1.0,,,,,,,,,,,,,,,,,,,,,,,,,,,,,,,,,,,,
238,0.0,0.0,1561.0,238.0,7.0,1561.0,0.1,7.0,7.0,0.0,,,,,,,,,,,,,,,,3.920992039885856,1.9311631961290656,6.793465209300998,1.0,,,,,,,,,,,,,,,,,,,,,,,,,,,,,,,,,,,,
239,0.0,0.0,1574.0,239.0,13.0,1574.0,0.1,13.0,13.0,0.0,,,,,,,,,,,,,,,,6.727548283829467,3.506985965126692,12.2478977001032,1.0,,,,,,,,,,,,,,,,,,,,,,,,,,,,,,,,,,,,
240,0.0,0.0,1591.0,240.0,17.0,1591.0,0.1,17.0,17.0,0.0,,,,,,,,,,,,,,,,8.537506735345652,4.5021653169992994,15.705680661607307,1.0,,,,,,,,,,,,,,,,,,,,,,,,,,,,,,,,,,,,
241,0.0,0.0,1597.0,241.0,6.0,1597.0,0.1,6.0,6.0,0.0,,,,,,,,,,,,,,,,3.44224651165,1.657279559837906,5.8519850599000005,1.0,,,,,,,,,,,,,,,,,,,,,,,,,,,,,,,,,,,,
242,0.0,0.0,1600.0,242.0,3.0,1600.0,0.1,3.0,3.0,0.0,,,,,,,,,,,,,,,,1.9867,0.8042933420089962,2.9701,1.0,,,,,,,,,,,,,,,,,,,,,,,,,,,,,,,,,,,,
243,0.0,0.0,1610.0,243.0,10.0,1610.0,0.1,10.0,10.0,0.0,,,,,,,,,,,,,,,,5.338254258716446,2.7323939462696547,9.561792499119552,1.0,,,,,,,,,,,,,,,,,,,,,,,,,,,,,,,,,,,,
244,0.0,0.0,1621.0,244.0,11.0,1621.0,0.1,11.0,11.0,0.0,,,,,,,,,,,,,,,,5.804428832844801,2.993399215062785,10.466174574128354,1.0,,,,,,,,,,,,,,,,,,,,,,,,,,,,,,,,,,,,
245,0.0,0.0,1634.0,245.0,13.0,1634.0,0.1,13.0,13.0,0.0,,,,,,,,,,,,,,,,6.727548283829467,3.506985965126692,12.2478977001032,1.0,,,,,,,,,,,,,,,,,,,,,,,,,,,,,,,,,,,,
246,0.0,0.0,1644.0,246.0,10.0,1644.0,0.1,10.0,10.0,0.0,,,,,,,,,,,,,,,,5.338254258716446,2.7323939462696547,9.561792499119552,1.0,,,,,,,,,,,,,,,,,,,,,,,,,,,,,,,,,,,,
247,0.0,0.0,1648.0,247.0,4.0,1648.0,0.1,4.0,4.0,0.0,,,,,,,,,,,,,,,,2.47512475,1.0958293864638269,3.940399,1.0,,,,,,,,,,,,,,,,,,,,,,,,,,,,,,,,,,,,
248,0.0,0.0,1655.0,248.0,7.0,1655.0,0.1,7.0,7.0,0.0,,,,,,,,,,,,,,,,3.920992039885856,1.9311631961290656,6.793465209300998,1.0,,,,,,,,,,,,,,,,,,,,,,,,,,,,,,,,,,,,
249,0.0,0.0,1661.0,249.0,6.0,1661.0,0.1,6.0,6.0,0.0,,,,,,,,,,,,,,,,3.44224651165,1.657279559837906,5.8519850599000005,1.0,,,,,,,,,,,,,,,,,,,,,,,,,,,,,,,,,,,,
250,0.0,0.0,1670.0,250.0,9.0,1670.0,0.1,9.0,9.0,0.0,,,,,,,,,,,,,,,,4.868972232004988,2.4684556783231795,8.648275251635907,1.0,,,,,,,,,,,,,,,,,,,,,,,,,,,,,,,,,,,,
251,0.0,0.0,1682.0,251.0,12.0,1682.0,0.1,12.0,12.0,0.0,,,,,,,,,,,,,,,,6.267519165806655,3.251571134644539,11.36151282838707,1.0,,,,,,,,,,,,,,,,,,,,,,,,,,,,,,,,,,,,
252,0.0,0.0,1687.0,252.0,5.0,1687.0,0.1,5.0,5.0,0.0,,,,,,,,,,,,,,,,2.960298802,1.3792204603784504,4.90099501,1.0,,,,,,,,,,,,,,,,,,,,,,,,,,,,,,,,,,,,
253,0.0,0.0,1693.0,253.0,6.0,1693.0,0.1,6.0,6.0,0.0,,,,,,,,,,,,,,,,3.44224651165,1.657279559837906,5.8519850599000005,1.0,,,,,,,,,,,,,,,,,,,,,,,,,,,,,,,,,,,,
254,0.0,0.0,1698.0,254.0,5.0,1698.0,0.1,5.0,5.0,0.0,,,,,,,,,,,,,,,,2.960298802,1.3792204603784504,4.90099501,1.0,,,,,,,,,,,,,,,,,,,,,,,,,,,,,,,,,,,,
255,0.0,0.0,1706.0,255.0,8.0,1706.0,0.1,8.0,8.0,0.0,,,,,,,,,,,,,,,,4.396559354551124,2.2014466321645245,7.725530557207988,1.0,,,,,,,,,,,,,,,,,,,,,,,,,,,,,,,,,,,,
256,0.0,0.0,1715.0,256.0,9.0,1715.0,0.1,9.0,9.0,0.0,,,,,,,,,,,,,,,,4.868972232004988,2.4684556783231795,8.648275251635907,1.0,,,,,,,,,,,,,,,,,,,,,,,,,,,,,,,,,,,,
257,0.0,0.0,1721.0,257.0,6.0,1721.0,0.1,6.0,6.0,0.0,,,,,,,,,,,,,,,,3.44224651165,1.657279559837906,5.8519850599000005,1.0,,,,,,,,,,,,,,,,,,,,,,,,,,,,,,,,,,,,
258,0.0,0.0,1726.0,258.0,5.0,1726.0,0.1,5.0,5.0,0.0,,,,,,,,,,,,,,,,2.960298802,1.3792204603784504,4.90099501,1.0,,,,,,,,,,,,,,,,,,,,,,,,,,,,,,,,,,,,
259,0.0,0.0,1738.0,259.0,12.0,1738.0,0.1,12.0,12.0,0.0,,,,,,,,,,,,,,,,6.267519165806655,3.251571134644539,11.36151282838707,1.0,,,,,,,,,,,,,,,,,,,,,,,,,,,,,,,,,,,,
260,0.0,0.0,1743.0,260.0,5.0,1743.0,0.1,5.0,5.0,0.0,,,,,,,,,,,,,,,,2.960298802,1.3792204603784504,4.90099501,1.0,,,,,,,,,,,,,,,,,,,,,,,,,,,,,,,,,,,,
261,0.0,0.0,1756.0,261.0,13.0,1756.0,0.1,13.0,13.0,0.0,,,,,,,,,,,,,,,,6.727548283829467,3.506985965126692,12.2478977001032,1.0,,,,,,,,,,,,,,,,,,,,,,,,,,,,,,,,,,,,
262,0.0,0.0,1760.0,262.0,4.0,1760.0,0.1,4.0,4.0,0.0,,,,,,,,,,,,,,,,2.47512475,1.0958293864638269,3.940399,1.0,,,,,,,,,,,,,,,,,,,,,,,,,,,,,,,,,,,,
263,0.0,0.0,1765.0,263.0,5.0,1765.0,0.1,5.0,5.0,0.0,,,,,,,,,,,,,,,,2.960298802,1.3792204603784504,4.90099501,1.0,,,,,,,,,,,,,,,,,,,,,,,,,,,,,,,,,,,,
264,0.0,0.0,1775.0,264.0,10.0,1775.0,0.1,10.0,10.0,0.0,,,,,,,,,,,,,,,,5.338254258716446,2.7323939462696547,9.561792499119552,1.0,,,,,,,,,,,,,,,,,,,,,,,,,,,,,,,,,,,,
265,0.0,0.0,1785.0,265.0,10.0,1785.0,0.1,10.0,10.0,0.0,,,,,,,,,,,,,,,,5.338254258716446,2.7323939462696547,9.561792499119552,1.0,,,,,,,,,,,,,,,,,,,,,,,,,,,,,,,,,,,,
266,0.0,0.0,1788.0,266.0,3.0,1788.0,0.1,3.0,3.0,0.0,,,,,,,,,,,,,,,,1.9867,0.8042933420089962,2.9701,1.0,,,,,,,,,,,,,,,,,,,,,,,,,,,,,,,,,,,,
267,0.0,0.0,1798.0,267.0,10.0,1798.0,0.1,10.0,10.0,0.0,,,,,,,,,,,,,,,,5.338254258716446,2.7323939462696547,9.561792499119552,1.0,,,,,,,,,,,,,,,,,,,,,,,,,,,,,,,,,,,,
268,0.0,0.0,1801.0,268.0,3.0,1801.0,0.1,3.0,3.0,0.0,,,,,,,,,,,,,,,,1.9867,0.8042933420089962,2.9701,1.0,,,,,,,,,,,,,,,,,,,,,,,,,,,,,,,,,,,,
269,0.0,0.0,1807.0,269.0,6.0,1807.0,0.1,6.0,6.0,0.0,,,,,,,,,,,,,,,,3.44224651165,1.657279559837906,5.8519850599000005,1.0,,,,,,,,,,,,,,,,,,,,,,,,,,,,,,,,,,,,
270,0.0,0.0,1815.0,270.0,8.0,1815.0,0.1,8.0,8.0,0.0,,,,,,,,,,,,,,,,4.396559354551124,2.2014466321645245,7.725530557207988,1.0,,,,,,,,,,,,,,,,,,,,,,,,,,,,,,,,,,,,
271,0.0,0.0,1824.0,271.0,9.0,1824.0,0.1,9.0,9.0,0.0,,,,,,,,,,,,,,,,4.868972232004988,2.4684556783231795,8.648275251635907,1.0,,,,,,,,,,,,,,,,,,,,,,,,,,,,,,,,,,,,
272,0.0,0.0,1849.0,272.0,25.0,1849.0,0.1,25.0,25.0,0.0,,,,,,,,,,,,,,,,12.017258322062117,6.373078819321137,22.21786406008531,1.0,,,,,,,,,,,,,,,,,,,,,,,,,,,,,,,,,,,,
273,0.0,0.0,1862.0,273.0,13.0,1862.0,0.1,13.0,13.0,0.0,,,,,,,,,,,,,,,,6.727548283829467,3.506985965126692,12.2478977001032,1.0,,,,,,,,,,,,,,,,,,,,,,,,,,,,,,,,,,,,
274,0.0,0.0,1868.0,274.0,6.0,1868.0,0.1,6.0,6.0,0.0,,,,,,,,,,,,,,,,3.44224651165,1.657279559837906,5.8519850599000005,1.0,,,,,,,,,,,,,,,,,,,,,,,,,,,,,,,,,,,,
275,0.0,0.0,1876.0,275.0,8.0,1876.0,0.1,8.0,8.0,0.0,,,,,,,,,,,,,,,,4.396559354551124,2.2014466321645245,7.725530557207988,1.0,,,,,,,,,,,,,,,,,,,,,,,,,,,,,,,,,,,,
276,0.0,0.0,1885.0,276.0,9.0,1885.0,0.1,9.0,9.0,0.0,,,,,,,,,,,,,,,,4.868972232004988,2.4684556783231795,8.648275251635907,1.0,,,,,,,,,,,,,,,,,,,,,,,,,,,,,,,,,,,,
277,0.0,0.0,1893.0,277.0,8.0,1893.0,0.1,8.0,8.0,0.0,,,,,,,,,,,,,,,,4.396559354551124,2.2014466321645245,7.725530557207988,1.0,,,,,,,,,,,,,,,,,,,,,,,,,,,,,,,,,,,,
278,0.0,0.0,1896.0,278.0,3.0,1896.0,0.1,3.0,3.0,0.0,,,,,,,,,,,,,,,,1.9867,0.8042933420089962,2.9701,1.0,,,,,,,,,,,,,,,,,,,,,,,,,,,,,,,,,,,,
279,0.0,0.0,1900.0,279.0,4.0,1900.0,0.1,4.0,4.0,0.0,,,,,,,,,,,,,,,,2.47512475,1.0958293864638269,3.940399,1.0,,,,,,,,,,,,,,,,,,,,,,,,,,,,,,,,,,,,
280,0.0,0.0,1905.0,280.0,5.0,1905.0,0.1,5.0,5.0,0.0,,,,,,,,,,,,,,,,2.960298802,1.3792204603784504,4.90099501,1.0,,,,,,,,,,,,,,,,,,,,,,,,,,,,,,,,,,,,
281,0.0,0.0,1915.0,281.0,10.0,1915.0,0.1,10.0,10.0,0.0,,,,,,,,,,,,,,,,5.338254258716446,2.7323939462696547,9.561792499119552,1.0,,,,,,,,,,,,,,,,,,,,,,,,,,,,,,,,,,,,
282,0.0,0.0,1920.0,282.0,5.0,1920.0,0.1,5.0,5.0,0.0,,,,,,,,,,,,,,,,2.960298802,1.3792204603784504,4.90099501,1.0,,,,,,,,,,,,,,,,,,,,,,,,,,,,,,,,,,,,
283,0.0,0.0,1926.0,283.0,6.0,1926.0,0.1,6.0,6.0,0.0,,,,,,,,,,,,,,,,3.44224651165,1.657279559837906,5.8519850599000005,1.0,,,,,,,,,,,,,,,,,,,,,,,,,,,,,,,,,,,,
284,0.0,0.0,1934.0,284.0,8.0,1934.0,0.1,8.0,8.0,0.0,,,,,,,,,,,,,,,,4.396559354551124,2.2014466321645245,7.725530557207988,1.0,,,,,,,,,,,,,,,,,,,,,,,,,,,,,,,,,,,,
285,0.0,0.0,1939.0,285.0,5.0,1939.0,0.1,5.0,5.0,0.0,,,,,,,,,,,,,,,,2.960298802,1.3792204603784504,4.90099501,1.0,,,,,,,,,,,,,,,,,,,,,,,,,,,,,,,,,,,,
286,0.0,0.0,1942.0,286.0,3.0,1942.0,0.1,3.0,3.0,0.0,,,,,,,,,,,,,,,,1.9867,0.8042933420089962,2.9701,1.0,,,,,,,,,,,,,,,,,,,,,,,,,,,,,,,,,,,,
287,0.0,0.0,1949.0,287.0,7.0,1949.0,0.1,7.0,7.0,0.0,,,,,,,,,,,,,,,,3.920992039885856,1.9311631961290656,6.793465209300998,1.0,,,,,,,,,,,,,,,,,,,,,,,,,,,,,,,,,,,,
288,0.0,0.0,1964.0,288.0,15.0,1964.0,0.1,15.0,15.0,0.0,,,,,,,,,,,,,,,,7.638514063250426,4.009779174449701,13.994164535871143,1.0,,,,,,,,,,,,,,,,,,,,,,,,,,,,,,,,,,,,
289,0.0,0.0,1970.0,289.0,6.0,1970.0,0.1,6.0,6.0,0.0,,,,,,,,,,,,,,,,3.44224651165,1.657279559837906,5.8519850599000005,1.0,,,,,,,,,,,,,,,,,,,,,,,,,,,,,,,,,,,,
290,0.0,0.0,1977.0,290.0,7.0,1977.0,0.1,7.0,7.0,0.0,,,,,,,,,,,,,,,,3.920992039885856,1.9311631961290656,6.793465209300998,1.0,,,,,,,,,,,,,,,,,,,,,,,,,,,,,,,,,,,,
291,0.0,0.0,1987.0,291.0,10.0,1987.0,0.1,10.0,10.0,0.0,,,,,,,,,,,,,,,,5.338254258716446,2.7323939462696547,9.561792499119552,1.0,,,,,,,,,,,,,,,,,,,,,,,,,,,,,,,,,,,,
292,0.0,0.0,1997.0,292.0,10.0,1997.0,0.1,10.0,10.0,0.0,,,,,,,,,,,,,,,,5.338254258716446,2.7323939462696547,9.561792499119552,1.0,,,,,,,,,,,,,,,,,,,,,,,,,,,,,,,,,,,,
293,0.0,0.0,2002.0,293.0,5.0,2002.0,0.1,5.0,5.0,0.0,,,,,,,,,,,,,,,,2.960298802,1.3792204603784504,4.90099501,1.0,,,,,,,,,,,,,,,,,,,,,,,,,,,,,,,,,,,,
294,0.0,0.0,2019.0,294.0,17.0,2019.0,0.1,17.0,17.0,0.0,,,,,,,,,,,,,,,,8.537506735345652,4.5021653169992994,15.705680661607307,1.0,,,,,,,,,,,,,,,,,,,,,,,,,,,,,,,,,,,,
295,0.0,0.0,2024.0,295.0,5.0,2024.0,0.1,5.0,5.0,0.0,,,,,,,,,,,,,,,,2.960298802,1.3792204603784504,4.90099501,1.0,,,,,,,,,,,,,,,,,,,,,,,,,,,,,,,,,,,,
296,0.0,0.0,2035.0,296.0,11.0,2035.0,0.1,11.0,11.0,0.0,,,,,,,,,,,,,,,,5.804428832844801,2.993399215062785,10.466174574128354,1.0,,,,,,,,,,,,,,,,,,,,,,,,,,,,,,,,,,,,
297,0.0,0.0,2039.0,297.0,4.0,2039.0,0.1,4.0,4.0,0.0,,,,,,,,,,,,,,,,2.47512475,1.0958293864638269,3.940399,1.0,,,,,,,,,,,,,,,,,,,,,,,,,,,,,,,,,,,,
298,0.0,0.0,2044.0,298.0,5.0,2044.0,0.1,5.0,5.0,0.0,,,,,,,,,,,,,,,,2.960298802,1.3792204603784504,4.90099501,1.0,,,,,,,,,,,,,,,,,,,,,,,,,,,,,,,,,,,,
299,0.0,0.0,2062.0,299.0,18.0,2062.0,0.1,18.0,18.0,0.0,,,,,,,,,,,,,,,,8.982568797548188,4.744552000897199,16.548623854991234,1.0,,,,,,,,,,,,,,,,,,,,,,,,,,,,,,,,,,,,
300,1.0,0.0,6.0,1.0,6.0,2068.0,0.1,6.0,6.0,0.0,,,,,,,,,,,,,,,,3.44224651165,1.657279559837906,5.8519850599000005,1.0,,,,,,,,,,,,,,,,,,,,,,,,,,,,,,,,,,,,
301,1.0,0.0,18.0,2.0,12.0,2080.0,0.1,12.0,12.0,0.0,,,,,,,,,,,,,,,,6.267519165806655,3.251571134644539,11.36151282838707,1.0,,,,,,,,,,,,,,,,,,,,,,,,,,,,,,,,,,,,
302,1.0,0.0,26.0,3.0,8.0,2088.0,0.1,8.0,8.0,0.0,,,,,,,,,,,,,,,,4.396559354551124,2.2014466321645245,7.725530557207988,1.0,,,,,,,,,,,,,,,,,,,,,,,,,,,,,,,,,,,,
303,1.0,0.0,38.0,4.0,12.0,2100.0,0.1,12.0,12.0,0.0,,,,,,,,,,,,,,,,6.267519165806655,3.251571134644539,11.36151282838707,1.0,,,,,,,,,,,,,,,,,,,,,,,,,,,,,,,,,,,,
304,1.0,0.0,56.0,5.0,18.0,2118.0,0.1,18.0,18.0,0.0,,,,,,,,,,,,,,,,8.982568797548188,4.744552000897199,16.548623854991234,1.0,,,,,,,,,,,,,,,,,,,,,,,,,,,,,,,,,,,,
305,1.0,0.0,71.0,6.0,15.0,2133.0,0.1,15.0,15.0,0.0,,,,,,,,,,,,,,,,7.638514063250426,4.009779174449701,13.994164535871143,1.0,,,,,,,,,,,,,,,,,,,,,,,,,,,,,,,,,,,,
306,1.0,0.0,84.0,7.0,13.0,2146.0,0.1,13.0,13.0,0.0,,,,,,,,,,,,,,,,6.727548283829467,3.506985965126692,12.2478977001032,1.0,,,,,,,,,,,,,,,,,,,,,,,,,,,,,,,,,,,,
307,1.0,0.0,110.0,8.0,26.0,2172.0,0.1,26.0,26.0,0.0,,,,,,,,,,,,,,,,12.439505518116825,6.596308969085059,22.995685419484463,1.0,,,,,,,,,,,,,,,,,,,,,,,,,,,,,,,,,,,,
308,1.0,0.0,146.0,9.0,36.0,2208.0,0.1,36.0,36.0,0.0,,,,,,,,,,,,,,,,16.513634963632768,8.706936580416768,30.35867819504261,1.0,,,,,,,,,,,,,,,,,,,,,,,,,,,,,,,,,,,,
309,1.0,0.0,158.0,10.0,12.0,2220.0,0.1,12.0,12.0,0.0,,,,,,,,,,,,,,,,6.267519165806655,3.251571134644539,11.36151282838707,1.0,,,,,,,,,,,,,,,,,,,,,,,,,,,,,,,,,,,,
310,1.0,0.0,166.0,11.0,8.0,2228.0,0.1,8.0,8.0,0.0,,,,,,,,,,,,,,,,4.396559354551124,2.2014466321645245,7.725530557207988,1.0,,,,,,,,,,,,,,,,,,,,,,,,,,,,,,,,,,,,
311,1.0,0.0,171.0,12.0,5.0,2233.0,0.1,5.0,5.0,0.0,,,,,,,,,,,,,,,,2.960298802,1.3792204603784504,4.90099501,1.0,,,,,,,,,,,,,,,,,,,,,,,,,,,,,,,,,,,,
312,1.0,0.0,181.0,13.0,10.0,2243.0,0.1,10.0,10.0,0.0,,,,,,,,,,,,,,,,5.338254258716446,2.7323939462696547,9.561792499119552,1.0,,,,,,,,,,,,,,,,,,,,,,,,,,,,,,,,,,,,
313,1.0,0.0,204.0,14.0,23.0,2266.0,0.1,23.0,23.0,0.0,,,,,,,,,,,,,,,,11.164409046616935,5.919683556672354,20.63857163563444,1.0,,,,,,,,,,,,,,,,,,,,,,,,,,,,,,,,,,,,
314,1.0,0.0,213.0,15.0,9.0,2275.0,0.1,9.0,9.0,0.0,,,,,,,,,,,,,,,,4.868972232004988,2.4684556783231795,8.648275251635907,1.0,,,,,,,,,,,,,,,,,,,,,,,,,,,,,,,,,,,,
315,1.0,0.0,227.0,16.0,14.0,2289.0,0.1,14.0,14.0,0.0,,,,,,,,,,,,,,,,7.184539029491803,3.7597049262044866,13.125418723102165,1.0,,,,,,,,,,,,,,,,,,,,,,,,,,,,,,,,,,,,
316,1.0,0.0,234.0,17.0,7.0,2296.0,0.1,7.0,7.0,0.0,,,,,,,,,,,,,,,,3.920992039885856,1.9311631961290656,6.793465209300998,1.0,,,,,,,,,,,,,,,,,,,,,,,,,,,,,,,,,,,,
317,1.0,0.0,245.0,18.0,11.0,2307.0,0.1,11.0,11.0,0.0,,,,,,,,,,,,,,,,5.804428832844801,2.993399215062785,10.466174574128354,1.0,,,,,,,,,,,,,,,,,,,,,,,,,,,,,,,,,,,,
318,1.0,0.0,285.0,19.0,40.0,2347.0,0.1,40.0,40.0,0.0,,,,,,,,,,,,,,,,18.070510245995923,9.49224187219286,33.102824143031924,1.0,,,,,,,,,,,,,,,,,,,,,,,,,,,,,,,,,,,,
319,1.0,0.0,306.0,20.0,21.0,2368.0,0.1,21.0,21.0,0.0,,,,,,,,,,,,,,,,10.300280732879036,5.4568759064067045,19.027213177874135,1.0,,,,,,,,,,,,,,,,,,,,,,,,,,,,,,,,,,,,
320,1.0,0.0,314.0,21.0,8.0,2376.0,0.1,8.0,8.0,0.0,,,,,,,,,,,,,,,,4.396559354551124,2.2014466321645245,7.725530557207988,1.0,,,,,,,,,,,,,,,,,,,,,,,,,,,,,,,,,,,,
321,1.0,0.0,319.0,22.0,5.0,2381.0,0.1,5.0,5.0,0.0,,,,,,,,,,,,,,,,2.960298802,1.3792204603784504,4.90099501,1.0,,,,,,,,,,,,,,,,,,,,,,,,,,,,,,,,,,,,
322,1.0,0.0,333.0,23.0,14.0,2395.0,0.1,14.0,14.0,0.0,,,,,,,,,,,,,,,,7.184539029491803,3.7597049262044866,13.125418723102165,1.0,,,,,,,,,,,,,,,,,,,,,,,,,,,,,,,,,,,,
323,1.0,0.0,343.0,24.0,10.0,2405.0,0.1,10.0,10.0,0.0,,,,,,,,,,,,,,,,5.338254258716446,2.7323939462696547,9.561792499119552,1.0,,,,,,,,,,,,,,,,,,,,,,,,,,,,,,,,,,,,
324,1.0,0.0,369.0,25.0,26.0,2431.0,0.1,26.0,26.0,0.0,,,,,,,,,,,,,,,,12.439505518116825,6.596308969085059,22.995685419484463,1.0,,,,,,,,,,,,,,,,,,,,,,,,,,,,,,,,,,,,
325,1.0,0.0,374.0,26.0,5.0,2436.0,0.1,5.0,5.0,0.0,,,,,,,,,,,,,,,,2.960298802,1.3792204603784504,4.90099501,1.0,,,,,,,,,,,,,,,,,,,,,,,,,,,,,,,,,,,,
326,1.0,0.0,379.0,27.0,5.0,2441.0,0.1,5.0,5.0,0.0,,,,,,,,,,,,,,,,2.960298802,1.3792204603784504,4.90099501,1.0,,,,,,,,,,,,,,,,,,,,,,,,,,,,,,,,,,,,
327,1.0,0.0,387.0,28.0,8.0,2449.0,0.1,8.0,8.0,0.0,,,,,,,,,,,,,,,,4.396559354551124,2.2014466321645245,7.725530557207988,1.0,,,,,,,,,,,,,,,,,,,,,,,,,,,,,,,,,,,,
328,1.0,0.0,393.0,29.0,6.0,2455.0,0.1,6.0,6.0,0.0,,,,,,,,,,,,,,,,3.44224651165,1.657279559837906,5.8519850599000005,1.0,,,,,,,,,,,,,,,,,,,,,,,,,,,,,,,,,,,,
329,1.0,0.0,406.0,30.0,13.0,2468.0,0.1,13.0,13.0,0.0,,,,,,,,,,,,,,,,6.727548283829467,3.506985965126692,12.2478977001032,1.0,,,,,,,,,,,,,,,,,,,,,,,,,,,,,,,,,,,,
330,1.0,0.0,412.0,31.0,6.0,2474.0,0.1,6.0,6.0,0.0,,,,,,,,,,,,,,,,3.44224651165,1.657279559837906,5.8519850599000005,1.0,,,,,,,,,,,,,,,,,,,,,,,,,,,,,,,,,,,,
331,1.0,0.0,423.0,32.0,11.0,2485.0,0.1,11.0,11.0,0.0,,,,,,,,,,,,,,,,5.804428832844801,2.993399215062785,10.466174574128354,1.0,,,,,,,,,,,,,,,,,,,,,,,,,,,,,,,,,,,,
332,1.0,0.0,440.0,33.0,17.0,2502.0,0.1,17.0,17.0,0.0,,,,,,,,,,,,,,,,8.537506735345652,4.5021653169992994,15.705680661607307,1.0,,,,,,,,,,,,,,,,,,,,,,,,,,,,,,,,,,,,
333,1.0,0.0,444.0,34.0,4.0,2506.0,0.1,4.0,4.0,0.0,,,,,,,,,,,,,,,,2.47512475,1.0958293864638269,3.940399,1.0,,,,,,,,,,,,,,,,,,,,,,,,,,,,,,,,,,,,
334,1.0,0.0,449.0,35.0,5.0,2511.0,0.1,5.0,5.0,0.0,,,,,,,,,,,,,,,,2.960298802,1.3792204603784504,4.90099501,1.0,,,,,,,,,,,,,,,,,,,,,,,,,,,,,,,,,,,,
335,1.0,0.0,456.0,36.0,7.0,2518.0,0.1,7.0,7.0,0.0,,,,,,,,,,,,,,,,3.920992039885856,1.9311631961290656,6.793465209300998,1.0,,,,,,,,,,,,,,,,,,,,,,,,,,,,,,,,,,,,
336,1.0,0.0,488.0,37.0,32.0,2550.0,0.1,32.0,32.0,0.0,,,,,,,,,,,,,,,,14.915791436960964,7.888615688174705,27.50196640421462,1.0,,,,,,,,,,,,,,,,,,,,,,,,,,,,,,,,,,,,
337,1.0,0.0,499.0,38.0,11.0,2561.0,0.1,11.0,11.0,0.0,,,,,,,,,,,,,,,,5.804428832844801,2.993399215062785,10.466174574128354,1.0,,,,,,,,,,,,,,,,,,,,,,,,,,,,,,,,,,,,
338,1.0,0.0,503.0,39.0,4.0,2565.0,0.1,4.0,4.0,0.0,,,,,,,,,,,,,,,,2.47512475,1.0958293864638269,3.940399,1.0,,,,,,,,,,,,,,,,,,,,,,,,,,,,,,,,,,,,
339,1.0,0.0,528.0,40.0,25.0,2590.0,0.1,25.0,25.0,0.0,,,,,,,,,,,,,,,,12.017258322062117,6.373078819321137,22.21786406008531,1.0,,,,,,,,,,,,,,,,,,,,,,,,,,,,,,,,,,,,
340,1.0,0.0,533.0,41.0,5.0,2595.0,0.1,5.0,5.0,0.0,,,,,,,,,,,,,,,,2.960298802,1.3792204603784504,4.90099501,1.0,,,,,,,,,,,,,,,,,,,,,,,,,,,,,,,,,,,,
341,1.0,0.0,541.0,42.0,8.0,2603.0,0.1,8.0,8.0,0.0,,,,,,,,,,,,,,,,4.396559354551124,2.2014466321645245,7.725530557207988,1.0,,,,,,,,,,,,,,,,,,,,,,,,,,,,,,,,,,,,
342,1.0,0.0,546.0,43.0,5.0,2608.0,0.1,5.0,5.0,0.0,,,,,,,,,,,,,,,,2.960298802,1.3792204603784504,4.90099501,1.0,,,,,,,,,,,,,,,,,,,,,,,,,,,,,,,,,,,,
343,1.0,0.0,552.0,44.0,6.0,2614.0,0.1,6.0,6.0,0.0,,,,,,,,,,,,,,,,3.44224651165,1.657279559837906,5.8519850599000005,1.0,,,,,,,,,,,,,,,,,,,,,,,,,,,,,,,,,,,,
344,1.0,0.0,557.0,45.0,5.0,2619.0,0.1,5.0,5.0,0.0,,,,,,,,,,,,,,,,2.960298802,1.3792204603784504,4.90099501,1.0,,,,,,,,,,,,,,,,,,,,,,,,,,,,,,,,,,,,
345,1.0,0.0,571.0,46.0,14.0,2633.0,0.1,14.0,14.0,0.0,,,,,,,,,,,,,,,,7.184539029491803,3.7597049262044866,13.125418723102165,1.0,,,,,,,,,,,,,,,,,,,,,,,,,,,,,,,,,,,,
346,1.0,0.0,575.0,47.0,4.0,2637.0,0.1,4.0,4.0,0.0,,,,,,,,,,,,,,,,2.47512475,1.0958293864638269,3.940399,1.0,,,,,,,,,,,,,,,,,,,,,,,,,,,,,,,,,,,,
347,1.0,0.0,591.0,48.0,16.0,2653.0,0.1,16.0,16.0,0.0,,,,,,,,,,,,,,,,8.089495864954301,4.257252898951503,14.85422289051243,1.0,,,,,,,,,,,,,,,,,,,,,,,,,,,,,,,,,,,,
348,1.0,0.0,598.0,49.0,7.0,2660.0,0.1,7.0,7.0,0.0,,,,,,,,,,,,,,,,3.920992039885856,1.9311631961290656,6.793465209300998,1.0,,,,,,,,,,,,,,,,,,,,,,,,,,,,,,,,,,,,
349,1.0,0.0,616.0,50.0,18.0,2678.0,0.1,18.0,18.0,0.0,,,,,,,,,,,,,,,,8.982568797548188,4.744552000897199,16.548623854991234,1.0,,,,,,,,,,,,,,,,,,,,,,,,,,,,,,,,,,,,
350,1.0,0.0,623.0,51.0,7.0,2685.0,0.1,7.0,7.0,0.0,,,,,,,,,,,,,,,,3.920992039885856,1.9311631961290656,6.793465209300998,1.0,,,,,,,,,,,,,,,,,,,,,,,,,,,,,,,,,,,,
351,1.0,0.0,628.0,52.0,5.0,2690.0,0.1,5.0,5.0,0.0,,,,,,,,,,,,,,,,2.960298802,1.3792204603784504,4.90099501,1.0,,,,,,,,,,,,,,,,,,,,,,,,,,,,,,,,,,,,
352,1.0,0.0,641.0,53.0,13.0,2703.0,0.1,13.0,13.0,0.0,,,,,,,,,,,,,,,,6.727548283829467,3.506985965126692,12.2478977001032,1.0,,,,,,,,,,,,,,,,,,,,,,,,,,,,,,,,,,,,
353,1.0,0.0,648.0,54.0,7.0,2710.0,0.1,7.0,7.0,0.0,,,,,,,,,,,,,,,,3.920992039885856,1.9311631961290656,6.793465209300998,1.0,,,,,,,,,,,,,,,,,,,,,,,,,,,,,,,,,,,,
354,1.0,0.0,656.0,55.0,8.0,2718.0,0.1,8.0,8.0,0.0,,,,,,,,,,,,,,,,4.396559354551124,2.2014466321645245,7.725530557207988,1.0,,,,,,,,,,,,,,,,,,,,,,,,,,,,,,,,,,,,
355,1.0,0.0,662.0,56.0,6.0,2724.0,0.1,6.0,6.0,0.0,,,,,,,,,,,,,,,,3.44224651165,1.657279559837906,5.8519850599000005,1.0,,,,,,,,,,,,,,,,,,,,,,,,,,,,,,,,,,,,
356,1.0,0.0,668.0,57.0,6.0,2730.0,0.1,6.0,6.0,0.0,,,,,,,,,,,,,,,,3.44224651165,1.657279559837906,5.8519850599000005,1.0,,,,,,,,,,,,,,,,,,,,,,,,,,,,,,,,,,,,
357,1.0,0.0,673.0,58.0,5.0,2735.0,0.1,5.0,5.0,0.0,,,,,,,,,,,,,,,,2.960298802,1.3792204603784504,4.90099501,1.0,,,,,,,,,,,,,,,,,,,,,,,,,,,,,,,,,,,,
358,1.0,0.0,682.0,59.0,9.0,2744.0,0.1,9.0,9.0,0.0,,,,,,,,,,,,,,,,4.868972232004988,2.4684556783231795,8.648275251635907,1.0,,,,,,,,,,,,,,,,,,,,,,,,,,,,,,,,,,,,
359,1.0,0.0,700.0,60.0,18.0,2762.0,0.1,18.0,18.0,0.0,,,,,,,,,,,,,,,,8.982568797548188,4.744552000897199,16.548623854991234,1.0,,,,,,,,,,,,,,,,,,,,,,,,,,,,,,,,,,,,
360,1.0,0.0,707.0,61.0,7.0,2769.0,0.1,7.0,7.0,0.0,,,,,,,,,,,,,,,,3.920992039885856,1.9311631961290656,6.793465209300998,1.0,,,,,,,,,,,,,,,,,,,,,,,,,,,,,,,,,,,,
361,1.0,0.0,713.0,62.0,6.0,2775.0,0.1,6.0,6.0,0.0,,,,,,,,,,,,,,,,3.44224651165,1.657279559837906,5.8519850599000005,1.0,,,,,,,,,,,,,,,,,,,,,,,,,,,,,,,,,,,,
362,1.0,0.0,719.0,63.0,6.0,2781.0,0.1,6.0,6.0,0.0,,,,,,,,,,,,,,,,3.44224651165,1.657279559837906,5.8519850599000005,1.0,,,,,,,,,,,,,,,,,,,,,,,,,,,,,,,,,,,,
363,1.0,0.0,724.0,64.0,5.0,2786.0,0.1,5.0,5.0,0.0,,,,,,,,,,,,,,,,2.960298802,1.3792204603784504,4.90099501,1.0,,,,,,,,,,,,,,,,,,,,,,,,,,,,,,,,,,,,
364,1.0,0.0,729.0,65.0,5.0,2791.0,0.1,5.0,5.0,0.0,,,,,,,,,,,,,,,,2.960298802,1.3792204603784504,4.90099501,1.0,,,,,,,,,,,,,,,,,,,,,,,,,,,,,,,,,,,,
365,1.0,0.0,738.0,66.0,9.0,2800.0,0.1,9.0,9.0,0.0,,,,,,,,,,,,,,,,4.868972232004988,2.4684556783231795,8.648275251635907,1.0,,,,,,,,,,,,,,,,,,,,,,,,,,,,,,,,,,,,
366,1.0,0.0,745.0,67.0,7.0,2807.0,0.1,7.0,7.0,0.0,,,,,,,,,,,,,,,,3.920992039885856,1.9311631961290656,6.793465209300998,1.0,,,,,,,,,,,,,,,,,,,,,,,,,,,,,,,,,,,,
367,1.0,0.0,749.0,68.0,4.0,2811.0,0.1,4.0,4.0,0.0,,,,,,,,,,,,,,,,2.47512475,1.0958293864638269,3.940399,1.0,,,,,,,,,,,,,,,,,,,,,,,,,,,,,,,,,,,,
368,1.0,0.0,754.0,69.0,5.0,2816.0,0.1,5.0,5.0,0.0,,,,,,,,,,,,,,,,2.960298802,1.3792204603784504,4.90099501,1.0,,,,,,,,,,,,,,,,,,,,,,,,,,,,,,,,,,,,
369,1.0,0.0,759.0,70.0,5.0,2821.0,0.1,5.0,5.0,0.0,,,,,,,,,,,,,,,,2.960298802,1.3792204603784504,4.90099501,1.0,,,,,,,,,,,,,,,,,,,,,,,,,,,,,,,,,,,,
370,1.0,0.0,768.0,71.0,9.0,2830.0,0.1,9.0,9.0,0.0,,,,,,,,,,,,,,,,4.868972232004988,2.4684556783231795,8.648275251635907,1.0,,,,,,,,,,,,,,,,,,,,,,,,,,,,,,,,,,,,
371,1.0,0.0,775.0,72.0,7.0,2837.0,0.1,7.0,7.0,0.0,,,,,,,,,,,,,,,,3.920992039885856,1.9311631961290656,6.793465209300998,1.0,,,,,,,,,,,,,,,,,,,,,,,,,,,,,,,,,,,,
372,1.0,0.0,789.0,73.0,14.0,2851.0,0.1,14.0,14.0,0.0,,,,,,,,,,,,,,,,7.184539029491803,3.7597049262044866,13.125418723102165,1.0,,,,,,,,,,,,,,,,,,,,,,,,,,,,,,,,,,,,
373,1.0,0.0,797.0,74.0,8.0,2859.0,0.1,8.0,8.0,0.0,,,,,,,,,,,,,,,,4.396559354551124,2.2014466321645245,7.725530557207988,1.0,,,,,,,,,,,,,,,,,,,,,,,,,,,,,,,,,,,,
374,1.0,0.0,802.0,75.0,5.0,2864.0,0.1,5.0,5.0,0.0,,,,,,,,,,,,,,,,2.960298802,1.3792204603784504,4.90099501,1.0,,,,,,,,,,,,,,,,,,,,,,,,,,,,,,,,,,,,
375,1.0,0.0,807.0,76.0,5.0,2869.0,0.1,5.0,5.0,0.0,,,,,,,,,,,,,,,,2.960298802,1.3792204603784504,4.90099501,1.0,,,,,,,,,,,,,,,,,,,,,,,,,,,,,,,,,,,,
376,1.0,0.0,817.0,77.0,10.0,2879.0,0.1,10.0,10.0,0.0,,,,,,,,,,,,,,,,5.338254258716446,2.7323939462696547,9.561792499119552,1.0,,,,,,,,,,,,,,,,,,,,,,,,,,,,,,,,,,,,
377,1.0,0.0,824.0,78.0,7.0,2886.0,0.1,7.0,7.0,0.0,,,,,,,,,,,,,,,,3.920992039885856,1.9311631961290656,6.793465209300998,1.0,,,,,,,,,,,,,,,,,,,,,,,,,,,,,,,,,,,,
378,1.0,0.0,830.0,79.0,6.0,2892.0,0.1,6.0,6.0,0.0,,,,,,,,,,,,,,,,3.44224651165,1.657279559837906,5.8519850599000005,1.0,,,,,,,,,,,,,,,,,,,,,,,,,,,,,,,,,,,,
379,1.0,0.0,839.0,80.0,9.0,2901.0,0.1,9.0,9.0,0.0,,,,,,,,,,,,,,,,4.868972232004988,2.4684556783231795,8.648275251635907,1.0,,,,,,,,,,,,,,,,,,,,,,,,,,,,,,,,,,,,
380,1.0,0.0,847.0,81.0,8.0,2909.0,0.1,8.0,8.0,0.0,,,,,,,,,,,,,,,,4.396559354551124,2.2014466321645245,7.725530557207988,1.0,,,,,,,,,,,,,,,,,,,,,,,,,,,,,,,,,,,,
381,1.0,0.0,852.0,82.0,5.0,2914.0,0.1,5.0,5.0,0.0,,,,,,,,,,,,,,,,2.960298802,1.3792204603784504,4.90099501,1.0,,,,,,,,,,,,,,,,,,,,,,,,,,,,,,,,,,,,
382,1.0,0.0,865.0,83.0,13.0,2927.0,0.1,13.0,13.0,0.0,,,,,,,,,,,,,,,,6.727548283829467,3.506985965126692,12.2478977001032,1.0,,,,,,,,,,,,,,,,,,,,,,,,,,,,,,,,,,,,
383,1.0,0.0,869.0,84.0,4.0,2931.0,0.1,4.0,4.0,0.0,,,,,,,,,,,,,,,,2.47512475,1.0958293864638269,3.940399,1.0,,,,,,,,,,,,,,,,,,,,,,,,,,,,,,,,,,,,
384,1.0,0.0,877.0,85.0,8.0,2939.0,0.1,8.0,8.0,0.0,,,,,,,,,,,,,,,,4.396559354551124,2.2014466321645245,7.725530557207988,1.0,,,,,,,,,,,,,,,,,,,,,,,,,,,,,,,,,,,,
385,1.0,0.0,885.0,86.0,8.0,2947.0,0.1,8.0,8.0,0.0,,,,,,,,,,,,,,,,4.396559354551124,2.2014466321645245,7.725530557207988,1.0,,,,,,,,,,,,,,,,,,,,,,,,,,,,,,,,,,,,
386,1.0,0.0,891.0,87.0,6.0,2953.0,0.1,6.0,6.0,0.0,,,,,,,,,,,,,,,,3.44224651165,1.657279559837906,5.8519850599000005,1.0,,,,,,,,,,,,,,,,,,,,,,,,,,,,,,,,,,,,
387,1.0,0.0,899.0,88.0,8.0,2961.0,0.1,8.0,8.0,0.0,,,,,,,,,,,,,,,,4.396559354551124,2.2014466321645245,7.725530557207988,1.0,,,,,,,,,,,,,,,,,,,,,,,,,,,,,,,,,,,,
388,1.0,0.0,905.0,89.0,6.0,2967.0,0.1,6.0,6.0,0.0,,,,,,,,,,,,,,,,3.44224651165,1.657279559837906,5.8519850599000005,1.0,,,,,,,,,,,,,,,,,,,,,,,,,,,,,,,,,,,,
389,1.0,0.0,917.0,90.0,12.0,2979.0,0.1,12.0,12.0,0.0,,,,,,,,,,,,,,,,6.267519165806655,3.251571134644539,11.36151282838707,1.0,,,,,,,,,,,,,,,,,,,,,,,,,,,,,,,,,,,,
390,1.0,0.0,922.0,91.0,5.0,2984.0,0.1,5.0,5.0,0.0,,,,,,,,,,,,,,,,2.960298802,1.3792204603784504,4.90099501,1.0,,,,,,,,,,,,,,,,,,,,,,,,,,,,,,,,,,,,
391,1.0,0.0,940.0,92.0,18.0,3002.0,0.1,18.0,18.0,0.0,,,,,,,,,,,,,,,,8.982568797548188,4.744552000897199,16.548623854991234,1.0,,,,,,,,,,,,,,,,,,,,,,,,,,,,,,,,,,,,
392,1.0,0.0,953.0,93.0,13.0,3015.0,0.1,13.0,13.0,0.0,,,,,,,,,,,,,,,,6.727548283829467,3.506985965126692,12.2478977001032,1.0,,,,,,,,,,,,,,,,,,,,,,,,,,,,,,,,,,,,
393,1.0,0.0,963.0,94.0,10.0,3025.0,0.1,10.0,10.0,0.0,,,,,,,,,,,,,,,,5.338254258716446,2.7323939462696547,9.561792499119552,1.0,,,,,,,,,,,,,,,,,,,,,,,,,,,,,,,,,,,,
394,1.0,0.0,980.0,95.0,17.0,3042.0,0.1,17.0,17.0,0.0,,,,,,,,,,,,,,,,8.537506735345652,4.5021653169992994,15.705680661607307,1.0,,,,,,,,,,,,,,,,,,,,,,,,,,,,,,,,,,,,
395,1.0,0.0,996.0,96.0,16.0,3058.0,0.1,16.0,16.0,0.0,,,,,,,,,,,,,,,,8.089495864954301,4.257252898951503,14.85422289051243,1.0,,,,,,,,,,,,,,,,,,,,,,,,,,,,,,,,,,,,
396,1.0,0.0,1002.0,97.0,6.0,3064.0,0.1,6.0,6.0,0.0,,,,,,,,,,,,,,,,3.44224651165,1.657279559837906,5.8519850599000005,1.0,,,,,,,,,,,,,,,,,,,,,,,,,,,,,,,,,,,,
397,1.0,0.0,1006.0,98.0,4.0,3068.0,0.1,4.0,4.0,0.0,,,,,,,,,,,,,,,,2.47512475,1.0958293864638269,3.940399,1.0,,,,,,,,,,,,,,,,,,,,,,,,,,,,,,,,,,,,
398,1.0,0.0,1014.0,99.0,8.0,3076.0,0.1,8.0,8.0,0.0,,,,,,,,,,,,,,,,4.396559354551124,2.2014466321645245,7.725530557207988,1.0,,,,,,,,,,,,,,,,,,,,,,,,,,,,,,,,,,,,
399,1.0,0.0,1021.0,100.0,7.0,3083.0,0.1,7.0,7.0,0.0,,,,,,,,,,,,,,,,3.920992039885856,1.9311631961290656,6.793465209300998,1.0,,,,,,,,,,,,,,,,,,,,,,,,,,,,,,,,,,,,
400,1.0,0.0,1025.0,101.0,4.0,3087.0,0.1,4.0,4.0,0.0,,,,,,,,,,,,,,,,2.47512475,1.0958293864638269,3.940399,1.0,,,,,,,,,,,,,,,,,,,,,,,,,,,,,,,,,,,,
401,1.0,0.0,1032.0,102.0,7.0,3094.0,0.1,7.0,7.0,0.0,,,,,,,,,,,,,,,,3.920992039885856,1.9311631961290656,6.793465209300998,1.0,,,,,,,,,,,,,,,,,,,,,,,,,,,,,,,,,,,,
402,1.0,0.0,1050.0,103.0,18.0,3112.0,0.1,18.0,18.0,0.0,,,,,,,,,,,,,,,,8.982568797548188,4.744552000897199,16.548623854991234,1.0,,,,,,,,,,,,,,,,,,,,,,,,,,,,,,,,,,,,
403,1.0,0.0,1068.0,104.0,18.0,3130.0,0.1,18.0,18.0,0.0,,,,,,,,,,,,,,,,8.982568797548188,4.744552000897199,16.548623854991234,1.0,,,,,,,,,,,,,,,,,,,,,,,,,,,,,,,,,,,,
404,1.0,0.0,1075.0,105.0,7.0,3137.0,0.1,7.0,7.0,0.0,,,,,,,,,,,,,,,,3.920992039885856,1.9311631961290656,6.793465209300998,1.0,,,,,,,,,,,,,,,,,,,,,,,,,,,,,,,,,,,,
405,1.0,0.0,1079.0,106.0,4.0,3141.0,0.1,4.0,4.0,0.0,,,,,,,,,,,,,,,,2.47512475,1.0958293864638269,3.940399,1.0,,,,,,,,,,,,,,,,,,,,,,,,,,,,,,,,,,,,
406,1.0,0.0,1087.0,107.0,8.0,3149.0,0.1,8.0,8.0,0.0,,,,,,,,,,,,,,,,4.396559354551124,2.2014466321645245,7.725530557207988,1.0,,,,,,,,,,,,,,,,,,,,,,,,,,,,,,,,,,,,
407,1.0,0.0,1096.0,108.0,9.0,3158.0,0.1,9.0,9.0,0.0,,,,,,,,,,,,,,,,4.868972232004988,2.4684556783231795,8.648275251635907,1.0,,,,,,,,,,,,,,,,,,,,,,,,,,,,,,,,,,,,
408,1.0,0.0,1114.0,109.0,18.0,3176.0,0.1,18.0,18.0,0.0,,,,,,,,,,,,,,,,8.982568797548188,4.744552000897199,16.548623854991234,1.0,,,,,,,,,,,,,,,,,,,,,,,,,,,,,,,,,,,,
409,1.0,0.0,1118.0,110.0,4.0,3180.0,0.1,4.0,4.0,0.0,,,,,,,,,,,,,,,,2.47512475,1.0958293864638269,3.940399,1.0,,,,,,,,,,,,,,,,,,,,,,,,,,,,,,,,,,,,
410,1.0,0.0,1130.0,111.0,12.0,3192.0,0.1,12.0,12.0,0.0,,,,,,,,,,,,,,,,6.267519165806655,3.251571134644539,11.36151282838707,1.0,,,,,,,,,,,,,,,,,,,,,,,,,,,,,,,,,,,,
411,1.0,0.0,1135.0,112.0,5.0,3197.0,0.1,5.0,5.0,0.0,,,,,,,,,,,,,,,,2.960298802,1.3792204603784504,4.90099501,1.0,,,,,,,,,,,,,,,,,,,,,,,,,,,,,,,,,,,,
412,1.0,0.0,1163.0,113.0,28.0,3225.0,0.1,28.0,28.0,0.0,,,,,,,,,,,,,,,,13.275747975570136,7.0359533381797545,24.528071279636716,1.0,,,,,,,,,,,,,,,,,,,,,,,,,,,,,,,,,,,,
413,1.0,0.0,1169.0,114.0,6.0,3231.0,0.1,6.0,6.0,0.0,,,,,,,,,,,,,,,,3.44224651165,1.657279559837906,5.8519850599000005,1.0,,,,,,,,,,,,,,,,,,,,,,,,,,,,,,,,,,,,
414,1.0,0.0,1185.0,115.0,16.0,3247.0,0.1,16.0,16.0,0.0,,,,,,,,,,,,,,,,8.089495864954301,4.257252898951503,14.85422289051243,1.0,,,,,,,,,,,,,,,,,,,,,,,,,,,,,,,,,,,,
415,1.0,0.0,1194.0,116.0,9.0,3256.0,0.1,9.0,9.0,0.0,,,,,,,,,,,,,,,,4.868972232004988,2.4684556783231795,8.648275251635907,1.0,,,,,,,,,,,,,,,,,,,,,,,,,,,,,,,,,,,,
416,1.0,0.0,1201.0,117.0,7.0,3263.0,0.1,7.0,7.0,0.0,,,,,,,,,,,,,,,,3.920992039885856,1.9311631961290656,6.793465209300998,1.0,,,,,,,,,,,,,,,,,,,,,,,,,,,,,,,,,,,,
417,1.0,0.0,1207.0,118.0,6.0,3269.0,0.1,6.0,6.0,0.0,,,,,,,,,,,,,,,,3.44224651165,1.657279559837906,5.8519850599000005,1.0,,,,,,,,,,,,,,,,,,,,,,,,,,,,,,,,,,,,
418,1.0,0.0,1216.0,119.0,9.0,3278.0,0.1,9.0,9.0,0.0,,,,,,,,,,,,,,,,4.868972232004988,2.4684556783231795,8.648275251635907,1.0,,,,,,,,,,,,,,,,,,,,,,,,,,,,,,,,,,,,
419,1.0,0.0,1229.0,120.0,13.0,3291.0,0.1,13.0,13.0,0.0,,,,,,,,,,,,,,,,6.727548283829467,3.506985965126692,12.2478977001032,1.0,,,,,,,,,,,,,,,,,,,,,,,,,,,,,,,,,,,,
420,1.0,0.0,1243.0,121.0,14.0,3305.0,0.1,14.0,14.0,0.0,,,,,,,,,,,,,,,,7.184539029491803,3.7597049262044866,13.125418723102165,1.0,,,,,,,,,,,,,,,,,,,,,,,,,,,,,,,,,,,,
421,1.0,0.0,1251.0,122.0,8.0,3313.0,0.1,8.0,8.0,0.0,,,,,,,,,,,,,,,,4.396559354551124,2.2014466321645245,7.725530557207988,1.0,,,,,,,,,,,,,,,,,,,,,,,,,,,,,,,,,,,,
422,1.0,0.0,1264.0,123.0,13.0,3326.0,0.1,13.0,13.0,0.0,,,,,,,,,,,,,,,,6.727548283829467,3.506985965126692,12.2478977001032,1.0,,,,,,,,,,,,,,,,,,,,,,,,,,,,,,,,,,,,
423,1.0,0.0,1271.0,124.0,7.0,3333.0,0.1,7.0,7.0,0.0,,,,,,,,,,,,,,,,3.920992039885856,1.9311631961290656,6.793465209300998,1.0,,,,,,,,,,,,,,,,,,,,,,,,,,,,,,,,,,,,
424,1.0,0.0,1280.0,125.0,9.0,3342.0,0.1,9.0,9.0,0.0,,,,,,,,,,,,,,,,4.868972232004988,2.4684556783231795,8.648275251635907,1.0,,,,,,,,,,,,,,,,,,,,,,,,,,,,,,,,,,,,
425,1.0,0.0,1284.0,126.0,4.0,3346.0,0.1,4.0,4.0,0.0,,,,,,,,,,,,,,,,2.47512475,1.0958293864638269,3.940399,1.0,,,,,,,,,,,,,,,,,,,,,,,,,,,,,,,,,,,,
426,1.0,0.0,1294.0,127.0,10.0,3356.0,0.1,10.0,10.0,0.0,,,,,,,,,,,,,,,,5.338254258716446,2.7323939462696547,9.561792499119552,1.0,,,,,,,,,,,,,,,,,,,,,,,,,,,,,,,,,,,,
427,1.0,0.0,1298.0,128.0,4.0,3360.0,0.1,4.0,4.0,0.0,,,,,,,,,,,,,,,,2.47512475,1.0958293864638269,3.940399,1.0,,,,,,,,,,,,,,,,,,,,,,,,,,,,,,,,,,,,
428,1.0,0.0,1303.0,129.0,5.0,3365.0,0.1,5.0,5.0,0.0,,,,,,,,,,,,,,,,2.960298802,1.3792204603784504,4.90099501,1.0,,,,,,,,,,,,,,,,,,,,,,,,,,,,,,,,,,,,
429,1.0,0.0,1310.0,130.0,7.0,3372.0,0.1,7.0,7.0,0.0,,,,,,,,,,,,,,,,3.920992039885856,1.9311631961290656,6.793465209300998,1.0,,,,,,,,,,,,,,,,,,,,,,,,,,,,,,,,,,,,
430,1.0,0.0,1314.0,131.0,4.0,3376.0,0.1,4.0,4.0,0.0,,,,,,,,,,,,,,,,2.47512475,1.0958293864638269,3.940399,1.0,,,,,,,,,,,,,,,,,,,,,,,,,,,,,,,,,,,,
431,1.0,0.0,1319.0,132.0,5.0,3381.0,0.1,5.0,5.0,0.0,,,,,,,,,,,,,,,,2.960298802,1.3792204603784504,4.90099501,1.0,,,,,,,,,,,,,,,,,,,,,,,,,,,,,,,,,,,,
432,1.0,0.0,1337.0,133.0,18.0,3399.0,0.1,18.0,18.0,0.0,,,,,,,,,,,,,,,,8.982568797548188,4.744552000897199,16.548623854991234,1.0,,,,,,,,,,,,,,,,,,,,,,,,,,,,,,,,,,,,
433,1.0,0.0,1343.0,134.0,6.0,3405.0,0.1,6.0,6.0,0.0,,,,,,,,,,,,,,,,3.44224651165,1.657279559837906,5.8519850599000005,1.0,,,,,,,,,,,,,,,,,,,,,,,,,,,,,,,,,,,,
434,1.0,0.0,1351.0,135.0,8.0,3413.0,0.1,8.0,8.0,0.0,,,,,,,,,,,,,,,,4.396559354551124,2.2014466321645245,7.725530557207988,1.0,,,,,,,,,,,,,,,,,,,,,,,,,,,,,,,,,,,,
435,1.0,0.0,1355.0,136.0,4.0,3417.0,0.1,4.0,4.0,0.0,,,,,,,,,,,,,,,,2.47512475,1.0958293864638269,3.940399,1.0,,,,,,,,,,,,,,,,,,,,,,,,,,,,,,,,,,,,
436,1.0,0.0,1372.0,137.0,17.0,3434.0,0.1,17.0,17.0,0.0,,,,,,,,,,,,,,,,8.537506735345652,4.5021653169992994,15.705680661607307,1.0,,,,,,,,,,,,,,,,,,,,,,,,,,,,,,,,,,,,
437,1.0,0.0,1379.0,138.0,7.0,3441.0,0.1,7.0,7.0,0.0,,,,,,,,,,,,,,,,3.920992039885856,1.9311631961290656,6.793465209300998,1.0,,,,,,,,,,,,,,,,,,,,,,,,,,,,,,,,,,,,
438,1.0,0.0,1385.0,139.0,6.0,3447.0,0.1,6.0,6.0,0.0,,,,,,,,,,,,,,,,3.44224651165,1.657279559837906,5.8519850599000005,1.0,,,,,,,,,,,,,,,,,,,,,,,,,,,,,,,,,,,,
439,1.0,0.0,1390.0,140.0,5.0,3452.0,0.1,5.0,5.0,0.0,,,,,,,,,,,,,,,,2.960298802,1.3792204603784504,4.90099501,1.0,,,,,,,,,,,,,,,,,,,,,,,,,,,,,,,,,,,,
440,1.0,0.0,1397.0,141.0,7.0,3459.0,0.1,7.0,7.0,0.0,,,,,,,,,,,,,,,,3.920992039885856,1.9311631961290656,6.793465209300998,1.0,,,,,,,,,,,,,,,,,,,,,,,,,,,,,,,,,,,,
441,1.0,0.0,1404.0,142.0,7.0,3466.0,0.1,7.0,7.0,0.0,,,,,,,,,,,,,,,,3.920992039885856,1.9311631961290656,6.793465209300998,1.0,,,,,,,,,,,,,,,,,,,,,,,,,,,,,,,,,,,,
442,1.0,0.0,1413.0,143.0,9.0,3475.0,0.1,9.0,9.0,0.0,,,,,,,,,,,,,,,,4.868972232004988,2.4684556783231795,8.648275251635907,1.0,,,,,,,,,,,,,,,,,,,,,,,,,,,,,,,,,,,,
443,1.0,0.0,1419.0,144.0,6.0,3481.0,0.1,6.0,6.0,0.0,,,,,,,,,,,,,,,,3.44224651165,1.657279559837906,5.8519850599000005,1.0,,,,,,,,,,,,,,,,,,,,,,,,,,,,,,,,,,,,
444,1.0,0.0,1437.0,145.0,18.0,3499.0,0.1,18.0,18.0,0.0,,,,,,,,,,,,,,,,8.982568797548188,4.744552000897199,16.548623854991234,1.0,,,,,,,,,,,,,,,,,,,,,,,,,,,,,,,,,,,,
445,1.0,0.0,1445.0,146.0,8.0,3507.0,0.1,8.0,8.0,0.0,,,,,,,,,,,,,,,,4.396559354551124,2.2014466321645245,7.725530557207988,1.0,,,,,,,,,,,,,,,,,,,,,,,,,,,,,,,,,,,,
446,1.0,0.0,1458.0,147.0,13.0,3520.0,0.1,13.0,13.0,0.0,,,,,,,,,,,,,,,,6.727548283829467,3.506985965126692,12.2478977001032,1.0,,,,,,,,,,,,,,,,,,,,,,,,,,,,,,,,,,,,
447,1.0,0.0,1466.0,148.0,8.0,3528.0,0.1,8.0,8.0,0.0,,,,,,,,,,,,,,,,4.396559354551124,2.2014466321645245,7.725530557207988,1.0,,,,,,,,,,,,,,,,,,,,,,,,,,,,,,,,,,,,
448,1.0,0.0,1489.0,149.0,23.0,3551.0,0.1,23.0,23.0,0.0,,,,,,,,,,,,,,,,11.164409046616935,5.919683556672354,20.63857163563444,1.0,,,,,,,,,,,,,,,,,,,,,,,,,,,,,,,,,,,,
449,1.0,0.0,1495.0,150.0,6.0,3557.0,0.1,6.0,6.0,0.0,,,,,,,,,,,,,,,,3.44224651165,1.657279559837906,5.8519850599000005,1.0,,,,,,,,,,,,,,,,,,,,,,,,,,,,,,,,,,,,
450,1.0,0.0,1510.0,151.0,15.0,3572.0,0.1,15.0,15.0,0.0,,,,,,,,,,,,,,,,7.638514063250426,4.009779174449701,13.994164535871143,1.0,,,,,,,,,,,,,,,,,,,,,,,,,,,,,,,,,,,,
451,1.0,0.0,1514.0,152.0,4.0,3576.0,0.1,4.0,4.0,0.0,,,,,,,,,,,,,,,,2.47512475,1.0958293864638269,3.940399,1.0,,,,,,,,,,,,,,,,,,,,,,,,,,,,,,,,,,,,
452,1.0,0.0,1519.0,153.0,5.0,3581.0,0.1,5.0,5.0,0.0,,,,,,,,,,,,,,,,2.960298802,1.3792204603784504,4.90099501,1.0,,,,,,,,,,,,,,,,,,,,,,,,,,,,,,,,,,,,
453,1.0,0.0,1535.0,154.0,16.0,3597.0,0.1,16.0,16.0,0.0,,,,,,,,,,,,,,,,8.089495864954301,4.257252898951503,14.85422289051243,1.0,,,,,,,,,,,,,,,,,,,,,,,,,,,,,,,,,,,,
454,1.0,0.0,1552.0,155.0,17.0,3614.0,0.1,17.0,17.0,0.0,,,,,,,,,,,,,,,,8.537506735345652,4.5021653169992994,15.705680661607307,1.0,,,,,,,,,,,,,,,,,,,,,,,,,,,,,,,,,,,,
455,1.0,0.0,1577.0,156.0,25.0,3639.0,0.1,25.0,25.0,0.0,,,,,,,,,,,,,,,,12.017258322062117,6.373078819321137,22.21786406008531,1.0,,,,,,,,,,,,,,,,,,,,,,,,,,,,,,,,,,,,
456,1.0,0.0,1594.0,157.0,17.0,3656.0,0.1,17.0,17.0,0.0,,,,,,,,,,,,,,,,8.537506735345652,4.5021653169992994,15.705680661607307,1.0,,,,,,,,,,,,,,,,,,,,,,,,,,,,,,,,,,,,
457,1.0,0.0,1608.0,158.0,14.0,3670.0,0.1,14.0,14.0,0.0,,,,,,,,,,,,,,,,7.184539029491803,3.7597049262044866,13.125418723102165,1.0,,,,,,,,,,,,,,,,,,,,,,,,,,,,,,,,,,,,
458,1.0,0.0,1613.0,159.0,5.0,3675.0,0.1,5.0,5.0,0.0,,,,,,,,,,,,,,,,2.960298802,1.3792204603784504,4.90099501,1.0,,,,,,,,,,,,,,,,,,,,,,,,,,,,,,,,,,,,
459,1.0,0.0,1619.0,160.0,6.0,3681.0,0.1,6.0,6.0,0.0,,,,,,,,,,,,,,,,3.44224651165,1.657279559837906,5.8519850599000005,1.0,,,,,,,,,,,,,,,,,,,,,,,,,,,,,,,,,,,,
460,1.0,0.0,1629.0,161.0,10.0,3691.0,0.1,10.0,10.0,0.0,,,,,,,,,,,,,,,,5.338254258716446,2.7323939462696547,9.561792499119552,1.0,,,,,,,,,,,,,,,,,,,,,,,,,,,,,,,,,,,,
461,1.0,0.0,1634.0,162.0,5.0,3696.0,0.1,5.0,5.0,0.0,,,,,,,,,,,,,,,,2.960298802,1.3792204603784504,4.90099501,1.0,,,,,,,,,,,,,,,,,,,,,,,,,,,,,,,,,,,,
462,1.0,0.0,1638.0,163.0,4.0,3700.0,0.1,4.0,4.0,0.0,,,,,,,,,,,,,,,,2.47512475,1.0958293864638269,3.940399,1.0,,,,,,,,,,,,,,,,,,,,,,,,,,,,,,,,,,,,
463,1.0,0.0,1652.0,164.0,14.0,3714.0,0.1,14.0,14.0,0.0,,,,,,,,,,,,,,,,7.184539029491803,3.7597049262044866,13.125418723102165,1.0,,,,,,,,,,,,,,,,,,,,,,,,,,,,,,,,,,,,
464,1.0,0.0,1658.0,165.0,6.0,3720.0,0.1,6.0,6.0,0.0,,,,,,,,,,,,,,,,3.44224651165,1.657279559837906,5.8519850599000005,1.0,,,,,,,,,,,,,,,,,,,,,,,,,,,,,,,,,,,,
465,1.0,0.0,1663.0,166.0,5.0,3725.0,0.1,5.0,5.0,0.0,,,,,,,,,,,,,,,,2.960298802,1.3792204603784504,4.90099501,1.0,,,,,,,,,,,,,,,,,,,,,,,,,,,,,,,,,,,,
466,1.0,0.0,1669.0,167.0,6.0,3731.0,0.1,6.0,6.0,0.0,,,,,,,,,,,,,,,,3.44224651165,1.657279559837906,5.8519850599000005,1.0,,,,,,,,,,,,,,,,,,,,,,,,,,,,,,,,,,,,
467,1.0,0.0,1676.0,168.0,7.0,3738.0,0.1,7.0,7.0,0.0,,,,,,,,,,,,,,,,3.920992039885856,1.9311631961290656,6.793465209300998,1.0,,,,,,,,,,,,,,,,,,,,,,,,,,,,,,,,,,,,
468,1.0,0.0,1681.0,169.0,5.0,3743.0,0.1,5.0,5.0,0.0,,,,,,,,,,,,,,,,2.960298802,1.3792204603784504,4.90099501,1.0,,,,,,,,,,,,,,,,,,,,,,,,,,,,,,,,,,,,
469,1.0,0.0,1699.0,170.0,18.0,3761.0,0.1,18.0,18.0,0.0,,,,,,,,,,,,,,,,8.982568797548188,4.744552000897199,16.548623854991234,1.0,,,,,,,,,,,,,,,,,,,,,,,,,,,,,,,,,,,,
470,1.0,0.0,1706.0,171.0,7.0,3768.0,0.1,7.0,7.0,0.0,,,,,,,,,,,,,,,,3.920992039885856,1.9311631961290656,6.793465209300998,1.0,,,,,,,,,,,,,,,,,,,,,,,,,,,,,,,,,,,,
471,1.0,0.0,1724.0,172.0,18.0,3786.0,0.1,18.0,18.0,0.0,,,,,,,,,,,,,,,,8.982568797548188,4.744552000897199,16.548623854991234,1.0,,,,,,,,,,,,,,,,,,,,,,,,,,,,,,,,,,,,
472,1.0,0.0,1732.0,173.0,8.0,3794.0,0.1,8.0,8.0,0.0,,,,,,,,,,,,,,,,4.396559354551124,2.2014466321645245,7.725530557207988,1.0,,,,,,,,,,,,,,,,,,,,,,,,,,,,,,,,,,,,
473,1.0,0.0,1737.0,174.0,5.0,3799.0,0.1,5.0,5.0,0.0,,,,,,,,,,,,,,,,2.960298802,1.3792204603784504,4.90099501,1.0,,,,,,,,,,,,,,,,,,,,,,,,,,,,,,,,,,,,
474,1.0,0.0,1744.0,175.0,7.0,3806.0,0.1,7.0,7.0,0.0,,,,,,,,,,,,,,,,3.920992039885856,1.9311631961290656,6.793465209300998,1.0,,,,,,,,,,,,,,,,,,,,,,,,,,,,,,,,,,,,
475,1.0,0.0,1769.0,176.0,25.0,3831.0,0.1,25.0,25.0,0.0,,,,,,,,,,,,,,,,12.017258322062117,6.373078819321137,22.21786406008531,1.0,,,,,,,,,,,,,,,,,,,,,,,,,,,,,,,,,,,,
476,1.0,0.0,1776.0,177.0,7.0,3838.0,0.1,7.0,7.0,0.0,,,,,,,,,,,,,,,,3.920992039885856,1.9311631961290656,6.793465209300998,1.0,,,,,,,,,,,,,,,,,,,,,,,,,,,,,,,,,,,,
477,1.0,0.0,1782.0,178.0,6.0,3844.0,0.1,6.0,6.0,0.0,,,,,,,,,,,,,,,,3.44224651165,1.657279559837906,5.8519850599000005,1.0,,,,,,,,,,,,,,,,,,,,,,,,,,,,,,,,,,,,
478,1.0,0.0,1800.0,179.0,18.0,3862.0,0.1,18.0,18.0,0.0,,,,,,,,,,,,,,,,8.982568797548188,4.744552000897199,16.548623854991234,1.0,,,,,,,,,,,,,,,,,,,,,,,,,,,,,,,,,,,,
479,1.0,0.0,1807.0,180.0,7.0,3869.0,0.1,7.0,7.0,0.0,,,,,,,,,,,,,,,,3.920992039885856,1.9311631961290656,6.793465209300998,1.0,,,,,,,,,,,,,,,,,,,,,,,,,,,,,,,,,,,,
480,1.0,0.0,1819.0,181.0,12.0,3881.0,0.1,12.0,12.0,0.0,,,,,,,,,,,,,,,,6.267519165806655,3.251571134644539,11.36151282838707,1.0,,,,,,,,,,,,,,,,,,,,,,,,,,,,,,,,,,,,
481,1.0,0.0,1828.0,182.0,9.0,3890.0,0.1,9.0,9.0,0.0,,,,,,,,,,,,,,,,4.868972232004988,2.4684556783231795,8.648275251635907,1.0,,,,,,,,,,,,,,,,,,,,,,,,,,,,,,,,,,,,
482,1.0,0.0,1836.0,183.0,8.0,3898.0,0.1,8.0,8.0,0.0,,,,,,,,,,,,,,,,4.396559354551124,2.2014466321645245,7.725530557207988,1.0,,,,,,,,,,,,,,,,,,,,,,,,,,,,,,,,,,,,
483,1.0,0.0,1842.0,184.0,6.0,3904.0,0.1,6.0,6.0,0.0,,,,,,,,,,,,,,,,3.44224651165,1.657279559837906,5.8519850599000005,1.0,,,,,,,,,,,,,,,,,,,,,,,,,,,,,,,,,,,,
484,1.0,0.0,1847.0,185.0,5.0,3909.0,0.1,5.0,5.0,0.0,,,,,,,,,,,,,,,,2.960298802,1.3792204603784504,4.90099501,1.0,,,,,,,,,,,,,,,,,,,,,,,,,,,,,,,,,,,,
485,1.0,0.0,1855.0,186.0,8.0,3917.0,0.1,8.0,8.0,0.0,,,,,,,,,,,,,,,,4.396559354551124,2.2014466321645245,7.725530557207988,1.0,,,,,,,,,,,,,,,,,,,,,,,,,,,,,,,,,,,,
486,1.0,0.0,1870.0,187.0,15.0,3932.0,0.1,15.0,15.0,0.0,,,,,,,,,,,,,,,,7.638514063250426,4.009779174449701,13.994164535871143,1.0,,,,,,,,,,,,,,,,,,,,,,,,,,,,,,,,,,,,
487,1.0,0.0,1877.0,188.0,7.0,3939.0,0.1,7.0,7.0,0.0,,,,,,,,,,,,,,,,3.920992039885856,1.9311631961290656,6.793465209300998,1.0,,,,,,,,,,,,,,,,,,,,,,,,,,,,,,,,,,,,
488,1.0,0.0,1884.0,189.0,7.0,3946.0,0.1,7.0,7.0,0.0,,,,,,,,,,,,,,,,3.920992039885856,1.9311631961290656,6.793465209300998,1.0,,,,,,,,,,,,,,,,,,,,,,,,,,,,,,,,,,,,
489,1.0,0.0,1899.0,190.0,15.0,3961.0,0.1,15.0,15.0,0.0,,,,,,,,,,,,,,,,7.638514063250426,4.009779174449701,13.994164535871143,1.0,,,,,,,,,,,,,,,,,,,,,,,,,,,,,,,,,,,,
490,1.0,0.0,1904.0,191.0,5.0,3966.0,0.1,5.0,5.0,0.0,,,,,,,,,,,,,,,,2.960298802,1.3792204603784504,4.90099501,1.0,,,,,,,,,,,,,,,,,,,,,,,,,,,,,,,,,,,,
491,1.0,0.0,1912.0,192.0,8.0,3974.0,0.1,8.0,8.0,0.0,,,,,,,,,,,,,,,,4.396559354551124,2.2014466321645245,7.725530557207988,1.0,,,,,,,,,,,,,,,,,,,,,,,,,,,,,,,,,,,,
492,1.0,0.0,1916.0,193.0,4.0,3978.0,0.1,4.0,4.0,0.0,,,,,,,,,,,,,,,,2.47512475,1.0958293864638269,3.940399,1.0,,,,,,,,,,,,,,,,,,,,,,,,,,,,,,,,,,,,
493,1.0,0.0,1922.0,194.0,6.0,3984.0,0.1,6.0,6.0,0.0,,,,,,,,,,,,,,,,3.44224651165,1.657279559837906,5.8519850599000005,1.0,,,,,,,,,,,,,,,,,,,,,,,,,,,,,,,,,,,,
494,1.0,0.0,1929.0,195.0,7.0,3991.0,0.1,7.0,7.0,0.0,,,,,,,,,,,,,,,,3.920992039885856,1.9311631961290656,6.793465209300998,1.0,,,,,,,,,,,,,,,,,,,,,,,,,,,,,,,,,,,,
495,1.0,0.0,1937.0,196.0,8.0,3999.0,0.1,8.0,8.0,0.0,,,,,,,,,,,,,,,,4.396559354551124,2.2014466321645245,7.725530557207988,1.0,,,,,,,,,,,,,,,,,,,,,,,,,,,,,,,,,,,,
496,1.0,0.0,1955.0,197.0,18.0,4017.0,0.1,18.0,18.0,0.0,,,,,,,,,,,,,,,,8.982568797548188,4.744552000897199,16.548623854991234,1.0,,,,,,,,,,,,,,,,,,,,,,,,,,,,,,,,,,,,
497,1.0,0.0,1967.0,198.0,12.0,4029.0,0.1,12.0,12.0,0.0,,,,,,,,,,,,,,,,6.267519165806655,3.251571134644539,11.36151282838707,1.0,,,,,,,,,,,,,,,,,,,,,,,,,,,,,,,,,,,,
498,1.0,0.0,1970.0,199.0,3.0,4032.0,0.1,3.0,3.0,0.0,,,,,,,,,,,,,,,,1.9867,0.8042933420089962,2.9701,1.0,,,,,,,,,,,,,,,,,,,,,,,,,,,,,,,,,,,,
499,1.0,0.0,1982.0,200.0,12.0,4044.0,0.1,12.0,12.0,0.0,,,,,,,,,,,,,,,,6.267519165806655,3.251571134644539,11.36151282838707,1.0,,,,,,,,,,,,,,,,,,,,,,,,,,,,,,,,,,,,
500,1.0,0.0,1988.0,201.0,6.0,4050.0,0.1,6.0,6.0,0.0,,,,,,,,,,,,,,,,3.44224651165,1.657279559837906,5.8519850599000005,1.0,,,,,,,,,,,,,,,,,,,,,,,,,,,,,,,,,,,,
501,1.0,0.0,1996.0,202.0,8.0,4058.0,0.1,8.0,8.0,0.0,,,,,,,,,,,,,,,,4.396559354551124,2.2014466321645245,7.725530557207988,1.0,,,,,,,,,,,,,,,,,,,,,,,,,,,,,,,,,,,,
502,1.0,0.0,2000.0,203.0,4.0,4062.0,0.1,4.0,4.0,0.0,,,,,,,,,,,,,,,,2.47512475,1.0958293864638269,3.940399,1.0,,,,,,,,,,,,,,,,,,,,,,,,,,,,,,,,,,,,
503,1.0,0.0,2010.0,204.0,10.0,4072.0,0.1,10.0,10.0,0.0,,,,,,,,,,,,,,,,5.338254258716446,2.7323939462696547,9.561792499119552,1.0,,,,,,,,,,,,,,,,,,,,,,,,,,,,,,,,,,,,
504,1.0,0.0,2031.0,205.0,21.0,4093.0,0.1,21.0,21.0,0.0,,,,,,,,,,,,,,,,10.300280732879036,5.4568759064067045,19.027213177874135,1.0,,,,,,,,,,,,,,,,,,,,,,,,,,,,,,,,,,,,
505,1.0,0.0,2041.0,206.0,10.0,4103.0,0.1,10.0,10.0,0.0,,,,,,,,,,,,,,,,5.338254258716446,2.7323939462696547,9.561792499119552,1.0,,,,,,,,,,,,,,,,,,,,,,,,,,,,,,,,,,,,
506,1.0,0.0,2052.0,207.0,11.0,4114.0,0.1,11.0,11.0,0.0,,,,,,,,,,,,,,,,5.804428832844801,2.993399215062785,10.466174574128354,1.0,,,,,,,,,,,,,,,,,,,,,,,,,,,,,,,,,,,,
507,2.0,0.0,8.0,1.0,8.0,4122.0,0.1,8.0,8.0,0.0,,,,,,,,,,,,,,,,4.396559354551124,2.2014466321645245,7.725530557207988,1.0,,,,,,,,,,,,,,,,,,,,,,,,,,,,,,,,,,,,
508,2.0,0.0,13.0,2.0,5.0,4127.0,0.1,5.0,5.0,0.0,,,,,,,,,,,,,,,,2.960298802,1.3792204603784504,4.90099501,1.0,,,,,,,,,,,,,,,,,,,,,,,,,,,,,,,,,,,,
509,2.0,0.0,17.0,3.0,4.0,4131.0,0.1,4.0,4.0,0.0,,,,,,,,,,,,,,,,2.47512475,1.0958293864638269,3.940399,1.0,,,,,,,,,,,,,,,,,,,,,,,,,,,,,,,,,,,,
510,2.0,0.0,43.0,4.0,26.0,4157.0,0.1,26.0,26.0,0.0,,,,,,,,,,,,,,,,12.439505518116825,6.596308969085059,22.995685419484463,1.0,,,,,,,,,,,,,,,,,,,,,,,,,,,,,,,,,,,,
511,2.0,0.0,68.0,5.0,25.0,4182.0,0.1,25.0,25.0,0.0,,,,,,,,,,,,,,,,12.017258322062117,6.373078819321137,22.21786406008531,1.0,,,,,,,,,,,,,,,,,,,,,,,,,,,,,,,,,,,,
512,2.0,0.0,74.0,6.0,6.0,4188.0,0.1,6.0,6.0,0.0,,,,,,,,,,,,,,,,3.44224651165,1.657279559837906,5.8519850599000005,1.0,,,,,,,,,,,,,,,,,,,,,,,,,,,,,,,,,,,,
513,2.0,0.0,78.0,7.0,4.0,4192.0,0.1,4.0,4.0,0.0,,,,,,,,,,,,,,,,2.47512475,1.0958293864638269,3.940399,1.0,,,,,,,,,,,,,,,,,,,,,,,,,,,,,,,,,,,,
514,2.0,0.0,91.0,8.0,13.0,4205.0,0.1,13.0,13.0,0.0,,,,,,,,,,,,,,,,6.727548283829467,3.506985965126692,12.2478977001032,1.0,,,,,,,,,,,,,,,,,,,,,,,,,,,,,,,,,,,,
515,2.0,0.0,98.0,9.0,7.0,4212.0,0.1,7.0,7.0,0.0,,,,,,,,,,,,,,,,3.920992039885856,1.9311631961290656,6.793465209300998,1.0,,,,,,,,,,,,,,,,,,,,,,,,,,,,,,,,,,,,
516,2.0,0.0,138.0,10.0,40.0,4252.0,0.1,40.0,40.0,0.0,,,,,,,,,,,,,,,,18.070510245995923,9.49224187219286,33.102824143031924,1.0,,,,,,,,,,,,,,,,,,,,,,,,,,,,,,,,,,,,
517,2.0,0.0,143.0,11.0,5.0,4257.0,0.1,5.0,5.0,0.0,,,,,,,,,,,,,,,,2.960298802,1.3792204603784504,4.90099501,1.0,,,,,,,,,,,,,,,,,,,,,,,,,,,,,,,,,,,,
518,2.0,0.0,160.0,12.0,17.0,4274.0,0.1,17.0,17.0,0.0,,,,,,,,,,,,,,,,8.537506735345652,4.5021653169992994,15.705680661607307,1.0,,,,,,,,,,,,,,,,,,,,,,,,,,,,,,,,,,,,
519,2.0,0.0,167.0,13.0,7.0,4281.0,0.1,7.0,7.0,0.0,,,,,,,,,,,,,,,,3.920992039885856,1.9311631961290656,6.793465209300998,1.0,,,,,,,,,,,,,,,,,,,,,,,,,,,,,,,,,,,,
520,2.0,0.0,172.0,14.0,5.0,4286.0,0.1,5.0,5.0,0.0,,,,,,,,,,,,,,,,2.960298802,1.3792204603784504,4.90099501,1.0,,,,,,,,,,,,,,,,,,,,,,,,,,,,,,,,,,,,
521,2.0,0.0,176.0,15.0,4.0,4290.0,0.1,4.0,4.0,0.0,,,,,,,,,,,,,,,,2.47512475,1.0958293864638269,3.940399,1.0,,,,,,,,,,,,,,,,,,,,,,,,,,,,,,,,,,,,
522,2.0,0.0,208.0,16.0,32.0,4322.0,0.1,32.0,32.0,0.0,,,,,,,,,,,,,,,,14.915791436960964,7.888615688174705,27.50196640421462,1.0,,,,,,,,,,,,,,,,,,,,,,,,,,,,,,,,,,,,
523,2.0,0.0,213.0,17.0,5.0,4327.0,0.1,5.0,5.0,0.0,,,,,,,,,,,,,,,,2.960298802,1.3792204603784504,4.90099501,1.0,,,,,,,,,,,,,,,,,,,,,,,,,,,,,,,,,,,,
524,2.0,0.0,219.0,18.0,6.0,4333.0,0.1,6.0,6.0,0.0,,,,,,,,,,,,,,,,3.44224651165,1.657279559837906,5.8519850599000005,1.0,,,,,,,,,,,,,,,,,,,,,,,,,,,,,,,,,,,,
525,2.0,0.0,258.0,19.0,39.0,4372.0,0.1,39.0,39.0,0.0,,,,,,,,,,,,,,,,17.685066299918073,9.298940737748632,32.427095093971644,1.0,,,,,,,,,,,,,,,,,,,,,,,,,,,,,,,,,,,,
526,2.0,0.0,288.0,20.0,30.0,4402.0,0.1,30.0,30.0,0.0,,,,,,,,,,,,,,,,14.101123218132534,7.466662882129582,26.029962661171947,1.0,,,,,,,,,,,,,,,,,,,,,,,,,,,,,,,,,,,,
527,2.0,0.0,301.0,21.0,13.0,4415.0,0.1,13.0,13.0,0.0,,,,,,,,,,,,,,,,6.727548283829467,3.506985965126692,12.2478977001032,1.0,,,,,,,,,,,,,,,,,,,,,,,,,,,,,,,,,,,,
528,2.0,0.0,317.0,22.0,16.0,4431.0,0.1,16.0,16.0,0.0,,,,,,,,,,,,,,,,8.089495864954301,4.257252898951503,14.85422289051243,1.0,,,,,,,,,,,,,,,,,,,,,,,,,,,,,,,,,,,,
529,2.0,0.0,325.0,23.0,8.0,4439.0,0.1,8.0,8.0,0.0,,,,,,,,,,,,,,,,4.396559354551124,2.2014466321645245,7.725530557207988,1.0,,,,,,,,,,,,,,,,,,,,,,,,,,,,,,,,,,,,
530,2.0,0.0,336.0,24.0,11.0,4450.0,0.1,11.0,11.0,0.0,,,,,,,,,,,,,,,,5.804428832844801,2.993399215062785,10.466174574128354,1.0,,,,,,,,,,,,,,,,,,,,,,,,,,,,,,,,,,,,
531,2.0,0.0,342.0,25.0,6.0,4456.0,0.1,6.0,6.0,0.0,,,,,,,,,,,,,,,,3.44224651165,1.657279559837906,5.8519850599000005,1.0,,,,,,,,,,,,,,,,,,,,,,,,,,,,,,,,,,,,
532,2.0,0.0,371.0,26.0,29.0,4485.0,0.1,29.0,29.0,0.0,,,,,,,,,,,,,,,,13.689783926993243,7.252413693439139,25.282790566840355,1.0,,,,,,,,,,,,,,,,,,,,,,,,,,,,,,,,,,,,
533,2.0,0.0,395.0,27.0,24.0,4509.0,0.1,24.0,24.0,0.0,,,,,,,,,,,,,,,,11.592233082977819,6.147545135447674,21.432185919278094,1.0,,,,,,,,,,,,,,,,,,,,,,,,,,,,,,,,,,,,
534,2.0,0.0,421.0,28.0,26.0,4535.0,0.1,26.0,26.0,0.0,,,,,,,,,,,,,,,,12.439505518116825,6.596308969085059,22.995685419484463,1.0,,,,,,,,,,,,,,,,,,,,,,,,,,,,,,,,,,,,
535,2.0,0.0,445.0,29.0,24.0,4559.0,0.1,24.0,24.0,0.0,,,,,,,,,,,,,,,,11.592233082977819,6.147545135447674,21.432185919278094,1.0,,,,,,,,,,,,,,,,,,,,,,,,,,,,,,,,,,,,
536,2.0,0.0,456.0,30.0,11.0,4570.0,0.1,11.0,11.0,0.0,,,,,,,,,,,,,,,,5.804428832844801,2.993399215062785,10.466174574128354,1.0,,,,,,,,,,,,,,,,,,,,,,,,,,,,,,,,,,,,
537,2.0,0.0,463.0,31.0,7.0,4577.0,0.1,7.0,7.0,0.0,,,,,,,,,,,,,,,,3.920992039885856,1.9311631961290656,6.793465209300998,1.0,,,,,,,,,,,,,,,,,,,,,,,,,,,,,,,,,,,,
538,2.0,0.0,470.0,32.0,7.0,4584.0,0.1,7.0,7.0,0.0,,,,,,,,,,,,,,,,3.920992039885856,1.9311631961290656,6.793465209300998,1.0,,,,,,,,,,,,,,,,,,,,,,,,,,,,,,,,,,,,
539,2.0,0.0,496.0,33.0,26.0,4610.0,0.1,26.0,26.0,0.0,,,,,,,,,,,,,,,,12.439505518116825,6.596308969085059,22.995685419484463,1.0,,,,,,,,,,,,,,,,,,,,,,,,,,,,,,,,,,,,
540,2.0,0.0,506.0,34.0,10.0,4620.0,0.1,10.0,10.0,0.0,,,,,,,,,,,,,,,,5.338254258716446,2.7323939462696547,9.561792499119552,1.0,,,,,,,,,,,,,,,,,,,,,,,,,,,,,,,,,,,,
541,2.0,0.0,509.0,35.0,3.0,4623.0,0.1,3.0,3.0,0.0,,,,,,,,,,,,,,,,1.9867,0.8042933420089962,2.9701,1.0,,,,,,,,,,,,,,,,,,,,,,,,,,,,,,,,,,,,
542,2.0,0.0,516.0,36.0,7.0,4630.0,0.1,7.0,7.0,0.0,,,,,,,,,,,,,,,,3.920992039885856,1.9311631961290656,6.793465209300998,1.0,,,,,,,,,,,,,,,,,,,,,,,,,,,,,,,,,,,,
543,2.0,0.0,549.0,37.0,33.0,4663.0,0.1,33.0,33.0,0.0,,,,,,,,,,,,,,,,15.319159779482527,8.096362438133497,28.226946740172476,1.0,,,,,,,,,,,,,,,,,,,,,,,,,,,,,,,,,,,,
544,2.0,0.0,559.0,38.0,10.0,4673.0,0.1,10.0,10.0,0.0,,,,,,,,,,,,,,,,5.338254258716446,2.7323939462696547,9.561792499119552,1.0,,,,,,,,,,,,,,,,,,,,,,,,,,,,,,,,,,,,
545,2.0,0.0,568.0,39.0,9.0,4682.0,0.1,9.0,9.0,0.0,,,,,,,,,,,,,,,,4.868972232004988,2.4684556783231795,8.648275251635907,1.0,,,,,,,,,,,,,,,,,,,,,,,,,,,,,,,,,,,,
546,2.0,0.0,586.0,40.0,18.0,4700.0,0.1,18.0,18.0,0.0,,,,,,,,,,,,,,,,8.982568797548188,4.744552000897199,16.548623854991234,1.0,,,,,,,,,,,,,,,,,,,,,,,,,,,,,,,,,,,,
547,2.0,0.0,614.0,41.0,28.0,4728.0,0.1,28.0,28.0,0.0,,,,,,,,,,,,,,,,13.275747975570136,7.0359533381797545,24.528071279636716,1.0,,,,,,,,,,,,,,,,,,,,,,,,,,,,,,,,,,,,
548,2.0,0.0,636.0,42.0,22.0,4750.0,0.1,22.0,22.0,0.0,,,,,,,,,,,,,,,,10.733765292570688,5.689469070729128,19.836941046095394,1.0,,,,,,,,,,,,,,,,,,,,,,,,,,,,,,,,,,,,
549,2.0,0.0,650.0,43.0,14.0,4764.0,0.1,14.0,14.0,0.0,,,,,,,,,,,,,,,,7.184539029491803,3.7597049262044866,13.125418723102165,1.0,,,,,,,,,,,,,,,,,,,,,,,,,,,,,,,,,,,,
550,2.0,0.0,660.0,44.0,10.0,4774.0,0.1,10.0,10.0,0.0,,,,,,,,,,,,,,,,5.338254258716446,2.7323939462696547,9.561792499119552,1.0,,,,,,,,,,,,,,,,,,,,,,,,,,,,,,,,,,,,
551,2.0,0.0,668.0,45.0,8.0,4782.0,0.1,8.0,8.0,0.0,,,,,,,,,,,,,,,,4.396559354551124,2.2014466321645245,7.725530557207988,1.0,,,,,,,,,,,,,,,,,,,,,,,,,,,,,,,,,,,,
552,2.0,0.0,675.0,46.0,7.0,4789.0,0.1,7.0,7.0,0.0,,,,,,,,,,,,,,,,3.920992039885856,1.9311631961290656,6.793465209300998,1.0,,,,,,,,,,,,,,,,,,,,,,,,,,,,,,,,,,,,
553,2.0,0.0,699.0,47.0,24.0,4813.0,0.1,24.0,24.0,0.0,,,,,,,,,,,,,,,,11.592233082977819,6.147545135447674,21.432185919278094,1.0,,,,,,,,,,,,,,,,,,,,,,,,,,,,,,,,,,,,
554,2.0,0.0,710.0,48.0,11.0,4824.0,0.1,11.0,11.0,0.0,,,,,,,,,,,,,,,,5.804428832844801,2.993399215062785,10.466174574128354,1.0,,,,,,,,,,,,,,,,,,,,,,,,,,,,,,,,,,,,
555,2.0,0.0,726.0,49.0,16.0,4840.0,0.1,16.0,16.0,0.0,,,,,,,,,,,,,,,,8.089495864954301,4.257252898951503,14.85422289051243,1.0,,,,,,,,,,,,,,,,,,,,,,,,,,,,,,,,,,,,
556,2.0,0.0,734.0,50.0,8.0,4848.0,0.1,8.0,8.0,0.0,,,,,,,,,,,,,,,,4.396559354551124,2.2014466321645245,7.725530557207988,1.0,,,,,,,,,,,,,,,,,,,,,,,,,,,,,,,,,,,,
557,2.0,0.0,741.0,51.0,7.0,4855.0,0.1,7.0,7.0,0.0,,,,,,,,,,,,,,,,3.920992039885856,1.9311631961290656,6.793465209300998,1.0,,,,,,,,,,,,,,,,,,,,,,,,,,,,,,,,,,,,
558,2.0,0.0,748.0,52.0,7.0,4862.0,0.1,7.0,7.0,0.0,,,,,,,,,,,,,,,,3.920992039885856,1.9311631961290656,6.793465209300998,1.0,,,,,,,,,,,,,,,,,,,,,,,,,,,,,,,,,,,,
559,2.0,0.0,757.0,53.0,9.0,4871.0,0.1,9.0,9.0,0.0,,,,,,,,,,,,,,,,4.868972232004988,2.4684556783231795,8.648275251635907,1.0,,,,,,,,,,,,,,,,,,,,,,,,,,,,,,,,,,,,
560,2.0,0.0,764.0,54.0,7.0,4878.0,0.1,7.0,7.0,0.0,,,,,,,,,,,,,,,,3.920992039885856,1.9311631961290656,6.793465209300998,1.0,,,,,,,,,,,,,,,,,,,,,,,,,,,,,,,,,,,,
561,2.0,0.0,770.0,55.0,6.0,4884.0,0.1,6.0,6.0,0.0,,,,,,,,,,,,,,,,3.44224651165,1.657279559837906,5.8519850599000005,1.0,,,,,,,,,,,,,,,,,,,,,,,,,,,,,,,,,,,,
562,2.0,0.0,790.0,56.0,20.0,4904.0,0.1,20.0,20.0,0.0,,,,,,,,,,,,,,,,9.86393411062928,5.2218773942992875,18.209306240276906,1.0,,,,,,,,,,,,,,,,,,,,,,,,,,,,,,,,,,,,
563,2.0,0.0,807.0,57.0,17.0,4921.0,0.1,17.0,17.0,0.0,,,,,,,,,,,,,,,,8.537506735345652,4.5021653169992994,15.705680661607307,1.0,,,,,,,,,,,,,,,,,,,,,,,,,,,,,,,,,,,,
564,2.0,0.0,824.0,58.0,17.0,4938.0,0.1,17.0,17.0,0.0,,,,,,,,,,,,,,,,8.537506735345652,4.5021653169992994,15.705680661607307,1.0,,,,,,,,,,,,,,,,,,,,,,,,,,,,,,,,,,,,
565,2.0,0.0,848.0,59.0,24.0,4962.0,0.1,24.0,24.0,0.0,,,,,,,,,,,,,,,,11.592233082977819,6.147545135447674,21.432185919278094,1.0,,,,,,,,,,,,,,,,,,,,,,,,,,,,,,,,,,,,
566,2.0,0.0,858.0,60.0,10.0,4972.0,0.1,10.0,10.0,0.0,,,,,,,,,,,,,,,,5.338254258716446,2.7323939462696547,9.561792499119552,1.0,,,,,,,,,,,,,,,,,,,,,,,,,,,,,,,,,,,,
567,2.0,0.0,869.0,61.0,11.0,4983.0,0.1,11.0,11.0,0.0,,,,,,,,,,,,,,,,5.804428832844801,2.993399215062785,10.466174574128354,1.0,,,,,,,,,,,,,,,,,,,,,,,,,,,,,,,,,,,,
568,2.0,0.0,875.0,62.0,6.0,4989.0,0.1,6.0,6.0,0.0,,,,,,,,,,,,,,,,3.44224651165,1.657279559837906,5.8519850599000005,1.0,,,,,,,,,,,,,,,,,,,,,,,,,,,,,,,,,,,,
569,2.0,0.0,904.0,63.0,29.0,5018.0,0.1,29.0,29.0,0.0,,,,,,,,,,,,,,,,13.689783926993243,7.252413693439139,25.282790566840355,1.0,,,,,,,,,,,,,,,,,,,,,,,,,,,,,,,,,,,,
570,2.0,0.0,908.0,64.0,4.0,5022.0,0.1,4.0,4.0,0.0,,,,,,,,,,,,,,,,2.47512475,1.0958293864638269,3.940399,1.0,,,,,,,,,,,,,,,,,,,,,,,,,,,,,,,,,,,,
571,2.0,0.0,929.0,65.0,21.0,5043.0,0.1,21.0,21.0,0.0,,,,,,,,,,,,,,,,10.300280732879036,5.4568759064067045,19.027213177874135,1.0,,,,,,,,,,,,,,,,,,,,,,,,,,,,,,,,,,,,
572,2.0,0.0,955.0,66.0,26.0,5069.0,0.1,26.0,26.0,0.0,,,,,,,,,,,,,,,,12.439505518116825,6.596308969085059,22.995685419484463,1.0,,,,,,,,,,,,,,,,,,,,,,,,,,,,,,,,,,,,
573,2.0,0.0,962.0,67.0,7.0,5076.0,0.1,7.0,7.0,0.0,,,,,,,,,,,,,,,,3.920992039885856,1.9311631961290656,6.793465209300998,1.0,,,,,,,,,,,,,,,,,,,,,,,,,,,,,,,,,,,,
574,2.0,0.0,1024.0,68.0,62.0,5138.0,0.1,62.0,62.0,0.0,,,,,,,,,,,,,,,,25.952506928244095,13.275059120424675,46.37317747928145,1.0,,,,,,,,,,,,,,,,,,,,,,,,,,,,,,,,,,,,
575,2.0,0.0,1029.0,69.0,5.0,5143.0,0.1,5.0,5.0,0.0,,,,,,,,,,,,,,,,2.960298802,1.3792204603784504,4.90099501,1.0,,,,,,,,,,,,,,,,,,,,,,,,,,,,,,,,,,,,
576,2.0,0.0,1040.0,70.0,11.0,5154.0,0.1,11.0,11.0,0.0,,,,,,,,,,,,,,,,5.804428832844801,2.993399215062785,10.466174574128354,1.0,,,,,,,,,,,,,,,,,,,,,,,,,,,,,,,,,,,,
577,2.0,0.0,1056.0,71.0,16.0,5170.0,0.1,16.0,16.0,0.0,,,,,,,,,,,,,,,,8.089495864954301,4.257252898951503,14.85422289051243,1.0,,,,,,,,,,,,,,,,,,,,,,,,,,,,,,,,,,,,
578,2.0,0.0,1076.0,72.0,20.0,5190.0,0.1,20.0,20.0,0.0,,,,,,,,,,,,,,,,9.86393411062928,5.2218773942992875,18.209306240276906,1.0,,,,,,,,,,,,,,,,,,,,,,,,,,,,,,,,,,,,
579,2.0,0.0,1102.0,73.0,26.0,5216.0,0.1,26.0,26.0,0.0,,,,,,,,,,,,,,,,12.439505518116825,6.596308969085059,22.995685419484463,1.0,,,,,,,,,,,,,,,,,,,,,,,,,,,,,,,,,,,,
580,2.0,0.0,1109.0,74.0,7.0,5223.0,0.1,7.0,7.0,0.0,,,,,,,,,,,,,,,,3.920992039885856,1.9311631961290656,6.793465209300998,1.0,,,,,,,,,,,,,,,,,,,,,,,,,,,,,,,,,,,,
581,2.0,0.0,1124.0,75.0,15.0,5238.0,0.1,15.0,15.0,0.0,,,,,,,,,,,,,,,,7.638514063250426,4.009779174449701,13.994164535871143,1.0,,,,,,,,,,,,,,,,,,,,,,,,,,,,,,,,,,,,
582,2.0,0.0,1141.0,76.0,17.0,5255.0,0.1,17.0,17.0,0.0,,,,,,,,,,,,,,,,8.537506735345652,4.5021653169992994,15.705680661607307,1.0,,,,,,,,,,,,,,,,,,,,,,,,,,,,,,,,,,,,
583,2.0,0.0,1149.0,77.0,8.0,5263.0,0.1,8.0,8.0,0.0,,,,,,,,,,,,,,,,4.396559354551124,2.2014466321645245,7.725530557207988,1.0,,,,,,,,,,,,,,,,,,,,,,,,,,,,,,,,,,,,
584,2.0,0.0,1154.0,78.0,5.0,5268.0,0.1,5.0,5.0,0.0,,,,,,,,,,,,,,,,2.960298802,1.3792204603784504,4.90099501,1.0,,,,,,,,,,,,,,,,,,,,,,,,,,,,,,,,,,,,
585,2.0,0.0,1170.0,79.0,16.0,5284.0,0.1,16.0,16.0,0.0,,,,,,,,,,,,,,,,8.089495864954301,4.257252898951503,14.85422289051243,1.0,,,,,,,,,,,,,,,,,,,,,,,,,,,,,,,,,,,,
586,2.0,0.0,1188.0,80.0,18.0,5302.0,0.1,18.0,18.0,0.0,,,,,,,,,,,,,,,,8.982568797548188,4.744552000897199,16.548623854991234,1.0,,,,,,,,,,,,,,,,,,,,,,,,,,,,,,,,,,,,
587,2.0,0.0,1208.0,81.0,20.0,5322.0,0.1,20.0,20.0,0.0,,,,,,,,,,,,,,,,9.86393411062928,5.2218773942992875,18.209306240276906,1.0,,,,,,,,,,,,,,,,,,,,,,,,,,,,,,,,,,,,
588,2.0,0.0,1214.0,82.0,6.0,5328.0,0.1,6.0,6.0,0.0,,,,,,,,,,,,,,,,3.44224651165,1.657279559837906,5.8519850599000005,1.0,,,,,,,,,,,,,,,,,,,,,,,,,,,,,,,,,,,,
589,2.0,0.0,1218.0,83.0,4.0,5332.0,0.1,4.0,4.0,0.0,,,,,,,,,,,,,,,,2.47512475,1.0958293864638269,3.940399,1.0,,,,,,,,,,,,,,,,,,,,,,,,,,,,,,,,,,,,
590,2.0,0.0,1230.0,84.0,12.0,5344.0,0.1,12.0,12.0,0.0,,,,,,,,,,,,,,,,6.267519165806655,3.251571134644539,11.36151282838707,1.0,,,,,,,,,,,,,,,,,,,,,,,,,,,,,,,,,,,,
591,2.0,0.0,1242.0,85.0,12.0,5356.0,0.1,12.0,12.0,0.0,,,,,,,,,,,,,,,,6.267519165806655,3.251571134644539,11.36151282838707,1.0,,,,,,,,,,,,,,,,,,,,,,,,,,,,,,,,,,,,
592,2.0,0.0,1262.0,86.0,20.0,5376.0,0.1,20.0,20.0,0.0,,,,,,,,,,,,,,,,9.86393411062928,5.2218773942992875,18.209306240276906,1.0,,,,,,,,,,,,,,,,,,,,,,,,,,,,,,,,,,,,
593,2.0,0.0,1274.0,87.0,12.0,5388.0,0.1,12.0,12.0,0.0,,,,,,,,,,,,,,,,6.267519165806655,3.251571134644539,11.36151282838707,1.0,,,,,,,,,,,,,,,,,,,,,,,,,,,,,,,,,,,,
594,2.0,0.0,1288.0,88.0,14.0,5402.0,0.1,14.0,14.0,0.0,,,,,,,,,,,,,,,,7.184539029491803,3.7597049262044866,13.125418723102165,1.0,,,,,,,,,,,,,,,,,,,,,,,,,,,,,,,,,,,,
595,2.0,0.0,1302.0,89.0,14.0,5416.0,0.1,14.0,14.0,0.0,,,,,,,,,,,,,,,,7.184539029491803,3.7597049262044866,13.125418723102165,1.0,,,,,,,,,,,,,,,,,,,,,,,,,,,,,,,,,,,,
596,2.0,0.0,1360.0,90.0,58.0,5474.0,0.1,58.0,58.0,0.0,,,,,,,,,,,,,,,,24.600599510756076,12.650152241266936,44.173386145213584,1.0,,,,,,,,,,,,,,,,,,,,,,,,,,,,,,,,,,,,
597,2.0,0.0,1378.0,91.0,18.0,5492.0,0.1,18.0,18.0,0.0,,,,,,,,,,,,,,,,8.982568797548188,4.744552000897199,16.548623854991234,1.0,,,,,,,,,,,,,,,,,,,,,,,,,,,,,,,,,,,,
598,2.0,0.0,1393.0,92.0,15.0,5507.0,0.1,15.0,15.0,0.0,,,,,,,,,,,,,,,,7.638514063250426,4.009779174449701,13.994164535871143,1.0,,,,,,,,,,,,,,,,,,,,,,,,,,,,,,,,,,,,
599,2.0,0.0,1405.0,93.0,12.0,5519.0,0.1,12.0,12.0,0.0,,,,,,,,,,,,,,,,6.267519165806655,3.251571134644539,11.36151282838707,1.0,,,,,,,,,,,,,,,,,,,,,,,,,,,,,,,,,,,,
600,2.0,0.0,1412.0,94.0,7.0,5526.0,0.1,7.0,7.0,0.0,,,,,,,,,,,,,,,,3.920992039885856,1.9311631961290656,6.793465209300998,1.0,,,,,,,,,,,,,,,,,,,,,,,,,,,,,,,,,,,,
601,2.0,0.0,1438.0,95.0,26.0,5552.0,0.1,26.0,26.0,0.0,,,,,,,,,,,,,,,,12.439505518116825,6.596308969085059,22.995685419484463,1.0,,,,,,,,,,,,,,,,,,,,,,,,,,,,,,,,,,,,
602,2.0,0.0,1445.0,96.0,7.0,5559.0,0.1,7.0,7.0,0.0,,,,,,,,,,,,,,,,3.920992039885856,1.9311631961290656,6.793465209300998,1.0,,,,,,,,,,,,,,,,,,,,,,,,,,,,,,,,,,,,
603,2.0,0.0,1452.0,97.0,7.0,5566.0,0.1,7.0,7.0,0.0,,,,,,,,,,,,,,,,3.920992039885856,1.9311631961290656,6.793465209300998,1.0,,,,,,,,,,,,,,,,,,,,,,,,,,,,,,,,,,,,
604,2.0,0.0,1486.0,98.0,34.0,5600.0,0.1,34.0,34.0,0.0,,,,,,,,,,,,,,,,15.719910293991006,8.301984330287356,28.944677272770747,1.0,,,,,,,,,,,,,,,,,,,,,,,,,,,,,,,,,,,,
605,2.0,0.0,1515.0,99.0,29.0,5629.0,0.1,29.0,29.0,0.0,,,,,,,,,,,,,,,,13.689783926993243,7.252413693439139,25.282790566840355,1.0,,,,,,,,,,,,,,,,,,,,,,,,,,,,,,,,,,,,
606,2.0,0.0,1519.0,100.0,4.0,5633.0,0.1,4.0,4.0,0.0,,,,,,,,,,,,,,,,2.47512475,1.0958293864638269,3.940399,1.0,,,,,,,,,,,,,,,,,,,,,,,,,,,,,,,,,,,,
607,2.0,0.0,1535.0,101.0,16.0,5649.0,0.1,16.0,16.0,0.0,,,,,,,,,,,,,,,,8.089495864954301,4.257252898951503,14.85422289051243,1.0,,,,,,,,,,,,,,,,,,,,,,,,,,,,,,,,,,,,
608,2.0,0.0,1542.0,102.0,7.0,5656.0,0.1,7.0,7.0,0.0,,,,,,,,,,,,,,,,3.920992039885856,1.9311631961290656,6.793465209300998,1.0,,,,,,,,,,,,,,,,,,,,,,,,,,,,,,,,,,,,
609,2.0,0.0,1555.0,103.0,13.0,5669.0,0.1,13.0,13.0,0.0,,,,,,,,,,,,,,,,6.727548283829467,3.506985965126692,12.2478977001032,1.0,,,,,,,,,,,,,,,,,,,,,,,,,,,,,,,,,,,,
610,2.0,0.0,1561.0,104.0,6.0,5675.0,0.1,6.0,6.0,0.0,,,,,,,,,,,,,,,,3.44224651165,1.657279559837906,5.8519850599000005,1.0,,,,,,,,,,,,,,,,,,,,,,,,,,,,,,,,,,,,
611,2.0,0.0,1594.0,105.0,33.0,5708.0,0.1,33.0,33.0,0.0,,,,,,,,,,,,,,,,15.319159779482527,8.096362438133497,28.226946740172476,1.0,,,,,,,,,,,,,,,,,,,,,,,,,,,,,,,,,,,,
612,2.0,0.0,1598.0,106.0,4.0,5712.0,0.1,4.0,4.0,0.0,,,,,,,,,,,,,,,,2.47512475,1.0958293864638269,3.940399,1.0,,,,,,,,,,,,,,,,,,,,,,,,,,,,,,,,,,,,
613,2.0,0.0,1615.0,107.0,17.0,5729.0,0.1,17.0,17.0,0.0,,,,,,,,,,,,,,,,8.537506735345652,4.5021653169992994,15.705680661607307,1.0,,,,,,,,,,,,,,,,,,,,,,,,,,,,,,,,,,,,
614,2.0,0.0,1626.0,108.0,11.0,5740.0,0.1,11.0,11.0,0.0,,,,,,,,,,,,,,,,5.804428832844801,2.993399215062785,10.466174574128354,1.0,,,,,,,,,,,,,,,,,,,,,,,,,,,,,,,,,,,,
615,2.0,0.0,1661.0,109.0,35.0,5775.0,0.1,35.0,35.0,0.0,,,,,,,,,,,,,,,,16.118062299878208,8.505502191344702,29.65523050004304,1.0,,,,,,,,,,,,,,,,,,,,,,,,,,,,,,,,,,,,
616,2.0,0.0,1668.0,110.0,7.0,5782.0,0.1,7.0,7.0,0.0,,,,,,,,,,,,,,,,3.920992039885856,1.9311631961290656,6.793465209300998,1.0,,,,,,,,,,,,,,,,,,,,,,,,,,,,,,,,,,,,
617,2.0,0.0,1679.0,111.0,11.0,5793.0,0.1,11.0,11.0,0.0,,,,,,,,,,,,,,,,5.804428832844801,2.993399215062785,10.466174574128354,1.0,,,,,,,,,,,,,,,,,,,,,,,,,,,,,,,,,,,,
618,2.0,0.0,1688.0,112.0,9.0,5802.0,0.1,9.0,9.0,0.0,,,,,,,,,,,,,,,,4.868972232004988,2.4684556783231795,8.648275251635907,1.0,,,,,,,,,,,,,,,,,,,,,,,,,,,,,,,,,,,,
619,2.0,0.0,1708.0,113.0,20.0,5822.0,0.1,20.0,20.0,0.0,,,,,,,,,,,,,,,,9.86393411062928,5.2218773942992875,18.209306240276906,1.0,,,,,,,,,,,,,,,,,,,,,,,,,,,,,,,,,,,,
620,2.0,0.0,1713.0,114.0,5.0,5827.0,0.1,5.0,5.0,0.0,,,,,,,,,,,,,,,,2.960298802,1.3792204603784504,4.90099501,1.0,,,,,,,,,,,,,,,,,,,,,,,,,,,,,,,,,,,,
621,2.0,0.0,1725.0,115.0,12.0,5839.0,0.1,12.0,12.0,0.0,,,,,,,,,,,,,,,,6.267519165806655,3.251571134644539,11.36151282838707,1.0,,,,,,,,,,,,,,,,,,,,,,,,,,,,,,,,,,,,
622,2.0,0.0,1737.0,116.0,12.0,5851.0,0.1,12.0,12.0,0.0,,,,,,,,,,,,,,,,6.267519165806655,3.251571134644539,11.36151282838707,1.0,,,,,,,,,,,,,,,,,,,,,,,,,,,,,,,,,,,,
623,2.0,0.0,1749.0,117.0,12.0,5863.0,0.1,12.0,12.0,0.0,,,,,,,,,,,,,,,,6.267519165806655,3.251571134644539,11.36151282838707,1.0,,,,,,,,,,,,,,,,,,,,,,,,,,,,,,,,,,,,
624,2.0,0.0,1759.0,118.0,10.0,5873.0,0.1,10.0,10.0,0.0,,,,,,,,,,,,,,,,5.338254258716446,2.7323939462696547,9.561792499119552,1.0,,,,,,,,,,,,,,,,,,,,,,,,,,,,,,,,,,,,
625,2.0,0.0,1775.0,119.0,16.0,5889.0,0.1,16.0,16.0,0.0,,,,,,,,,,,,,,,,8.089495864954301,4.257252898951503,14.85422289051243,1.0,,,,,,,,,,,,,,,,,,,,,,,,,,,,,,,,,,,,
626,2.0,0.0,1794.0,120.0,19.0,5908.0,0.1,19.0,19.0,0.0,,,,,,,,,,,,,,,,9.424703998542563,4.984445784024267,17.38313761644132,1.0,,,,,,,,,,,,,,,,,,,,,,,,,,,,,,,,,,,,
627,2.0,0.0,1811.0,121.0,17.0,5925.0,0.1,17.0,17.0,0.0,,,,,,,,,,,,,,,,8.537506735345652,4.5021653169992994,15.705680661607307,1.0,,,,,,,,,,,,,,,,,,,,,,,,,,,,,,,,,,,,
628,2.0,0.0,1822.0,122.0,11.0,5936.0,0.1,11.0,11.0,0.0,,,,,,,,,,,,,,,,5.804428832844801,2.993399215062785,10.466174574128354,1.0,,,,,,,,,,,,,,,,,,,,,,,,,,,,,,,,,,,,
629,2.0,0.0,1830.0,123.0,8.0,5944.0,0.1,8.0,8.0,0.0,,,,,,,,,,,,,,,,4.396559354551124,2.2014466321645245,7.725530557207988,1.0,,,,,,,,,,,,,,,,,,,,,,,,,,,,,,,,,,,,
630,2.0,0.0,1840.0,124.0,10.0,5954.0,0.1,10.0,10.0,0.0,,,,,,,,,,,,,,,,5.338254258716446,2.7323939462696547,9.561792499119552,1.0,,,,,,,,,,,,,,,,,,,,,,,,,,,,,,,,,,,,
631,2.0,0.0,1852.0,125.0,12.0,5966.0,0.1,12.0,12.0,0.0,,,,,,,,,,,,,,,,6.267519165806655,3.251571134644539,11.36151282838707,1.0,,,,,,,,,,,,,,,,,,,,,,,,,,,,,,,,,,,,
632,2.0,0.0,1873.0,126.0,21.0,5987.0,0.1,21.0,21.0,0.0,,,,,,,,,,,,,,,,10.300280732879036,5.4568759064067045,19.027213177874135,1.0,,,,,,,,,,,,,,,,,,,,,,,,,,,,,,,,,,,,
633,2.0,0.0,1887.0,127.0,14.0,6001.0,0.1,14.0,14.0,0.0,,,,,,,,,,,,,,,,7.184539029491803,3.7597049262044866,13.125418723102165,1.0,,,,,,,,,,,,,,,,,,,,,,,,,,,,,,,,,,,,
634,2.0,0.0,1892.0,128.0,5.0,6006.0,0.1,5.0,5.0,0.0,,,,,,,,,,,,,,,,2.960298802,1.3792204603784504,4.90099501,1.0,,,,,,,,,,,,,,,,,,,,,,,,,,,,,,,,,,,,
635,2.0,0.0,1899.0,129.0,7.0,6013.0,0.1,7.0,7.0,0.0,,,,,,,,,,,,,,,,3.920992039885856,1.9311631961290656,6.793465209300998,1.0,,,,,,,,,,,,,,,,,,,,,,,,,,,,,,,,,,,,
