Episode #,Training Iter,In Heatup,ER #Transitions,ER #Episodes,Episode Length,Total steps,Epsilon,Shaped Training Reward,Training Reward,Update Target Network,Evaluation Reward,Shaped Evaluation Reward,Success Rate,Loss/Mean,Loss/Stdev,Loss/Max,Loss/Min,Learning Rate/Mean,Learning Rate/Stdev,Learning Rate/Max,Learning Rate/Min,Grads (unclipped)/Mean,Grads (unclipped)/Stdev,Grads (unclipped)/Max,Grads (unclipped)/Min,Q/Mean,Q/Stdev,Q/Max,Q/Min,L/Mean,L/Stdev,L/Max,L/Min,Advantage/Mean,Advantage/Stdev,Advantage/Max,Advantage/Min,Action/Mean,Action/Stdev,Action/Max,Action/Min,V/Mean,V/Stdev,V/Max,V/Min,TD targets/Mean,TD targets/Stdev,TD targets/Max,TD targets/Min
1,0.0,1.0,15.0,1.0,15.0,15.0,0.0,,,0.0,,,,,,,,,,,,,,,,,,,,,,,,,,,,,,,,,,,,,,,
2,0.0,1.0,34.0,2.0,19.0,34.0,0.0,,,0.0,,,,,,,,,,,,,,,,,,,,,,,,,,,,,,,,,,,,,,,
3,0.0,1.0,46.0,3.0,12.0,46.0,0.0,,,0.0,,,,,,,,,,,,,,,,,,,,,,,,,,,,,,,,,,,,,,,
4,0.0,1.0,71.0,4.0,25.0,71.0,0.0,,,0.0,,,,,,,,,,,,,,,,,,,,,,,,,,,,,,,,,,,,,,,
5,0.0,1.0,103.0,5.0,32.0,103.0,0.0,,,0.0,,,,,,,,,,,,,,,,,,,,,,,,,,,,,,,,,,,,,,,
6,0.0,1.0,119.0,6.0,16.0,119.0,0.0,,,0.0,,,,,,,,,,,,,,,,,,,,,,,,,,,,,,,,,,,,,,,
7,0.0,1.0,147.0,7.0,28.0,147.0,0.0,,,0.0,,,,,,,,,,,,,,,,,,,,,,,,,,,,,,,,,,,,,,,
8,0.0,1.0,204.0,8.0,57.0,204.0,0.0,,,0.0,,,,,,,,,,,,,,,,,,,,,,,,,,,,,,,,,,,,,,,
9,0.0,1.0,219.0,9.0,15.0,219.0,0.0,,,0.0,,,,,,,,,,,,,,,,,,,,,,,,,,,,,,,,,,,,,,,
10,0.0,1.0,230.0,10.0,11.0,230.0,0.0,,,0.0,,,,,,,,,,,,,,,,,,,,,,,,,,,,,,,,,,,,,,,
11,0.0,1.0,255.0,11.0,25.0,255.0,0.0,,,0.0,,,,,,,,,,,,,,,,,,,,,,,,,,,,,,,,,,,,,,,
12,0.0,1.0,288.0,12.0,33.0,288.0,0.0,,,0.0,,,,,,,,,,,,,,,,,,,,,,,,,,,,,,,,,,,,,,,
13,0.0,1.0,299.0,13.0,11.0,299.0,0.0,,,0.0,,,,,,,,,,,,,,,,,,,,,,,,,,,,,,,,,,,,,,,
14,0.0,1.0,313.0,14.0,14.0,313.0,0.0,,,0.0,,,,,,,,,,,,,,,,,,,,,,,,,,,,,,,,,,,,,,,
15,0.0,1.0,328.0,15.0,15.0,328.0,0.0,,,0.0,,,,,,,,,,,,,,,,,,,,,,,,,,,,,,,,,,,,,,,
16,0.0,1.0,371.0,16.0,43.0,371.0,0.0,,,0.0,,,,,,,,,,,,,,,,,,,,,,,,,,,,,,,,,,,,,,,
17,0.0,1.0,390.0,17.0,19.0,390.0,0.0,,,0.0,,,,,,,,,,,,,,,,,,,,,,,,,,,,,,,,,,,,,,,
18,0.0,1.0,414.0,18.0,24.0,414.0,0.0,,,0.0,,,,,,,,,,,,,,,,,,,,,,,,,,,,,,,,,,,,,,,
19,0.0,1.0,429.0,19.0,15.0,429.0,0.0,,,0.0,,,,,,,,,,,,,,,,,,,,,,,,,,,,,,,,,,,,,,,
20,0.0,1.0,446.0,20.0,17.0,446.0,0.0,,,0.0,,,,,,,,,,,,,,,,,,,,,,,,,,,,,,,,,,,,,,,
21,0.0,1.0,467.0,21.0,21.0,467.0,0.0,,,0.0,,,,,,,,,,,,,,,,,,,,,,,,,,,,,,,,,,,,,,,
22,0.0,1.0,478.0,22.0,11.0,478.0,0.0,,,0.0,,,,,,,,,,,,,,,,,,,,,,,,,,,,,,,,,,,,,,,
23,0.0,1.0,504.0,23.0,26.0,504.0,0.0,,,0.0,,,,,,,,,,,,,,,,,,,,,,,,,,,,,,,,,,,,,,,
24,0.0,1.0,517.0,24.0,13.0,517.0,0.0,,,0.0,,,,,,,,,,,,,,,,,,,,,,,,,,,,,,,,,,,,,,,
25,0.0,1.0,536.0,25.0,19.0,536.0,0.0,,,0.0,,,,,,,,,,,,,,,,,,,,,,,,,,,,,,,,,,,,,,,
26,0.0,1.0,573.0,26.0,37.0,573.0,0.0,,,0.0,,,,,,,,,,,,,,,,,,,,,,,,,,,,,,,,,,,,,,,
27,0.0,1.0,584.0,27.0,11.0,584.0,0.0,,,0.0,,,,,,,,,,,,,,,,,,,,,,,,,,,,,,,,,,,,,,,
28,0.0,1.0,607.0,28.0,23.0,607.0,0.0,,,0.0,,,,,,,,,,,,,,,,,,,,,,,,,,,,,,,,,,,,,,,
29,0.0,1.0,646.0,29.0,39.0,646.0,0.0,,,0.0,,,,,,,,,,,,,,,,,,,,,,,,,,,,,,,,,,,,,,,
30,0.0,1.0,671.0,30.0,25.0,671.0,0.0,,,0.0,,,,,,,,,,,,,,,,,,,,,,,,,,,,,,,,,,,,,,,
31,0.0,1.0,687.0,31.0,16.0,687.0,0.0,,,0.0,,,,,,,,,,,,,,,,,,,,,,,,,,,,,,,,,,,,,,,
32,0.0,1.0,714.0,32.0,27.0,714.0,0.0,,,0.0,,,,,,,,,,,,,,,,,,,,,,,,,,,,,,,,,,,,,,,
33,0.0,1.0,742.0,33.0,28.0,742.0,0.0,,,0.0,,,,,,,,,,,,,,,,,,,,,,,,,,,,,,,,,,,,,,,
34,0.0,1.0,770.0,34.0,28.0,770.0,0.0,,,0.0,,,,,,,,,,,,,,,,,,,,,,,,,,,,,,,,,,,,,,,
35,0.0,1.0,788.0,35.0,18.0,788.0,0.0,,,0.0,,,,,,,,,,,,,,,,,,,,,,,,,,,,,,,,,,,,,,,
36,0.0,1.0,808.0,36.0,20.0,808.0,0.0,,,0.0,,,,,,,,,,,,,,,,,,,,,,,,,,,,,,,,,,,,,,,
37,0.0,1.0,858.0,37.0,50.0,858.0,0.0,,,0.0,,,,,,,,,,,,,,,,,,,,,,,,,,,,,,,,,,,,,,,
38,0.0,1.0,871.0,38.0,13.0,871.0,0.0,,,0.0,,,,,,,,,,,,,,,,,,,,,,,,,,,,,,,,,,,,,,,
39,0.0,1.0,892.0,39.0,21.0,892.0,0.0,,,0.0,,,,,,,,,,,,,,,,,,,,,,,,,,,,,,,,,,,,,,,
40,0.0,1.0,902.0,40.0,10.0,902.0,0.0,,,0.0,,,,,,,,,,,,,,,,,,,,,,,,,,,,,,,,,,,,,,,
41,0.0,1.0,928.0,41.0,26.0,928.0,0.0,,,0.0,,,,,,,,,,,,,,,,,,,,,,,,,,,,,,,,,,,,,,,
42,0.0,1.0,951.0,42.0,23.0,951.0,0.0,,,0.0,,,,,,,,,,,,,,,,,,,,,,,,,,,,,,,,,,,,,,,
43,0.0,1.0,976.0,43.0,25.0,976.0,0.0,,,0.0,,,,,,,,,,,,,,,,,,,,,,,,,,,,,,,,,,,,,,,
44,0.0,1.0,1009.0,44.0,33.0,1009.0,0.0,,,0.0,,,,,,,,,,,,,,,,,,,,,,,,,,,,,,,,,,,,,,,
45,0.0,1.0,1022.0,45.0,13.0,1022.0,0.0,,,0.0,,,,,,,,,,,,,,,,,,,,,,,,,,,,,,,,,,,,,,,
46,0.0,1.0,1058.0,46.0,36.0,1058.0,0.0,,,1.0,,,,,,,,,,,,,,,,,,,,,,,,,,,,,,,,,,,,,,,
47,625.0,0.0,1184.0,47.0,126.0,1184.0,-0.13607956440855282,97.57129358467847,97.57129358467847,1.0,,,,0.13849418074376882,0.6299161276564444,8.799020290374756,0.004484751261770725,0.0010000000000000002,2.168404344971009e-19,0.001,0.001,0.7574054,2.2403455,41.248745,0.09884734,0.80692434,0.31862986,1.1649915000000002,-0.09832491,0.16249886,0.2400246,1.0645554,-0.13283370000000003,0.0,0.0,-0.0,-0.0,0.24777262,0.18869415,0.52649415,-0.11685214,0.80692434,0.31862986,1.1649915000000002,-0.09832491,0.5885029250102881,0.4816633314462872,2.6949547126295768,-1.1636576340892344
48,860.0,0.0,1231.0,48.0,47.0,1231.0,0.022270305127527656,70.72096416461311,70.72096416461311,1.0,,,,0.033081936375642926,0.02252980859593527,0.15601427759975195,0.0023812293075025077,0.0010000000000000005,4.336808689942018e-19,0.001,0.001,0.46019858,0.5147207,6.148405,0.08874426,1.6016138,0.53249633,3.137577,1.0562893999999998,0.09697359,0.15205215,0.47942474,-0.20051497,0.0,0.0,-0.0,-0.0,0.50514364,0.25540257,0.95476824,-0.025904145,1.6016138,0.53249633,3.137577,1.0562893999999998,0.6762631121926457,0.4949501786491982,2.8108252944948884,-1.178951659629586
49,1000.0,0.0,1259.0,49.0,28.0,1259.0,0.019438277295282882,46.34067464857337,46.34067464857337,1.0,,,,0.01975638761650771,0.011627275291602773,0.05136137641966343,0.00215411395765841,0.001,0.0,0.001,0.001,0.28283408,0.13339922,0.8131813,0.055739548,1.8178741000000003,0.65111023,2.9340856,1.0228610999999999,0.06797013,0.13848901,0.43831846,-0.2893228,0.0,0.0,-0.0,-0.0,0.6624433000000001,0.20892847,0.9693903,0.18974848,1.8178741000000003,0.65111023,2.9340856,1.0228610999999999,0.7460909254123573,0.5387350003211077,2.8232699718477927,-1.1863919357755217
50,1195.0,0.0,1298.0,50.0,39.0,1298.0,0.003865664970593368,63.56320340091675,63.56320340091675,0.0,,,,0.021575050965858333,0.011886344990314948,0.057236373191699386,0.0020821942016482358,0.0010000000000000002,2.168404344971009e-19,0.001,0.001,0.33279672,0.15957052,0.85854894,0.067698255,1.8669738999999999,0.5338279,2.8731902000000002,1.1518760000000001,0.07884838,0.14219898,0.43123770000000006,-0.1919344,0.0,0.0,-0.0,-0.0,0.61922663,0.28194016,0.9749068999999999,0.07787583,1.8669738999999999,0.5338279,2.8731902000000002,1.1518760000000001,0.7853491834202951,0.5714610681112472,2.9685061826708523,-1.1991729621388942
51,1415.0,0.0,1342.0,51.0,44.0,1342.0,-0.006492623971110903,69.52638733568062,69.52638733568062,1.0,,,,0.019942951287944304,0.010670310692419804,0.055718643125146634,0.0025964758824557066,0.0010000000000000005,4.336808689942018e-19,0.001,0.001,0.31395113,0.15685338,0.9460304,0.09460354,1.8763619999999999,0.5470424,3.013475,1.1605803999999997,0.08373806,0.14869107,0.54650044,-0.36789540000000004,0.0,0.0,-0.0,-0.0,0.612843,0.30370072,0.9867961999999999,0.0942933,1.8763619999999999,0.5470424,3.013475,1.1605803999999997,0.860104349356395,0.6129395306434778,3.0957028748991697,-1.216525738666299
52,1630.0,0.0,1385.0,52.0,43.0,1385.0,-0.040675743171333184,69.7224360131866,69.7224360131866,1.0,,,,0.015066868191518422,0.008815695888032814,0.04718014318495989,0.0016733965603634715,0.0010000000000000005,4.336808689942018e-19,0.001,0.001,0.24905628,0.11554678,0.6379226,0.05915929,1.9966608000000001,0.5546105,3.0544523999999997,1.2160968,0.084617,0.13518237,0.43055046,-0.12035134,0.0,0.0,-0.0,-0.0,0.6355132,0.32509540000000003,0.9866883,0.041999277,1.9966608000000001,0.5546105,3.0544523999999997,1.2160968,0.928952948164216,0.6586663604401133,3.213594678282997,-1.2361335287787942
53,1875.0,0.0,1434.0,53.0,49.0,1434.0,-0.032998783088771994,73.51588771603271,73.51588771603271,1.0,,,,0.01721377813567718,0.010561909969229613,0.05049988627433777,0.0020197266712784767,0.0010000000000000005,4.336808689942018e-19,0.001,0.001,0.25255597,0.11221089,0.6380726,0.07014241,1.9262511999999998,0.54847866,3.044124,1.2785559,0.07910339,0.1518844,0.42830799999999997,-0.30207452,0.0,0.0,-0.0,-0.0,0.6169991,0.36367676,0.9950981,-4.8903279999999995e-05,1.9262511999999998,0.54847866,3.044124,1.2785559,1.0037937831537804,0.7006250434823608,3.3500409092905725,-1.2504239360787897
54,2065.0,0.0,1472.0,54.0,38.0,1472.0,0.01819911507044333,62.363189646241686,62.363189646241686,1.0,,,,0.01785726004682884,0.011190289387286188,0.05130582582205534,0.002118314616382122,0.0010000000000000002,2.168404344971009e-19,0.001,0.001,0.28535409999999994,0.12929849999999998,0.77419454,0.07088291,2.135415,0.62810564,3.3282187000000008,1.2755258999999999,0.08105951,0.14663349,0.51931137,-0.15091342,0.0,0.0,-0.0,-0.0,0.6522657,0.35098413,0.99731237,-0.040888827,2.135415,0.62810564,3.3282187000000008,1.2755258999999999,1.081347621901263,0.7246082365497348,3.384484228134413,-1.2645269910790948
55,2280.0,0.0,1515.0,55.0,43.0,1515.0,-0.06696595877101684,69.95321587660547,69.95321587660547,0.0,,,,0.02147031938379985,0.01379657869571746,0.07634214079007506,0.0017289374954998493,0.0010000000000000005,4.336808689942018e-19,0.001,0.001,0.31881729999999997,0.1761241,0.95582914,0.04982898,2.2138758,0.6196172,3.3466650000000002,1.3558478,0.08224933,0.14087202,0.42496738,-0.13991687,0.0,0.0,-0.0,-0.0,0.6297889,0.36577788,0.9964972,-0.021721596,2.2138758,0.6196172,3.3466650000000002,1.3558478,1.152747574237438,0.7621075887034322,3.5433274676802364,-1.2780396060445338
56,2690.0,0.0,1597.0,56.0,82.0,1597.0,0.0708030874040834,108.60238096136992,108.60238096136992,1.0,,,,0.02364215812944796,0.015327723135786106,0.06973331747576594,0.0018873442895710468,0.0010000000000000002,2.168404344971009e-19,0.001,0.001,0.298311,0.17830068,1.3723933000000001,0.06700902,1.9313543999999998,0.6246753,3.5376167,1.2426852,0.092200905,0.16375409,0.4913496,-0.1950249,0.0,0.0,-0.0,-0.0,0.57291776,0.4106183,0.99767977,-0.09865565,1.9313543999999998,0.6246753,3.5376167,1.2426852,1.2391653419416393,0.8112721882135413,3.738231923818847,-1.3128294823863536
57,2955.0,0.0,1650.0,57.0,53.0,1650.0,0.06297907829757961,77.27586060738876,77.27586060738876,1.0,,,,0.03129509593754147,0.02435018372242884,0.12945009535178542,0.002374888863414526,0.0010000000000000002,2.168404344971009e-19,0.001,0.001,0.36244765,0.22395498,1.5141533999999999,0.073937915,2.1846737999999997,0.6406086,3.4620457,1.3633959999999998,0.085308164,0.1567305,0.4602242,-0.19749917,0.0,0.0,-0.0,-0.0,0.62929493,0.37293664,0.99649596,-0.08944885,2.1846737999999997,0.6406086,3.4620457,1.3633959999999998,1.327117983985585,0.8580370805083506,3.8434726967814177,-1.3223985527255564
58,3230.0,0.0,1705.0,58.0,55.0,1705.0,-0.06551170905081169,80.99337853888778,80.99337853888778,1.0,,,,0.03386352680606285,0.026495505924541373,0.13044692110270262,0.001921636750921607,0.0010000000000000002,2.168404344971009e-19,0.001,0.001,0.38871267,0.23338945,1.6323656000000002,0.092178665,2.2926767000000003,0.6080380999999999,3.8242671,1.5379416000000001,0.08515388,0.15215197,0.45102584,-0.16734853,0.0,0.0,-0.0,-0.0,0.6283438,0.38373804,0.9977019,-0.008272787,2.2926767000000003,0.6080380999999999,3.8242671,1.5379416000000001,1.4302530889897571,0.8860689058599759,3.9288239435112233,-1.348446836302522
59,3665.0,0.0,1792.0,59.0,87.0,1792.0,-0.2014293648003036,57.924496713063526,57.924496713063526,1.0,,,,0.041002934932611285,0.03349787808694751,0.18012277502566576,0.002416375558823347,0.0010000000000000005,4.336808689942018e-19,0.001,0.001,0.46320117,0.30947047,2.1021476000000003,0.10301441,1.1376375,0.24235596,1.7491499,0.8286127000000001,0.12346621,0.17496294,0.49635234,-0.08185002,0.0,0.0,-0.0,-0.0,0.49767685,0.35093153,0.9085062,-0.11911310000000001,1.1376375,0.24235596,1.7491499,0.8286127000000001,1.5196950855370497,0.9189521132352269,4.115470422091878,-1.3804071913459328
60,3895.0,0.0,1838.0,60.0,46.0,1838.0,-0.031674109012521295,74.77306892842931,74.77306892842931,0.0,,,,0.04330241470494204,0.038534408988160435,0.1801875405944884,0.002689021173864603,0.0010000000000000005,4.336808689942018e-19,0.001,0.001,0.5093843,0.36313102,2.304736,0.07203069,2.7467650000000003,0.68819267,3.6741582999999998,1.6906401999999998,0.083277605,0.13775237,0.42703938,-0.16635805,0.0,0.0,-0.0,-0.0,0.6643669,0.3680776,0.9948815999999999,0.01960532,2.7467650000000003,0.68819267,3.6741582999999998,1.6906401999999998,1.5834768308742766,0.93625197463891,4.232737265410817,-1.391664910743478
61,4335.0,0.0,1926.0,61.0,88.0,1926.0,-0.07852175558415718,58.561828820698004,58.561828820698004,1.0,,,,0.04798263658865772,0.039875113546202094,0.2655469821766019,0.0024173744022846218,0.0010000000000000005,4.336808689942018e-19,0.001,0.001,0.5535968000000001,0.43455875,3.8471797,0.10302765,1.2207936000000001,0.7488187,2.2317722,0.07149966,0.11919376,0.16836387,0.49200356,-0.1613608,0.0,0.0,-0.0,-0.0,0.5178048,0.31902859999999994,0.9387466999999998,-0.0042361803000000005,1.2207936000000001,0.7488187,2.2317722,0.07149966,1.6514825884254192,0.9589248431544816,4.360114169898426,-1.39450877113128
62,5260.0,0.0,2111.0,62.0,185.0,2111.0,-0.10597524645306736,212.8646385140693,212.8646385140693,1.0,,,,0.0502300203861365,0.04423031175342323,0.2849243171513081,0.0012557663721963765,0.0010000000000000005,4.336808689942018e-19,0.001,0.001,0.6434901,0.5543560000000001,3.5248046000000004,0.060287848,2.258731,0.8296607,3.793163,1.0480993,0.101714015,0.1525626,0.4821403,-0.153387,0.0,0.0,-0.0,-0.0,0.60285085,0.3683798,0.9932283000000002,-0.0560819,2.258731,0.8296607,3.793163,1.0480993,1.762852074937311,1.0210753612973449,4.573889624119063,-1.3909992347457438
63,5455.0,0.0,2150.0,63.0,39.0,2150.0,0.033502963277052274,63.006338347030656,63.006338347030656,1.0,,,,0.048779375073009806,0.04652126501249123,0.23087269812822345,0.0023294270504266024,0.0010000000000000002,2.168404344971009e-19,0.001,0.001,0.63423115,0.5840233,3.4034512,0.09488377,3.0649787999999996,0.7744555999999999,4.346341000000001,1.9292206000000003,0.07014088,0.13917378,0.43082452,-0.29593509999999995,0.0,0.0,-0.0,-0.0,0.6881074,0.341275,0.9977282,0.07760888,3.0649787999999996,0.7744555999999999,4.346341000000001,1.9292206000000003,1.917561650146832,1.0362415322488323,4.639899474621078,-1.3694098178842098
64,5620.0,0.0,2183.0,64.0,33.0,2183.0,-0.03514260441577597,54.49853747587881,54.49853747587881,1.0,,,,0.06308729384327308,0.06272573233749375,0.3190168496221304,0.0032304897904396053,0.0010000000000000002,2.168404344971009e-19,0.001,0.001,0.8234256,0.72824484,4.3750196,0.10610947,3.1148388,0.7643684000000001,4.03213,1.9430073,0.06197605,0.15945688,0.43484285,-0.29991347,0.0,0.0,-0.0,-0.0,0.6923102,0.34505245,0.99649525,0.08466536599999999,3.1148388,0.7643684000000001,4.03213,1.9430073,1.9424761393112604,1.0570420506235672,4.664558877422225,-1.3676275221803218
65,5875.0,0.0,2234.0,65.0,51.0,2234.0,-0.017331987707074652,78.9833289607726,78.9833289607726,0.0,,,,0.0660824238169007,0.053673033785829265,0.2451283521950245,0.0016559992218390107,0.0010000000000000002,2.168404344971009e-19,0.001,0.001,0.8535128000000001,0.7754574000000001,3.9068837,0.10349884,3.1472293999999996,0.6105009,4.105633,2.0384092000000003,0.08619281,0.12791155,0.39336950000000004,-0.17196119,0.0,0.0,-0.0,-0.0,0.684381,0.33809409999999995,0.99209774,0.09021523,3.1472293999999996,0.6105009,4.105633,2.0384092000000003,2.0263249276020083,1.0921718662134925,4.743243593216201,-1.3644214080073862
66,6050.0,0.0,2269.0,66.0,35.0,2269.0,-0.04442080001730316,57.77459092108202,57.77459092108202,1.0,,,,0.05721995085203911,0.056964545040337475,0.31650944799184805,0.003047861624509096,0.0010000000000000002,2.168404344971009e-19,0.001,0.001,0.74625516,0.7173915,4.1581717000000005,0.12065623,3.2246196,0.7477577,4.23945,2.0944152,0.059513424,0.15498985,0.40461943,-0.31747365,0.0,0.0,-0.0,-0.0,0.7166111,0.30596426,0.99575394,0.09419988,3.2246196,0.7477577,4.23945,2.0944152,2.086858374238942,1.0779799291316992,4.769747659206648,-1.3582707057693035
67,6210.0,0.0,2301.0,67.0,32.0,2301.0,-0.011592573405558571,52.6660853770278,52.6660853770278,1.0,,,,0.07394429579407218,0.05859349394363113,0.2552870847284794,0.0027044429443776608,0.0010000000000000002,2.168404344971009e-19,0.001,0.001,0.9643351000000001,0.84601766,4.024653,0.10484956,3.2068243,0.8099574,4.285278,2.0367138,0.053297535,0.1744487,0.40842536,-0.4459665,0.0,0.0,-0.0,-0.0,0.7062953000000001,0.3191693,0.99700373,0.08479744,3.2068243,0.8099574,4.285278,2.0367138,2.099411854919301,1.11723759117253,4.799307426452897,-1.35271032554889
68,6375.0,0.0,2334.0,68.0,33.0,2334.0,0.005180724759917246,53.945198205422365,53.945198205422365,1.0,,,,0.07275587389594876,0.06633653937073453,0.38847361877560616,0.0021831353660672907,0.0010000000000000002,2.168404344971009e-19,0.001,0.001,1.0825421999999998,0.9234912000000001,5.6577706,0.111758985,3.3064883000000003,0.7807341999999999,4.1768622,2.0907934,0.05415858,0.16889562,0.44635874,-0.2969044,0.0,0.0,-0.0,-0.0,0.701476,0.32064518,0.99523896,0.12146632,3.3064883000000003,0.7807341999999999,4.1768622,2.0907934,2.173471452597679,1.137810413101073,4.8586752691271515,-1.0016346971508674
69,6565.0,0.0,2372.0,69.0,38.0,2372.0,0.06242253438973165,62.68924721188218,62.68924721188218,1.0,,,,0.06537238698377199,0.059069743217940986,0.3407980538904667,0.0020967856980860233,0.0010000000000000002,2.168404344971009e-19,0.001,0.001,1.0282779,0.99849236,5.559216999999999,0.086531706,3.3232800000000005,0.7843041999999999,4.4605002,2.1433032,0.055180978,0.16246957,0.41108084,-0.58925617,0.0,0.0,-0.0,-0.0,0.6874078,0.32853737,0.99686086,0.10666279,3.3232800000000005,0.7843041999999999,4.4605002,2.1433032,2.230649740173356,1.1131835828544865,4.880907112598679,-1.3408500693538221
70,6755.0,0.0,2410.0,70.0,38.0,2410.0,-0.03658407971984573,61.84724062211264,61.84724062211264,0.0,,,,0.0816093796121611,0.07433579486992722,0.3462776802480221,0.003090049140155316,0.0010000000000000002,2.168404344971009e-19,0.001,0.001,1.2402691000000001,1.0886958999999998,6.345219,0.11994746,3.3797567,0.7795453,4.4004769999999995,2.184064,0.059629958,0.1511681,0.4351816,-0.46649945,0.0,0.0,-0.0,-0.0,0.69169843,0.31490657,0.9904666999999999,0.119134925,3.3797567,0.7795453,4.4004769999999995,2.184064,2.2735888416675287,1.1607601878894072,4.907212041537503,-1.332429188320878
71,6930.0,0.0,2445.0,71.0,35.0,2445.0,-0.0917569330170188,57.213176677497614,57.213176677497614,1.0,,,,0.10253782539888667,0.07543068788907584,0.3402126003056765,0.004468897357583046,0.0010000000000000002,2.168404344971009e-19,0.001,0.001,1.4009612,1.3345186000000002,7.0064535,0.13285558,3.4068174,0.84047204,4.5929008,2.1341853,0.051272745999999994,0.16396648,0.42753172,-0.4706411,0.0,0.0,-0.0,-0.0,0.7127722,0.28833824,0.99463904,0.15072936,3.4068174,0.84047204,4.5929008,2.1341853,2.2948857148354693,1.1782737813157194,4.973682319164535,-1.3244450299241572
72,7095.0,0.0,2478.0,72.0,33.0,2478.0,0.040817004204048345,54.232625021187545,54.232625021187545,1.0,,,,0.07186731596448226,0.05298362573896739,0.29614425683394074,0.002913924865424633,0.0010000000000000002,2.168404344971009e-19,0.001,0.001,1.1959441000000002,1.0834827,5.2857437,0.15830064,3.4320097,0.8572569999999999,4.511221,2.156974,0.04344995,0.17191729999999997,0.41076450000000003,-0.45340312,0.0,0.0,-0.0,-0.0,0.7085011,0.29805455,0.9943079,0.077563986,3.4320097,0.8572569999999999,4.511221,2.156974,2.3649564812469124,1.1802132591583965,4.995360189914963,-1.3227724902131586
73,7275.0,0.0,2514.0,73.0,36.0,2514.0,-0.021239288803338845,58.793649215728024,58.793649215728024,1.0,,,,0.07713165406137705,0.06433895138209983,0.4359907731413841,0.00214709946885705,0.0010000000000000002,2.168404344971009e-19,0.001,0.001,1.3640385,1.2074206,6.362011,0.08855539999999999,3.4389300000000005,0.80302274,4.5739017,2.222004,0.05299154,0.16052045,0.43522042,-0.67605287,0.0,0.0,-0.0,-0.0,0.7217246999999999,0.28326175,0.99417007,0.15695253,3.4389300000000005,0.80302274,4.5739017,2.222004,2.4138055036556105,1.1858323484475513,5.037031589985153,-1.316739628145936
74,7410.0,0.0,2541.0,74.0,27.0,2541.0,0.0532015638138664,45.71987646086738,45.71987646086738,1.0,,,,0.08453864880407659,0.06787537938074961,0.2571568060666323,0.0038272303063422437,0.001,0.0,0.001,0.001,1.5119120000000001,1.5169201,9.533595,0.19754027,3.3383927000000004,1.0055457,5.0542154,2.2072315,0.032873314,0.21689829,0.43111145,-0.70134425,0.0,0.0,-0.0,-0.0,0.7374364999999999,0.27145267,0.9979732,0.13362151,3.3383927000000004,1.0055457,5.0542154,2.2072315,2.4622594423521154,1.2007498112877464,5.0658480849268654,-1.3092815314033062
75,7570.0,0.0,2573.0,75.0,32.0,2573.0,0.002834734682509997,53.24342231534902,53.24342231534902,0.0,,,,0.0814206462353468,0.0694705767808231,0.4086577380076051,0.0027996399439871307,0.0010000000000000002,2.168404344971009e-19,0.001,0.001,1.4923763,1.2759091999999999,7.354862,0.19539396,3.4638412000000005,0.87142515,4.6779556,2.3121195,0.024850512,0.20394306,0.41513318,-0.73314124,0.0,0.0,-0.0,-0.0,0.76326156,0.24032748,0.9966056000000001,0.23986697,3.4638412000000005,0.87142515,4.6779556,2.3121195,2.50371878304604,1.2173829389005846,5.144100052353201,-1.3031787441470652
76,7725.0,0.0,2604.0,76.0,31.0,2604.0,0.003297657470769161,51.51593935012225,51.51593935012225,1.0,,,,0.06741508514309923,0.05314385488696945,0.2525404682382941,0.0043588532134890565,0.0010000000000000002,2.168404344971009e-19,0.001,0.001,1.1623192,1.099118,5.109529,0.14105198,3.5547623999999995,0.8808252000000001,4.626135,2.2354302,0.02213802,0.21173841,0.40805358,-0.88270444,0.0,0.0,-0.0,-0.0,0.7653992,0.25548536,0.99623996,0.19603467,3.5547623999999995,0.8808252000000001,4.626135,2.2354302,2.461662304930952,1.22447150736301,5.239965893265066,-1.2977536706426172
77,7885.0,0.0,2636.0,77.0,32.0,2636.0,-0.07126412265429234,52.616572434383706,52.616572434383706,1.0,,,,0.09512411806161604,0.10183470023232076,0.457142704166472,0.001676526851952076,0.0010000000000000002,2.168404344971009e-19,0.001,0.001,1.8214194,1.8183964,10.779204,0.09160071,3.5959706,0.8918865,4.685744000000001,2.2134707000000002,0.027647486000000002,0.208656,0.44664309999999996,-0.70158106,0.0,0.0,-0.0,-0.0,0.7498579000000001,0.28112164,0.99634874,0.15772611,3.5959706,0.8918865,4.685744000000001,2.2134707000000002,2.5961052284273323,1.2319316818838821,5.283539966579734,-0.9585221107681596
78,8035.0,0.0,2666.0,78.0,30.0,2666.0,0.1141085734674154,49.598454949222,49.598454949222,1.0,,,,0.09236657025517317,0.06507264809335371,0.25959235802292824,0.001742794644087553,0.001,0.0,0.001,0.001,1.6818361000000002,1.5078121000000002,8.155121000000001,0.19333689999999998,3.5788443,0.9161134,4.9510922,2.3404043,0.023866905,0.21390717,0.44840837,-0.6468763000000001,0.0,0.0,-0.0,-0.0,0.75332886,0.27541256,0.9974306999999999,0.19348787,3.5788443,0.9161134,4.9510922,2.3404043,2.5988724607574705,1.2515222947781912,5.361959089275656,-1.2962511347034007
79,8220.0,0.0,2703.0,79.0,37.0,2703.0,-0.06669973141616083,60.9193859242976,60.9193859242976,1.0,,,,0.07388559508189145,0.06386220433747362,0.34311849996447563,0.0023397582117468123,0.0010000000000000002,2.168404344971009e-19,0.001,0.001,1.5150386999999998,1.600079,8.694078999999999,0.1529574,3.69765,0.8218711,4.701559,2.3358517000000005,0.02863267,0.19554146,0.42309257,-1.0618223999999998,0.0,0.0,-0.0,-0.0,0.76290166,0.28919092,0.9962261,0.16195762,3.69765,0.8218711,4.701559,2.3358517000000005,2.6619457668321083,1.247966056422206,5.266455207984188,-1.2959703127839597
80,8380.0,0.0,2735.0,80.0,32.0,2735.0,-0.08134200121698255,53.564615592169574,53.564615592169574,0.0,,,,0.08091557931695734,0.05431437608559225,0.2906586299650371,0.005355777684599161,0.0010000000000000002,2.168404344971009e-19,0.001,0.001,1.5715606000000002,1.5324726999999998,6.37702,0.13822971,3.6993427000000003,0.9354271999999999,5.055383,2.4733942000000004,0.010141462,0.22492191,0.38130394,-0.89812654,0.0,0.0,-0.0,-0.0,0.78262013,0.26949945,0.9986533000000001,0.13056004,3.6993427000000003,0.9354271999999999,5.055383,2.4733942000000004,2.6498369708871614,1.2730675978776809,5.51235760831481,-0.9948226265427282
81,8545.0,0.0,2768.0,81.0,33.0,2768.0,-0.04777533677362946,54.120801715368785,54.120801715368785,1.0,,,,0.10796197123272576,0.08446772074963027,0.4084816034883261,0.004165524151176214,0.0010000000000000002,2.168404344971009e-19,0.001,0.001,1.6951853,1.5756211000000002,8.597466,0.14645065,3.7334737999999996,0.88645935,4.8023977,2.3308601,0.02008491,0.2107514,0.43718338,-0.88620734,0.0,0.0,-0.0,-0.0,0.77197695,0.29542598,0.99621284,0.023146767000000002,3.7334737999999996,0.88645935,4.8023977,2.3308601,2.764008347452969,1.282031631446513,5.523215190407095,-1.297257998416665
82,8705.0,0.0,2800.0,82.0,32.0,2800.0,0.12523907635839224,53.12385866221588,53.12385866221588,1.0,,,,0.09516318455458647,0.07918146521568653,0.3708685301244259,0.003477392252534628,0.0010000000000000002,2.168404344971009e-19,0.001,0.001,1.6870973000000002,1.7109039000000001,9.144255000000001,0.10290236,3.7496562000000004,0.8966003,4.8093886,2.4694203999999997,0.017805466000000002,0.23177952,0.44165793,-1.0652926,0.0,0.0,-0.0,-0.0,0.77224326,0.27500668,0.99593794,0.19219926,3.7496562000000004,0.8966003,4.8093886,2.4694203999999997,2.7921680035419985,1.2824872140202876,5.604559015270529,-1.3000956629016431
83,8860.0,0.0,2831.0,83.0,31.0,2831.0,-0.05756675359707266,51.32504594333062,51.32504594333062,1.0,,,,0.11819477937184275,0.08065512257750973,0.3484462024644017,0.004743514582514763,0.0010000000000000002,2.168404344971009e-19,0.001,0.001,1.9727728,2.0616484,18.811258,0.21963634,3.843428,0.9582818000000001,4.974392,2.3384023,0.0009740672,0.2566265,0.41200712,-1.2075623,0.0,0.0,-0.0,-0.0,0.7821840999999999,0.25590512,0.9977604999999999,0.12503538,3.843428,0.9582818000000001,4.974392,2.3384023,2.8063318914248354,1.3132185332145565,5.681390334602653,-1.3023900942304163
84,9005.0,0.0,2860.0,84.0,29.0,2860.0,-0.02244876082685261,48.6732568886186,48.6732568886186,1.0,,,,0.0831303084967658,0.06805999915004053,0.4526376593858004,0.005212515592575072,0.001,0.0,0.001,0.001,1.805539,1.7740711,11.709455499999999,0.26230523,3.7980084,1.0808938999999997,5.244369,2.410656,-0.023692906,0.2703223,0.39826283,-1.1438153,0.0,0.0,-0.0,-0.0,0.79001784,0.2522792,0.99901575,0.18939097,3.7980084,1.0808938999999997,5.244369,2.410656,2.8674182128714203,1.3248749084981226,5.740518602367697,-1.3022999881007702
85,9165.0,0.0,2892.0,85.0,32.0,2892.0,0.0027756879904760104,52.41915347002853,52.41915347002853,0.0,,,,0.07971792430616917,0.07082305654262279,0.5291777765378356,0.005125376395881176,0.0010000000000000002,2.168404344971009e-19,0.001,0.001,1.8687158,1.8473694,9.658939,0.12083240599999999,3.8485214999999995,0.89528084,4.90388,2.4557822,-0.006091275300000001,0.2966331,0.42117056,-2.0640779,0.0,0.0,-0.0,-0.0,0.75876,0.31238872,0.9970771999999999,0.016086917,3.8485214999999995,0.89528084,4.90388,2.4557822,2.9012643480751734,1.344191177648581,5.764073890682516,-1.2989961556890042
86,9370.0,0.0,2933.0,86.0,41.0,2933.0,-0.1365541424726319,67.32127139263474,67.32127139263474,1.0,,,,0.07924898359458893,0.05723673561775532,0.2844402883201837,0.0018331198953092094,0.0010000000000000002,2.168404344971009e-19,0.001,0.001,1.8824682000000001,1.8822206999999997,11.112715,0.14680037,3.9843366000000002,0.8836511,4.9993315,2.5361762000000003,0.02971749,0.23223159,0.39551073,-2.157051,0.0,0.0,-0.0,-0.0,0.7441895000000001,0.32945323,0.9896530000000001,0.052199326,3.9843366000000002,0.8836511,4.9993315,2.5361762000000003,2.9348606544760663,1.3660761352656765,5.876919573780357,-1.2956236372687846
87,9675.0,0.0,2994.0,87.0,61.0,2994.0,-0.2214742579494545,88.85244470377195,88.85244470377195,1.0,,,,0.09603282166955372,0.0800805613838053,0.4339657351374626,0.0028655182104557753,0.0010000000000000002,2.168404344971009e-19,0.001,0.001,2.1367426,2.1321722999999997,13.421565,0.1608628,3.9274442,0.58282906,4.6759143,2.6165862,0.08603215,0.12810126,0.39264829999999995,-0.19517358,0.0,0.0,-0.0,-0.0,0.70568025,0.34164605,0.9827,0.0721362,3.9274442,0.58282906,4.6759143,2.6165862,3.0021614222687987,1.3580502950738012,5.979428366657553,-1.2918936447598963
88,9845.0,0.0,3028.0,88.0,34.0,3028.0,-0.07029797343677292,55.65488144528102,55.65488144528102,1.0,,,,0.0898123158847518,0.08361646090221422,0.4440044448710978,0.0028915510047227144,0.0010000000000000002,2.168404344971009e-19,0.001,0.001,2.141666,2.1036282,9.144338000000001,0.218852,4.0699973,0.9816759,5.324495,2.60983,0.0004357637,0.26375540000000003,0.360602,-2.047432,0.0,0.0,-0.0,-0.0,0.76330745,0.29720113,0.9950894,0.16535254,4.0699973,0.9816759,5.324495,2.60983,3.0801456143480666,1.365249803981811,6.095506068702995,-1.2870760647752313
89,10010.0,0.0,3061.0,89.0,33.0,3061.0,-0.0018759022445800032,54.12387759706774,54.12387759706774,1.0,,,,0.12898593877616804,0.09946312256071647,0.4854939449578524,0.0055654849857091895,0.0010000000000000002,2.168404344971009e-19,0.001,0.001,2.5920007000000003,2.7718062000000003,16.26803,0.26120329999999997,4.0849195,0.9375858,5.2723260000000005,2.637104,0.00049107487,0.27812022,0.4181973,-2.1479447,0.0,0.0,-0.0,-0.0,0.768034,0.29801774,0.99785423,0.12734577,4.0849195,0.9375858,5.2723260000000005,2.637104,3.1380354503029144,1.3868783858197746,6.151594685550987,-1.2809299652078179
90,10165.0,0.0,3092.0,90.0,31.0,3092.0,0.10841670564073948,51.31296684468326,51.31296684468326,0.0,,,,0.1042974825684602,0.08596505867796775,0.472989103756845,0.003448273753747344,0.0010000000000000002,2.168404344971009e-19,0.001,0.001,2.050321,1.8861081999999998,8.836263,0.18079077,4.003654,1.0866708999999999,5.3453355,2.0337696,-0.01995808,0.28665537,0.46989846,-1.3677621000000002,0.0,0.0,-0.0,-0.0,0.7560246,0.31760168,0.9983032,0.03995751,4.003654,1.0866708999999999,5.3453355,2.0337696,3.1505782443086368,1.4177058993143388,6.176827470299063,-1.2769926164844063
91,10350.0,0.0,3129.0,91.0,37.0,3129.0,-0.0443269223258918,60.58303688232362,60.58303688232362,1.0,,,,0.09899271445918,0.08282046084204342,0.456172339618206,0.007110757753252983,0.0010000000000000002,2.168404344971009e-19,0.001,0.001,2.591873,2.6378932,12.160708999999999,0.17852177,4.251885,0.9506081000000001,5.366207599999999,2.7380897999999996,0.028195593999999997,0.26238438,0.40667439,-2.3357463,0.0,0.0,-0.0,-0.0,0.7100269,0.38672736,0.99767643,-0.10056949400000001,4.251885,0.9506081000000001,5.366207599999999,2.7380897999999996,3.2080355447771622,1.4193124550592096,6.298814765449818,-1.270336623618844
92,10665.0,0.0,3192.0,92.0,63.0,3192.0,0.009657983101495808,91.5550292987112,91.5550292987112,1.0,,,,0.10767307970071993,0.10198051327492988,0.6245876587927341,0.0030362107791006565,0.0010000000000000002,2.168404344971009e-19,0.001,0.001,2.3466303,2.5056362,14.437953,0.16562821,4.154708,0.5931851,4.963876,2.7504888,0.08869760000000002,0.12761103,0.3872972,-0.24407718,0.0,0.0,-0.0,-0.0,0.670623,0.40718499999999996,0.9917867,-0.07211078,4.154708,0.5931851,4.963876,2.7504888,3.2876210900911236,1.434200460711572,6.395266915794668,-1.0127444819924047
93,11700.0,0.0,3399.0,93.0,207.0,3399.0,-0.05522551184453508,234.79698698897656,234.79698698897656,1.0,,,,0.13603921134874802,0.13090456401083114,1.0892814658582208,0.0023232665844261646,0.0010000000000000005,4.336808689942018e-19,0.001,0.001,2.9533904,3.136787,23.09252,0.192427,3.4020550000000003,0.74808586,5.0593330000000005,1.919123,0.087164424,0.13968107,0.40574878,-0.6504717,0.0,0.0,-0.0,-0.0,0.6187897,0.38472286,0.9908119000000001,-0.15603632,3.4020550000000003,0.74808586,5.0593330000000005,1.919123,3.424783407138253,1.4980503733591184,6.834338330265341,-1.2537720249393014
94,13105.0,0.0,3680.0,94.0,281.0,3680.0,-0.0057867325840321535,252.36705920893925,252.36705920893925,1.0,,,,0.16206927257856088,0.1546230478902964,1.4055969715118408,0.003943256102502346,0.0010000000000000002,2.168404344971009e-19,0.001,0.001,3.3413867999999995,3.8719324999999998,35.15075,0.20846237,2.8836763,0.7687798,4.708662,1.7853866999999999,0.106378905,0.1401945,0.44764269999999995,-0.36547609999999997,0.0,0.0,-0.0,-0.0,0.57577974,0.31234992,0.97854966,-0.15192385,2.8836763,0.7687798,4.708662,1.7853866999999999,3.676944276176884,1.5735883470514407,7.342071441646872,-1.2090360133149654
95,13380.0,0.0,3735.0,95.0,55.0,3735.0,-0.029978486715732014,84.27400191140163,84.27400191140163,0.0,,,,0.17592029740119836,0.16093058273035826,0.7164141414687037,0.005400961264967918,0.0010000000000000002,2.168404344971009e-19,0.001,0.001,3.6338701,4.05345,21.602524,0.18112536,5.026549299999999,0.93280804,6.7685070000000005,3.194008,0.08848387,0.13502635,0.44186184,-0.38756928,0.0,0.0,-0.0,-0.0,0.6422988000000001,0.40988925,0.9944646999999999,-0.35669464,5.026549299999999,0.93280804,6.7685070000000005,3.194008,3.816793823548706,1.616286414621713,7.3833977594340405,-1.1532887021997005
96,13585.0,0.0,3776.0,96.0,41.0,3776.0,0.01919651543029056,66.85549320699286,66.85549320699286,1.0,,,,0.15076626159716394,0.16318197434338394,0.8530553970485926,0.002799576614052057,0.0010000000000000002,2.168404344971009e-19,0.001,0.001,3.568465,4.221995,25.586622,0.18142757,4.880515,0.9289373,6.05652,2.9116788,0.01602945,0.28576434,0.4261098,-2.7591810000000003,0.0,0.0,-0.0,-0.0,0.68240756,0.39176044,0.99447805,-0.29446977,4.880515,0.9289373,6.05652,2.9116788,3.8206930831296386,1.6100821397510476,7.509581746097861,-1.1503067616918117
97,13795.0,0.0,3818.0,97.0,42.0,3818.0,-0.0577282810874602,68.31013632929928,68.31013632929928,1.0,,,,0.1370497412866027,0.1544170617978904,0.8856687629595399,0.004113552626222372,0.0010000000000000005,4.336808689942018e-19,0.001,0.001,3.4408627,3.7312515,21.216337,0.21251592,5.04251,1.0821028999999998,6.247886,2.7929098999999997,0.032771315,0.26967853,0.39140815,-2.8453798,0.0,0.0,-0.0,-0.0,0.67890763,0.35990033,0.9948894,-0.09340213,5.04251,1.0821028999999998,6.247886,2.7929098999999997,3.883920257019519,1.6639048865385286,7.550256608959494,-1.1495029465653923
98,14015.0,0.0,3862.0,98.0,44.0,3862.0,-0.004018514110745557,71.72864784427648,71.72864784427648,1.0,,,,0.21818773874493186,0.205187314433604,0.922303677070886,0.009289859794080256,0.0010000000000000005,4.336808689942018e-19,0.001,0.001,4.189896,4.535578299999999,28.506638,0.2992178,5.1337757,1.0693455,6.4809194,2.923985,0.035238583,0.27019057,0.37130359999999996,-2.7720902,0.0,0.0,-0.0,-0.0,0.658243,0.36538208,0.99484724,-0.06443931,5.1337757,1.0693455,6.4809194,2.923985,3.9834046207375775,1.67976398296713,7.639113644596397,-1.1492891584136515
99,14220.0,0.0,3903.0,99.0,41.0,3903.0,-0.1289363736372421,66.29998043237808,66.29998043237808,1.0,,,,0.17668312358437105,0.16256320476358732,0.7720464840531349,0.0061166901141405106,0.0010000000000000002,2.168404344971009e-19,0.001,0.001,3.7026190000000003,4.3454027,22.313791000000002,0.18070729,5.223453500000001,1.1561569,6.6554093,3.3868067,0.01729847,0.2807085,0.40308309999999997,-2.9801867000000004,0.0,0.0,-0.0,-0.0,0.6580175,0.3436474,0.99680465,-0.040415462,5.223453500000001,1.1561569,6.6554093,3.3868067,4.048929026905552,1.681488605846062,7.697689355846701,-0.8474748917301499
100,14440.0,0.0,3947.0,100.0,44.0,3947.0,0.07736382083971809,71.56059881509516,71.56059881509516,0.0,,,,0.16941245383214812,0.1624386659431246,0.5979686789214611,0.005805255379527807,0.0010000000000000005,4.336808689942018e-19,0.001,0.001,3.9499726,4.9942836999999995,34.051970000000004,0.30958408,5.270531,1.0623716,6.6567345,2.9957604,0.049211014000000004,0.29786685,0.39658022,-3.1600837999999998,0.0,0.0,-0.0,-0.0,0.6457662,0.36339372,0.9967077,-0.25193778,5.270531,1.0623716,6.6567345,2.9957604,4.082054284361311,1.71092615192251,7.785067872043905,-1.1486966530778435
101,14645.0,0.0,3988.0,101.0,41.0,3988.0,0.016204942250941597,67.01359394172827,67.01359394172827,1.0,,,,0.17548265824560075,0.15980795851645407,0.8052872661501169,0.0028204182162880893,0.0010000000000000002,2.168404344971009e-19,0.001,0.001,4.2824535,4.846903,24.335179999999998,0.37682924,5.311811,1.2061671,6.772253500000001,2.8446987,0.029666936,0.3373812,0.47062529999999997,-3.2812572,0.0,0.0,-0.0,-0.0,0.62530303,0.36012912,0.9968289,-0.045369077,5.311811,1.2061671,6.772253500000001,2.8446987,4.1315820576484255,1.6951727741337403,7.803961009022054,-1.1489964167573479
102,14870.0,0.0,4033.0,102.0,45.0,4033.0,-0.11798455971476185,73.80563417762227,73.80563417762227,1.0,,,,0.15591767276954752,0.17181740207212115,0.7935790810734034,0.003622971940785647,0.0010000000000000005,4.336808689942018e-19,0.001,0.001,3.7924294,4.390087599999999,23.410812,0.16676402,5.374982,1.1371965,6.9073286,2.767676,0.049562193,0.33072767,0.5687633000000001,-3.5213763999999994,0.0,0.0,-0.0,-0.0,0.59878737,0.36288792,0.9948035,-0.19288355,5.374982,1.1371965,6.9073286,2.767676,4.20466313604422,1.7454826342879879,7.8829573901483485,-1.1457204364039928
103,15155.0,0.0,4090.0,103.0,57.0,4090.0,0.0706081865734343,86.06550542689928,86.06550542689928,1.0,,,,0.1740508562602502,0.1818721861325315,1.0476313084363935,0.004895195830613375,0.001,0.0,0.001,0.001,4.3090589999999995,5.1530123,29.86223,0.22496365,5.394662,0.82454044,6.3316207,3.5308243999999998,0.08377523,0.17026219,0.49167788,-0.94404906,0.0,0.0,-0.0,-0.0,0.54724413,0.37769696,0.9946233,-0.11596219,5.394662,0.82454044,6.3316207,3.5308243999999998,4.276612597949444,1.7545151270386656,8.033163622852621,-1.1431555096604853
104,15375.0,0.0,4134.0,104.0,44.0,4134.0,-0.03829632458692379,71.6293315941877,71.6293315941877,1.0,,,,0.2186992986279345,0.23325818141904986,1.4064077865332365,0.004080865532159804,0.0010000000000000005,4.336808689942018e-19,0.001,0.001,4.3849883,5.125885500000001,32.04505,0.28304148,5.561433,1.0747423,7.0822053,3.4826841,0.024687242,0.2982132,0.41121307,-3.2470171000000003,0.0,0.0,-0.0,-0.0,0.61775446,0.33688846,0.9974429,-0.18523605,5.561433,1.0747423,7.0822053,3.4826841,4.339481642963301,1.7859600125831632,8.1114854993785,-1.1449870185353783
105,15690.0,0.0,4197.0,105.0,63.0,4197.0,0.07021730135642333,91.54505724858349,91.54505724858349,0.0,,,,0.19005679578385165,0.18531093816111308,0.8094418495893478,0.006489001680165529,0.0010000000000000002,2.168404344971009e-19,0.001,0.001,4.693258999999999,5.525707700000001,34.779472,0.3338578,5.3411245,0.757721,6.405115599999999,3.6185927,0.07690953,0.16654370000000002,0.42648622,-1.2867552,0.0,0.0,-0.0,-0.0,0.5364032,0.40192372,0.99411005,-0.22597656,5.3411245,0.757721,6.405115599999999,3.6185927,4.387996206107111,1.7739111468402045,8.2043555100748,-1.1458478949763804
106,15965.0,0.0,4252.0,106.0,55.0,4252.0,-0.11503134697069788,83.1851850342138,83.1851850342138,1.0,,,,0.20803019468569087,0.2197795361896124,1.1444399133324623,0.006560130510479212,0.0010000000000000002,2.168404344971009e-19,0.001,0.001,4.256722,4.973017,26.321112,0.3113813,5.663587000000001,0.9274583000000001,7.0972967,3.7485519999999997,0.07354488,0.16566357,0.42074433,-0.74243784,0.0,0.0,-0.0,-0.0,0.5733651999999999,0.35769835,0.997209,-0.15660827,5.663587000000001,0.9274583000000001,7.0972967,3.7485519999999997,4.492185275725096,1.803920831135337,8.372532375652499,-1.143688888380769
107,16195.0,0.0,4298.0,107.0,46.0,4298.0,-0.05143470098400242,75.00914880853746,75.00914880853746,1.0,,,,0.2425527719346185,0.24360415621984524,1.4632043540477753,0.007059765048325063,0.0010000000000000005,4.336808689942018e-19,0.001,0.001,5.384131,5.919938,28.499230999999998,0.3073821,5.7318807000000005,1.0899918,7.2433309999999995,3.7591638999999994,0.025151892999999998,0.3230445,0.62435806,-2.8708717999999998,0.0,0.0,-0.0,-0.0,0.5653976,0.3954645,0.99829197,-0.23966463,5.7318807000000005,1.0899918,7.2433309999999995,3.7591638999999994,4.554125481142137,1.8128580129144267,8.3907774439071,-1.145338119695428
108,16425.0,0.0,4344.0,108.0,46.0,4344.0,0.03655077998278023,75.4645296737373,75.4645296737373,1.0,,,,0.2601222419780161,0.2891909118635734,1.1896841134876013,0.008006036281585693,0.0010000000000000005,4.336808689942018e-19,0.001,0.001,4.790821599999999,5.708229,46.140446000000004,0.37529075,5.719181,1.2012401000000001,7.2038856,2.95087,0.05271469,0.30355194,0.44381679999999996,-3.0417664,0.0,0.0,-0.0,-0.0,0.5735026999999999,0.38887838,0.9959959999999999,-0.27059066,5.719181,1.2012401000000001,7.2038856,2.95087,4.612211330525594,1.8569436691518475,8.552223471004671,-1.1458691970803767
109,16705.0,0.0,4400.0,109.0,56.0,4400.0,-0.018080176502668625,105.7054891370502,105.7054891370502,1.0,,,,0.23190574895590546,0.2326025633799987,1.0910195633769035,0.0049653840251266965,0.001,0.0,0.001,0.001,6.031361599999999,7.777989999999999,75.21185,0.22956774,4.4802995,2.5522994999999997,7.3270144,-0.46351573,-0.14240362,0.68898654,0.396125,-4.0528216,0.0,0.0,-0.0,-0.0,0.55240566,0.48544129999999996,0.99996287,-0.66716725,4.4802995,2.5522994999999997,7.3270144,-0.46351573,4.669390305831004,1.852436424469716,8.579897087413974,-1.14887320680404
110,16930.0,0.0,4445.0,110.0,45.0,4445.0,0.13233354401629774,73.79478415865357,73.79478415865357,0.0,,,,0.2433305104220794,0.2622683293961601,1.2502556443214417,0.006128131411969662,0.0010000000000000005,4.336808689942018e-19,0.001,0.001,5.5909233,7.1102567,34.09665,0.34213033,5.924656400000001,1.1817108,7.545064999999999,3.3292502999999996,0.031189612999999998,0.29257908,0.37627527,-2.7009928,0.0,0.0,-0.0,-0.0,0.51887566,0.37941240000000004,0.99788445,-0.5397114000000001,5.924656400000001,1.1817108,7.545064999999999,3.3292502999999996,4.740562069690176,1.8846949830230613,8.713386338550754,-0.9217627237555196
111,17245.0,0.0,4508.0,111.0,63.0,4508.0,-0.08540810456774682,124.95466951229992,124.95466951229992,1.0,,,,0.2530358599243505,0.2279722025954864,0.975660039111972,0.006084819324314593,0.0010000000000000002,2.168404344971009e-19,0.001,0.001,5.1732059999999995,5.3059597,32.529984000000006,0.27922437,5.3142276,1.4034642,7.413253,2.3384628,-0.12008949,0.601745,0.42205325,-3.5614672,0.0,0.0,-0.0,-0.0,0.5436935,0.4541977,0.99937326,-0.67547685,5.3142276,1.4034642,7.413253,2.3384628,4.820288407345822,1.9023355086637617,8.854659059841339,-1.1456460265615016
112,18110.0,0.0,4681.0,112.0,173.0,4681.0,-0.06292117030230214,144.68088450830112,144.68088450830112,1.0,,,,0.2466523863938312,0.23930994958544816,1.317288475111127,0.005481060594320297,0.0010000000000000005,4.336808689942018e-19,0.001,0.001,5.4847507,5.5913777,55.881817000000005,0.38882458,3.4360585,1.3967286,6.937104700000001,1.8341374,0.12214598,0.14397696,0.49307096,-0.33067065,0.0,0.0,-0.0,-0.0,0.5235498,0.24151427,0.99406445,-0.21951020000000004,3.4360585,1.3967286,6.937104700000001,1.8341374,4.943775867063651,1.931335691246652,9.183458274204439,-1.1428152070739297
113,18460.0,0.0,4751.0,113.0,70.0,4751.0,0.10770333232718036,144.17265174568584,144.17265174568584,1.0,,,,0.2195468077517074,0.23563043639135586,1.177899830043316,0.005702934693545103,0.0010000000000000002,2.168404344971009e-19,0.001,0.001,5.297841,6.8602753,64.212234,0.23239577,5.0687766,2.095772,7.778635,-0.100574255,-0.11340088,0.58374286,0.48897105,-3.5614339999999998,0.0,0.0,-0.0,-0.0,0.55587596,0.48351827,0.9991290999999999,-0.5261891,5.0687766,2.095772,7.778635,-0.100574255,5.020328950918298,1.9895819522451976,9.343404620487398,-1.14020555181289
114,18800.0,0.0,4819.0,114.0,68.0,4819.0,0.07535684220596765,138.48857104691277,138.48857104691277,1.0,,,,0.2646317521749593,0.2603044278843773,1.320068560540676,0.0069534899666905394,0.0010000000000000002,2.168404344971009e-19,0.001,0.001,6.251543,6.8342257,42.941565999999995,0.3544893,5.7168446,1.5334475,7.9206367,1.7807051,-0.05382762,0.47983903,0.5787848000000001,-2.4235609,0.0,0.0,-0.0,-0.0,0.5431691999999999,0.47480047,0.9984440999999998,-0.58001304,5.7168446,1.5334475,7.9206367,1.7807051,5.074822899569507,2.0086293371249533,9.416997783977694,-1.1366736511685878
115,19125.0,0.0,4884.0,115.0,65.0,4884.0,-0.02527611488776776,129.10939505399358,129.10939505399358,0.0,,,,0.21604250251693885,0.2042735955180968,1.0426581278443336,0.004496002569794655,0.0010000000000000002,2.168404344971009e-19,0.001,0.001,5.2137237,6.1042629999999996,45.782406,0.24307871,6.003103299999999,1.3842931,7.9281297,2.6086504,-0.016257743999999998,0.40953088,0.6750324000000001,-2.0850139,0.0,0.0,-0.0,-0.0,0.51171005,0.46425655,0.9986044,-0.47870973,6.003103299999999,1.3842931,7.9281297,2.6086504,5.178496629587606,2.0521325785752764,9.605848429996675,-1.1381469778516322
116,19350.0,0.0,4929.0,116.0,45.0,4929.0,0.07513284224902404,75.85634764140299,75.85634764140299,1.0,,,,0.28966609189202164,0.2795971723119466,1.6389906257390976,0.007974701002240181,0.0010000000000000005,4.336808689942018e-19,0.001,0.001,6.6873894,6.634287400000001,38.238728,0.4001818,6.53324,1.0658298000000002,7.8222504,4.266148,0.016091585,0.33101103,0.50493926,-2.1227503,0.0,0.0,-0.0,-0.0,0.5362295,0.42876172,0.9991619,-0.61154205,6.53324,1.0658298000000002,7.8222504,4.266148,5.207613197917644,2.050405916366151,9.660416749317355,-1.1385560844638376
117,19740.0,0.0,5007.0,117.0,78.0,5007.0,-0.10060765278454192,151.34493104381878,151.34493104381878,1.0,,,,0.2872273450959232,0.3053134125242236,1.909892309457064,0.008446995168924332,0.0010000000000000002,2.168404344971009e-19,0.001,0.001,6.702917599999999,7.2798386,46.065994,0.26620737,6.595898599999999,1.5073896999999998,8.384376,2.639447,-0.0017387548000000002,0.39053556,0.5745747,-1.8488616000000002,0.0,0.0,-0.0,-0.0,0.49245079999999997,0.45944938,0.99901587,-0.58165985,6.595898599999999,1.5073896999999998,8.384376,2.639447,5.298735011675574,2.093210211032221,9.820262503125248,-1.138097351620439
118,20010.0,0.0,5061.0,118.0,54.0,5061.0,-0.039704856843263504,85.0335864883862,85.0335864883862,1.0,,,,0.27706732582300897,0.2910961141840934,1.5723398849368095,0.009591100737452507,0.0010000000000000002,2.168404344971009e-19,0.001,0.001,6.730636,7.2106085,73.0857,0.5773117,6.8917594,1.0114753,8.368426,4.471858,0.08155766,0.21397534,0.5396819,-1.1133871000000002,0.0,0.0,-0.0,-0.0,0.5284186,0.40188086,0.9976417999999999,-0.54317605,6.8917594,1.0114753,8.368426,4.471858,5.3940633893181245,2.119511899354426,9.955122211773103,-1.1415988628366025
119,20335.0,0.0,5126.0,119.0,65.0,5126.0,0.04070978972036037,126.37124076662495,126.37124076662495,1.0,,,,0.26820833106175995,0.23807353272221995,1.5538745746016502,0.009599297307431698,0.0010000000000000002,2.168404344971009e-19,0.001,0.001,6.8279924,6.775663000000001,50.865532,0.42132443,6.851449499999999,1.1874405000000001,8.865628,4.4180665,-0.002182496,0.38482806,1.1734605,-1.7606555,0.0,0.0,-0.0,-0.0,0.45671886,0.46220842,0.99906737,-0.66425043,6.851449499999999,1.1874405000000001,8.865628,4.4180665,5.473232240369724,2.151550931939967,10.013568104107089,-1.1439420352675944
120,20640.0,0.0,5187.0,120.0,61.0,5187.0,-0.09020641194848962,115.43398009178324,115.43398009178324,0.0,,,,0.2964710222743452,0.3211702228708905,1.6788436509668827,0.00761920167133212,0.0010000000000000002,2.168404344971009e-19,0.001,0.001,7.3146925000000005,7.1115923,39.576879999999996,0.5609130999999999,6.6763697,1.1373527,7.938867999999999,4.1563099999999995,0.010909822,0.33229613,1.0330389000000002,-1.5090739,0.0,0.0,-0.0,-0.0,0.5465044,0.4210282,0.99873376,-0.5623039000000001,6.6763697,1.1373527,7.938867999999999,4.1563099999999995,5.564025627534308,2.15541899806196,10.183453344800053,-1.1445664052464992
121,20975.0,0.0,5254.0,121.0,67.0,5254.0,0.011980453442397426,135.34726562066584,135.34726562066584,1.0,,,,0.30408643447709355,0.2825578671466258,1.3703065533190966,0.009017263539135456,0.0010000000000000002,2.168404344971009e-19,0.001,0.001,6.5957300000000005,7.1836294999999994,53.186206999999996,0.34933832,6.605992,1.1736331,8.25349,3.3856654,-0.026972674,0.43277442,1.1859863000000002,-2.4256537000000002,0.0,0.0,-0.0,-0.0,0.54127365,0.5480371999999999,0.9990681,-0.8284915999999999,6.605992,1.1736331,8.25349,3.3856654,5.66503415709703,2.147964703284948,10.204307969410127,-1.1461269466378718
122,21305.0,0.0,5320.0,122.0,66.0,5320.0,0.006626455399770618,128.71930120869072,128.71930120869072,1.0,,,,0.2722231703896362,0.2863000127485273,1.5831836555153131,0.008252057246863842,0.0010000000000000002,2.168404344971009e-19,0.001,0.001,6.255350599999999,6.6001377,36.844868,0.5527141999999999,6.884837599999999,1.1083366000000001,8.439855999999999,3.1675047999999997,0.0042619864,0.38663694,0.9028959999999999,-1.8925574,0.0,0.0,-0.0,-0.0,0.49655268,0.5217212,0.9992377,-0.84053785,6.884837599999999,1.1083366000000001,8.439855999999999,3.1675047999999997,5.715633030068966,2.1783450113484157,10.472683281399783,-1.1450169358947306
123,21635.0,0.0,5386.0,123.0,66.0,5386.0,0.08188654744060839,132.93333355700392,132.93333355700392,1.0,,,,0.31924132542254835,0.3008678930884475,1.38901124894619,0.011921780183911324,0.0010000000000000002,2.168404344971009e-19,0.001,0.001,7.543601,7.8406644,54.99879,0.47812513,6.756844999999999,1.3823214,8.759181,2.755175,0.009479844,0.3837522,0.9200386,-1.8437432,0.0,0.0,-0.0,-0.0,0.51706743,0.5483962,0.99929726,-0.8702575000000001,6.756844999999999,1.3823214,8.759181,2.755175,5.7928584562469565,2.2166208841914696,10.548319086529787,-1.1506055812337428
124,21885.0,0.0,5436.0,124.0,50.0,5436.0,-0.12267121534702267,80.0171392754917,80.0171392754917,1.0,,,,0.3166165548053627,0.3547163576465759,1.5753681547939775,0.011097140610218048,0.0010000000000000005,4.336808689942018e-19,0.001,0.001,7.2171726,8.222988,54.327675,0.51999754,7.390644,1.1208612,9.33723,4.7433114000000005,0.07742914599999999,0.23226562,0.5961938,-1.2795258,0.0,0.0,-0.0,-0.0,0.5411923000000001,0.41904145,0.9988535,-0.6324010999999999,7.390644,1.1208612,9.33723,4.7433114000000005,5.919989404267562,2.219111834920781,10.523926933842793,-1.1590284685590295
125,22215.0,0.0,5502.0,125.0,66.0,5502.0,0.15645297091684934,132.77441780456323,132.77441780456323,0.0,,,,0.30797014666291384,0.3495455624050605,1.5556679163128138,0.00817349087446928,0.0010000000000000002,2.168404344971009e-19,0.001,0.001,6.562158999999999,7.8325944000000005,54.51133299999999,0.37902632,7.062697,1.1768804,8.826031,3.2670774,-0.008980163000000001,0.4128527,0.62835354,-2.8130324,0.0,0.0,-0.0,-0.0,0.5164385,0.5551100999999999,0.9990254000000001,-0.94996965,7.062697,1.1768804,8.826031,3.2670774,5.947103677897442,2.2522596140637563,10.873177942730964,-1.1625633786418468
126,22540.0,0.0,5567.0,126.0,65.0,5567.0,0.06399437978346939,129.3465789153141,129.3465789153141,1.0,,,,0.2938797467562836,0.2831821884612296,1.4733819048851728,0.00912526436150074,0.0010000000000000002,2.168404344971009e-19,0.001,0.001,6.6652436,6.613186,48.876841999999996,0.5067779,7.1904683,1.221017,8.822567999999999,2.889818,0.0031352997999999997,0.41173255,0.8394524999999999,-2.4531476000000003,0.0,0.0,-0.0,-0.0,0.5696193,0.5286985,0.99794936,-0.9252488000000001,7.1904683,1.221017,8.822567999999999,2.889818,6.017277461351278,2.26408913287768,11.05373858878809,-1.174172553251031
127,22845.0,0.0,5628.0,127.0,61.0,5628.0,0.3021342547044861,114.38337850644415,114.38337850644415,1.0,,,,0.38103246344874303,0.4233486476043882,2.09725933521986,0.008407237008213997,0.0010000000000000002,2.168404344971009e-19,0.001,0.001,7.675540400000001,8.725242,80.54656999999999,0.71463025,6.7041397,1.4158533000000002,8.4019,2.646584,-0.0036654968,0.3709711,0.80170375,-1.9753822,0.0,0.0,-0.0,-0.0,0.51921713,0.5622078,0.9975787,-0.89195764,6.7041397,1.4158533000000002,8.4019,2.646584,6.137329435086904,2.295312522990089,11.18395121047693,-0.9459412608858756
128,23150.0,0.0,5689.0,128.0,61.0,5689.0,-0.12339746830590236,114.5796593535029,114.5796593535029,1.0,,,,0.41247365350524573,0.4223118871764521,2.212679788470268,0.011854028329253195,0.0010000000000000002,2.168404344971009e-19,0.001,0.001,8.358011,8.688474000000001,67.60874,0.68418294,7.6848483,1.1258463,9.199595,4.708664,0.06354065,0.3287758,1.2948302,-1.688509,0.0,0.0,-0.0,-0.0,0.54078263,0.4990920999999999,0.99879795,-0.750786,7.6848483,1.1258463,9.199595,4.708664,6.191529240993023,2.308119309230372,11.305342754818973,-1.17463305635238
129,23465.0,0.0,5752.0,129.0,63.0,5752.0,-0.19979612717961398,118.18248002940963,118.18248002940963,1.0,,,,0.32630085815645515,0.2984705772713398,1.8388577066361904,0.009774291887879372,0.0010000000000000002,2.168404344971009e-19,0.001,0.001,8.26518,9.171263,58.709247999999995,0.70144844,7.652128,1.1990728000000002,9.311689,3.8154428,0.04935443,0.350909,0.8362181999999999,-2.2860346000000002,0.0,0.0,-0.0,-0.0,0.5695816999999999,0.49673632,0.9972618000000001,-0.7378100999999999,7.652128,1.1990728000000002,9.311689,3.8154428,6.336727391228753,2.2927765539438725,11.346839489438114,-1.1822823409535914
130,23775.0,0.0,5814.0,130.0,62.0,5814.0,0.017091689333848744,117.7546103490159,117.7546103490159,0.0,,,,0.40359299165486795,0.4126050009961105,2.6362570971250534,0.008998400531709194,0.0010000000000000002,2.168404344971009e-19,0.001,0.001,9.227372,9.907867,79.34636,0.7339869000000001,7.74645,1.3325915000000002,9.592329,2.278004,0.049617015,0.33959174,0.76554024,-2.0273385,0.0,0.0,-0.0,-0.0,0.574034,0.5124786,0.9984231,-0.82945985,7.74645,1.3325915000000002,9.592329,2.278004,6.3601541288886105,2.34611314858394,11.59123422095972,-0.9562251613852194
