Episode #,Training Iter,In Heatup,ER #Transitions,ER #Episodes,Episode Length,Total steps,Epsilon,Shaped Training Reward,Training Reward,Update Target Network,Evaluation Reward,Shaped Evaluation Reward,Success Rate,Loss/Mean,Loss/Stdev,Loss/Max,Loss/Min,Learning Rate/Mean,Learning Rate/Stdev,Learning Rate/Max,Learning Rate/Min,Grads (unclipped)/Mean,Grads (unclipped)/Stdev,Grads (unclipped)/Max,Grads (unclipped)/Min,Discounted Return/Mean,Discounted Return/Stdev,Discounted Return/Max,Discounted Return/Min,Entropy/Mean,Entropy/Stdev,Entropy/Max,Entropy/Min,Advantages/Mean,Advantages/Stdev,Advantages/Max,Advantages/Min,Values/Mean,Values/Stdev,Values/Max,Values/Min,Value Loss/Mean,Value Loss/Stdev,Value Loss/Max,Value Loss/Min,Policy Loss/Mean,Policy Loss/Stdev,Policy Loss/Max,Policy Loss/Min
1,0.0,1.0,24.0,1.0,24.0,24.0,0.0,,,0.0,,,,,,,,,,,,,,,,0.0,0.0,0.0,0.0,,,,,,,,,,,,,,,,,,,,
2,0.0,1.0,24.0,1.0,24.0,48.0,0.0,,,0.0,,,,,,,,,,,,,,,,0.0,0.0,0.0,0.0,,,,,,,,,,,,,,,,,,,,
3,0.0,1.0,24.0,1.0,24.0,72.0,0.0,,,0.0,,,,,,,,,,,,,,,,0.0,0.0,0.0,0.0,,,,,,,,,,,,,,,,,,,,
4,0.0,1.0,24.0,1.0,24.0,96.0,0.0,,,0.0,,,,,,,,,,,,,,,,0.0,0.0,0.0,0.0,,,,,,,,,,,,,,,,,,,,
5,0.0,1.0,24.0,1.0,24.0,120.0,0.0,,,0.0,,,,,,,,,,,,,,,,0.0,0.0,0.0,0.0,,,,,,,,,,,,,,,,,,,,
6,0.0,1.0,24.0,1.0,24.0,144.0,0.0,,,0.0,,,,,,,,,,,,,,,,0.0,0.0,0.0,0.0,,,,,,,,,,,,,,,,,,,,
7,0.0,1.0,24.0,1.0,24.0,168.0,0.0,,,0.0,,,,,,,,,,,,,,,,0.0,0.0,0.0,0.0,,,,,,,,,,,,,,,,,,,,
8,0.0,1.0,24.0,1.0,24.0,192.0,0.0,,,0.0,,,,,,,,,,,,,,,,0.0,0.0,0.0,0.0,,,,,,,,,,,,,,,,,,,,
9,0.0,1.0,24.0,1.0,24.0,216.0,0.0,,,0.0,,,,,,,,,,,,,,,,0.0,0.0,0.0,0.0,,,,,,,,,,,,,,,,,,,,
10,0.0,1.0,24.0,1.0,24.0,240.0,0.0,,,0.0,,,,,,,,,,,,,,,,0.0,0.0,0.0,0.0,,,,,,,,,,,,,,,,,,,,
11,0.0,1.0,24.0,1.0,24.0,264.0,0.0,,,0.0,,,,,,,,,,,,,,,,0.0,0.0,0.0,0.0,,,,,,,,,,,,,,,,,,,,
12,0.0,1.0,24.0,1.0,24.0,288.0,0.0,,,0.0,,,,,,,,,,,,,,,,0.0,0.0,0.0,0.0,,,,,,,,,,,,,,,,,,,,
13,0.0,1.0,69.0,1.0,69.0,357.0,0.0,,,0.0,,,,,,,,,,,,,,,,0.6799892921363344,0.5213282207842468,1.6757290490602832,0.0,,,,,,,,,,,,,,,,,,,,
14,0.0,1.0,24.0,1.0,24.0,381.0,0.0,,,0.0,,,,,,,,,,,,,,,,0.0,0.0,0.0,0.0,,,,,,,,,,,,,,,,,,,,
15,0.0,1.0,24.0,1.0,24.0,405.0,0.0,,,0.0,,,,,,,,,,,,,,,,0.0,0.0,0.0,0.0,,,,,,,,,,,,,,,,,,,,
16,0.0,1.0,24.0,1.0,24.0,429.0,0.0,,,0.0,,,,,,,,,,,,,,,,0.0,0.0,0.0,0.0,,,,,,,,,,,,,,,,,,,,
17,0.0,1.0,105.0,1.0,105.0,534.0,0.0,,,0.0,,,,,,,,,,,,,,,,0.6946004656367788,0.5411334139057751,1.617290140942288,0.0,,,,,,,,,,,,,,,,,,,,
18,0.0,1.0,21.0,1.0,21.0,555.0,0.0,,,0.0,,,,,,,,,,,,,,,,0.0,0.0,0.0,0.0,,,,,,,,,,,,,,,,,,,,
19,0.0,1.0,24.0,1.0,24.0,579.0,0.0,,,0.0,,,,,,,,,,,,,,,,0.0,0.0,0.0,0.0,,,,,,,,,,,,,,,,,,,,
20,0.0,1.0,24.0,1.0,24.0,603.0,0.0,,,0.0,,,,,,,,,,,,,,,,0.0,0.0,0.0,0.0,,,,,,,,,,,,,,,,,,,,
21,0.0,1.0,24.0,1.0,24.0,627.0,0.0,,,0.0,,,,,,,,,,,,,,,,0.0,0.0,0.0,0.0,,,,,,,,,,,,,,,,,,,,
22,0.0,1.0,24.0,1.0,24.0,651.0,0.0,,,0.0,,,,,,,,,,,,,,,,0.0,0.0,0.0,0.0,,,,,,,,,,,,,,,,,,,,
23,0.0,1.0,81.0,1.0,81.0,732.0,0.0,,,0.0,,,,,,,,,,,,,,,,0.7939697399851603,0.5537100500424229,1.6757290490602832,0.0,,,,,,,,,,,,,,,,,,,,
24,0.0,1.0,3.0,1.0,3.0,735.0,0.0,,,0.0,,,,,,,,,,,,,,,,0.0,0.0,0.0,0.0,,,,,,,,,,,,,,,,,,,,
25,0.0,1.0,22.0,1.0,22.0,757.0,0.0,,,0.0,,,,,,,,,,,,,,,,0.0,0.0,0.0,0.0,,,,,,,,,,,,,,,,,,,,
26,0.0,1.0,24.0,1.0,24.0,781.0,0.0,,,0.0,,,,,,,,,,,,,,,,0.0,0.0,0.0,0.0,,,,,,,,,,,,,,,,,,,,
27,0.0,1.0,16.0,1.0,16.0,797.0,0.0,,,0.0,,,,,,,,,,,,,,,,0.0,0.0,0.0,0.0,,,,,,,,,,,,,,,,,,,,
28,0.0,1.0,2.0,1.0,2.0,799.0,0.0,,,0.0,,,,,,,,,,,,,,,,0.0,0.0,0.0,0.0,,,,,,,,,,,,,,,,,,,,
29,0.0,1.0,24.0,1.0,24.0,823.0,0.0,,,0.0,,,,,,,,,,,,,,,,0.0,0.0,0.0,0.0,,,,,,,,,,,,,,,,,,,,
30,0.0,1.0,24.0,1.0,24.0,847.0,0.0,,,0.0,,,,,,,,,,,,,,,,0.0,0.0,0.0,0.0,,,,,,,,,,,,,,,,,,,,
31,0.0,1.0,9.0,1.0,9.0,856.0,0.0,,,0.0,,,,,,,,,,,,,,,,0.0,0.0,0.0,0.0,,,,,,,,,,,,,,,,,,,,
32,0.0,1.0,24.0,1.0,24.0,880.0,0.0,,,0.0,,,,,,,,,,,,,,,,0.0,0.0,0.0,0.0,,,,,,,,,,,,,,,,,,,,
33,0.0,1.0,24.0,1.0,24.0,904.0,0.0,,,0.0,,,,,,,,,,,,,,,,0.0,0.0,0.0,0.0,,,,,,,,,,,,,,,,,,,,
34,0.0,1.0,24.0,1.0,24.0,928.0,0.0,,,0.0,,,,,,,,,,,,,,,,0.0,0.0,0.0,0.0,,,,,,,,,,,,,,,,,,,,
35,0.0,1.0,73.0,1.0,73.0,1001.0,0.0,,,0.0,,,,,,,,,,,,,,,,0.4716996978436384,0.4122482482781703,1.0,0.0,,,,,,,,,,,,,,,,,,,,
36,0.0,1.0,24.0,1.0,24.0,1025.0,0.0,,,0.0,,,,,,,,,,,,,,,,0.0,0.0,0.0,0.0,,,,,,,,,,,,,,,,,,,,
37,1.0,0.0,24.0,1.0,24.0,1049.0,0.0,0.0,0.0,0.0,,,,,,,,,,,,0.0005586216999999999,0.0,0.0005586216999999999,0.0005586216999999999,0.0,0.0,0.0,0.0,1.3861157,1.6436856e-05,1.3861451,1.3860883999999998,-0.0003817236516624689,0.0009080940430556633,0.0014046570286154747,-0.002236897125840187,0.013403651,0.0011351997,0.01583843,0.011400916,4.851739e-07,0.0,4.851739e-07,4.851739e-07,-0.0005264707,0.0,-0.0005264707,-0.0005264707
38,8.0,0.0,132.0,1.0,132.0,1181.0,0.0,3.0,3.0,0.0,,,,,,,,,,,,0.34111264,0.33737725,0.7118218000000001,0.0015957183,1.094799404020902,0.6185483497890768,2.123252262824093,0.0,1.3858815,0.00022026674,1.3861347,1.3854411,0.2502073971011365,0.4200719607431165,1.005576491355896,-0.01221604272723198,0.043524727,0.027686642,0.08962447,0.009079726,0.119532086,0.11976508,0.25153401,1.0062602e-06,0.3452166,0.3510585,0.7266499,-0.008181534
39,10.0,0.0,24.0,1.0,24.0,1205.0,0.0,0.0,0.0,0.0,,,,,,,,,,,,0.019132277,0.0,0.019132277,0.019132277,0.0,0.0,0.0,0.0,1.3852377,5.7075812999999995e-05,1.3852777,1.3850906,-0.012548184022307396,0.00641100205419606,-0.0014013051986694336,-0.023202575743198398,0.12907866,0.0006480879,0.13019873,0.12737408,9.927895e-05,0.0,9.927895e-05,9.927895e-05,-0.017492511999999998,0.0,-0.017492511999999998,-0.017492511999999998
40,12.0,0.0,24.0,1.0,24.0,1229.0,0.0,0.0,0.0,0.0,,,,,,,,,,,,0.0252948,0.0,0.0252948,0.0252948,0.0,0.0,0.0,0.0,1.3848878,6.329838e-05,1.3849343,1.3847268,-0.015420503169298171,0.00793568134385303,-0.0016538351774215698,-0.028405547142028812,0.15754703,0.0006020972,0.15863857,0.15608629999999998,0.0001503835,0.0,0.0001503835,0.0001503835,-0.021160308,0.0,-0.021160308,-0.021160308
41,17.0,0.0,92.0,1.0,92.0,1321.0,0.0,2.0,2.0,0.0,,,,,,,,,,,,0.45196712,0.42418078,0.9124926999999999,0.027495202000000003,0.8534015119977619,0.5441942311137079,1.6757290490602832,0.0,1.3838912,0.0005374054,1.3845985,1.3830446,0.2548217087984085,0.4251269850108175,0.984919548034668,-0.033670052886009216,0.18081799,0.011780355,0.20143953,0.16781522,0.122833535,0.12285714,0.25586390000000003,0.00017760754000000002,0.35162178,0.3756907,0.7423455,-0.02477392
42,19.0,0.0,24.0,1.0,24.0,1345.0,0.0,0.0,0.0,0.0,,,,,,,,,,,,0.044707116,0.0,0.044707116,0.044707116,0.0,0.0,0.0,0.0,1.3827729,0.00012465498,1.3828683000000002,1.3824214,-0.022742214053869246,0.012183995543025287,-0.00202101469039917,-0.04198019206523895,0.23760357,0.0005141239,0.23854059,0.23673543,0.00033282902,0.0,0.00033282902,0.00033282902,-0.030583133999999998,0.0,-0.030583133999999998,-0.030583133999999998
43,24.0,0.0,87.0,1.0,87.0,1432.0,0.0,2.0,2.0,0.0,,,,,,,,,,,,0.2942802,0.24605213,0.57483774,0.046549242000000005,0.8304829519874626,0.5508941184051722,1.6757290490602832,0.0,1.381946,0.00025625672,1.3823357,1.3815278,0.1317806515842676,0.3516699500615721,0.9658024907112122,-0.050366371870040894,0.26502517,0.008897628000000001,0.280277,0.25481945,0.070518956,0.07049704,0.15137772,0.00041245256,0.18362044,0.22024894,0.43467027,-0.035965316000000004
44,25.0,0.0,12.0,1.0,12.0,1444.0,0.0,0.0,0.0,0.0,,,,,,,,,,,,,,,,0.0,0.0,0.0,0.0,1.3813393999999999,3.2663579999999995e-05,1.3813915,1.3812788,,,,,,,,,,,,,,,,
45,27.0,0.0,24.0,1.0,24.0,1468.0,0.0,0.0,0.0,0.0,,,,,,,,,,,,0.05740257,0.0,0.05740257,0.05740257,0.0,0.0,0.0,0.0,1.3811586999999999,6.333528000000001e-05,1.3812308,1.3810314,-0.02889170199632645,0.015186592747694684,-0.0029730498790740967,-0.053404733538627625,0.29296875,0.00050333684,0.29384103,0.29206540000000003,0.0005326816,0.0,0.0005326816,0.0005326816,-0.039092436,0.0,-0.039092436,-0.039092436
46,29.0,0.0,24.0,1.0,24.0,1492.0,0.0,0.0,0.0,0.0,,,,,,,,,,,,0.04946997400000001,0.0,0.04946997400000001,0.04946997400000001,0.0,0.0,0.0,0.0,1.3802834,0.00014850408000000002,1.3803941000000002,1.3799078000000002,-0.027322634309530257,0.014372359285298066,-0.00281718373298645,-0.050494641065597534,0.27713126,0.00047443807000000003,0.2780164,0.2762205,0.00047654554000000005,0.0,0.00047654554000000005,0.00047654554000000005,-0.037943378,0.0,-0.037943378,-0.037943378
47,31.0,0.0,24.0,1.0,24.0,1516.0,0.0,0.0,0.0,0.0,,,,,,,,,,,,0.043426458,0.0,0.043426458,0.043426458,0.0,0.0,0.0,0.0,1.3794236,0.00022084422000000003,1.3796101,1.3788565000000002,-0.024637149274349214,0.01285139395437796,-0.002544790506362915,-0.04521605372428894,0.25159225,0.0009623564,0.25381434,0.24890043,0.00038607375,0.0,0.00038607375,0.00038607375,-0.033990506000000004,0.0,-0.033990506000000004,-0.033990506000000004
48,33.0,0.0,24.0,1.0,24.0,1540.0,0.0,0.0,0.0,0.0,,,,,,,,,,,,0.03540366,0.0,0.03540366,0.03540366,0.0,0.0,0.0,0.0,1.3782033999999999,0.00017280784,1.3783921000000001,1.3777486,-0.021906629949808118,0.01111805193406722,-0.002475336194038391,-0.039697110652923584,0.21869937,0.0006394688,0.22029400000000002,0.21773507,0.0003017558,0.0,0.0003017558,0.0003017558,-0.030592084,0.0,-0.030592084,-0.030592084
49,35.0,0.0,24.0,1.0,24.0,1564.0,0.0,0.0,0.0,0.0,,,,,,,,,,,,0.028255462999999998,0.0,0.028255462999999998,0.028255462999999998,0.0,0.0,0.0,0.0,1.377293,0.00013171861000000002,1.3774312,1.3769789,-0.01777523085474968,0.009284143010544362,-0.0018402636051177976,-0.032893329858779914,0.18088631,0.0007411458599999999,0.18209228,0.17948297,0.00020107707999999998,0.0,0.00020107707999999998,0.00020107707999999998,-0.0242177,0.0,-0.0242177,-0.0242177
50,37.0,0.0,24.0,1.0,24.0,1588.0,0.0,0.0,0.0,0.0,,,,,,,,,,,,0.021184243,0.0,0.021184243,0.021184243,0.0,0.0,0.0,0.0,1.3770533,5.7821040000000004e-05,1.3771096,1.376862,-0.014224805310368538,0.007409264740294326,-0.0014760196208953855,-0.02572661638259888,0.14430328,0.0004899912999999999,0.14530621,0.14338505,0.00012862115,0.0,0.00012862115,0.00012862115,-0.019337205,0.0,-0.019337205,-0.019337205
51,39.0,0.0,24.0,1.0,24.0,1612.0,0.0,0.0,0.0,0.0,,,,,,,,,,,,0.015493812,0.0,0.015493812,0.015493812,0.0,0.0,0.0,0.0,1.377251,0.00011116214,1.377498,1.3770367000000001,-0.011086105555295944,0.00574790322758806,-0.0012026280164718628,-0.0197419673204422,0.112943485,0.00052608433,0.11403475,0.11192459,7.7970064e-05,0.0,7.7970064e-05,7.7970064e-05,-0.014946455,0.0,-0.014946455,-0.014946455
52,42.0,0.0,52.0,1.0,52.0,1664.0,0.0,1.0,1.0,0.0,,,,,,,,,,,,0.31994978,0.30871865,0.6286684,0.011231138,0.5148012122030814,0.42792094166684,1.0,0.0,1.3780881,0.00026442885,1.3785803,1.3776639,0.2561434682458639,0.4264588285596686,0.9984166026115416,-0.014994792640209196,0.079614185,0.00531379,0.0855557,0.07175858,0.12373830400000001,0.12369354,0.24743184,4.4764336000000006e-05,0.35670229999999997,0.36852196,0.72522426,-0.01181967
53,44.0,0.0,24.0,1.0,24.0,1688.0,0.0,0.0,0.0,0.0,,,,,,,,,,,,0.008954396,0.0,0.008954396,0.008954396,0.0,0.0,0.0,0.0,1.3787321000000001,0.00013956992000000002,1.3790615,1.3785684999999999,-0.007569357939064503,0.0037827111026484343,-0.0003123655915260315,-0.01304854080080986,0.07483521,0.00061685574,0.07626638,0.07380177,3.580204e-05,0.0,3.580204e-05,3.580204e-05,-0.0103466865,0.0,-0.0103466865,-0.0103466865
54,46.0,0.0,24.0,1.0,24.0,1712.0,0.0,0.0,0.0,0.0,,,,,,,,,,,,0.007809799599999999,0.0,0.007809799599999999,0.007809799599999999,0.0,0.0,0.0,0.0,1.3793122,9.1620874e-05,1.3794961000000001,1.3791664,-0.006626266986131668,0.0033292650497649,-0.0007271841168403625,-0.011426951736211777,0.06676713,0.0005143731,0.067956045,0.06538192,2.7495711000000002e-05,0.0,2.7495711000000002e-05,2.7495711000000002e-05,-0.008924143,0.0,-0.008924143,-0.008924143
55,51.0,0.0,86.0,1.0,86.0,1798.0,0.0,2.0,2.0,0.0,,,,,,,,,,,,0.16602679,0.16198939,0.36621240000000005,0.0062338540000000005,0.8251352692378346,0.5518380345800736,1.6757290490602832,0.0,1.3798711000000001,0.00011932760399999999,1.3800973,1.3796271999999998,0.1287907436490059,0.3346638564495628,0.9918193221092224,-0.0107036754488945,0.056274436,0.0022405814000000003,0.060633644,0.05152286,0.06429348,0.06475923,0.13975924,1.9182626e-05,0.17514378,0.18394887,0.3905607,-0.0074173296
56,53.0,0.0,24.0,1.0,24.0,1822.0,0.0,0.0,0.0,0.0,,,,,,,,,,,,0.007687182,0.0,0.007687182,0.007687182,0.0,0.0,0.0,0.0,1.3798428,4.5474724e-05,1.3799208,1.3797293,-0.006266181357204914,0.0029318722633813504,-0.0009987764060497284,-0.010331552475690842,0.058871675,0.0004901544,0.06009372,0.057860848,2.393045e-05,0.0,2.393045e-05,2.393045e-05,-0.008375659,0.0,-0.008375659,-0.008375659
57,56.0,0.0,52.0,1.0,52.0,1874.0,0.0,1.0,1.0,0.0,,,,,,,,,,,,0.27592653,0.26854634,0.5444729,0.007380187,0.5148012122030814,0.42792094166684,1.0,0.0,1.3799706,8.127091e-05,1.3800792,1.3796698,0.2578830886632204,0.4265615934137978,1.000448226928711,-0.010714948177337645,0.06283335,0.003087556,0.072541386,0.060250074,0.124229245,0.12420478,0.24843402,2.4467225e-05,0.3618638,0.37057199999999996,0.7324358,-0.008708216999999999
58,58.0,0.0,24.0,1.0,24.0,1898.0,0.0,0.0,0.0,0.0,,,,,,,,,,,,0.009831806,0.0,0.009831806,0.009831806,0.0,0.0,0.0,0.0,1.3801037,5.567009e-05,1.3802065000000001,1.3800281,-0.008892638608813286,0.0042285315355919395,-0.001556888222694397,-0.014962665736675262,0.08175453,0.0006851833999999999,0.08281375,0.08039639,4.8479753e-05,0.0,4.8479753e-05,4.8479753e-05,-0.012101478,0.0,-0.012101478,-0.012101478
59,62.0,0.0,72.0,1.0,72.0,1970.0,0.0,1.0,1.0,0.0,,,,,,,,,,,,0.03255297,0.032045342000000004,0.07787191,0.00986413,0.4690527208555781,0.41448467054854793,1.0,0.0,1.3801333999999998,6.125543000000001e-05,1.3803091,1.3799936000000002,0.008125472192962965,0.1268391081604349,0.9817709922790528,-0.01626415550708771,0.091455854,0.0019848698,0.095170826,0.087598965,0.008077091,0.011355516999999999,0.024136217,4.429526e-05,0.009323741,0.030485962000000002,0.052437375999999994,-0.012275216
60,69.0,0.0,122.0,1.0,122.0,2092.0,0.0,2.0,2.0,0.0,,,,,,,,,,,,0.15087579,0.2452894,0.68194324,0.010171043000000001,0.7788628841639806,0.5212973744603279,1.617290140942288,0.0,1.3798912,0.00028273687,1.3802359,1.3788198,0.10199662825713557,0.30620177611051275,0.9899892210960388,-0.020211070775985718,0.10202369,0.0056156525,0.114355706,0.09489778,0.052081425,0.08839494,0.24100412,5.024016e-05,0.13475357,0.25388816,0.6786840999999999,-0.01610248
61,71.0,0.0,24.0,1.0,24.0,2116.0,0.0,0.0,0.0,0.0,,,,,,,,,,,,0.016096884,0.0,0.016096884,0.016096884,0.0,0.0,0.0,0.0,1.3782994,0.0001363694,1.3784883999999997,1.3779398999999999,-0.013374904915690423,0.006427315949962193,-0.002678632736206055,-0.02315781265497208,0.12709378,0.0005286676999999999,0.12837587,0.12614156,0.00011009923,0.0,0.00011009923,0.00011009923,-0.018425478000000002,0.0,-0.018425478000000002,-0.018425478000000002
62,73.0,0.0,24.0,1.0,24.0,2140.0,0.0,0.0,0.0,0.0,,,,,,,,,,,,0.014209307,0.0,0.014209307,0.014209307,0.0,0.0,0.0,0.0,1.3773978999999998,0.00015885558,1.3776064,1.3769813999999998,-0.012732601538300515,0.0066808530332580435,-0.001445382833480835,-0.023209638893604282,0.12831004,0.0006571325400000001,0.12962891,0.12687811,0.00010337645,0.0,0.00010337645,0.00010337645,-0.0178724,0.0,-0.0178724,-0.0178724
63,74.0,0.0,8.0,1.0,8.0,2148.0,0.0,0.0,0.0,0.0,,,,,,,,,,,,,,,,0.0,0.0,0.0,0.0,1.3762172,4.8014269999999997e-05,1.3762832,1.3761411,,,,,,,,,,,,,,,,
64,76.0,0.0,24.0,1.0,24.0,2172.0,0.0,0.0,0.0,0.0,,,,,,,,,,,,0.015867548000000002,0.0,0.015867548000000002,0.015867548000000002,0.0,0.0,0.0,0.0,1.375412,0.00019877743999999997,1.3756268,1.3748901000000002,-0.013016552105545998,0.006663537710778349,-0.0018948465585708614,-0.02448677271604538,0.12704697,0.00072385167,0.12800450000000002,0.12531275,0.000106916676,0.0,0.000106916676,0.000106916676,-0.017701825,0.0,-0.017701825,-0.017701825
65,78.0,0.0,24.0,1.0,24.0,2196.0,0.0,0.0,0.0,0.0,,,,,,,,,,,,0.015314448,0.0,0.015314448,0.015314448,0.0,0.0,0.0,0.0,1.3745368999999998,0.00011821999,1.3746502,1.3742391,-0.011955712735652924,0.006187075455462091,-0.0012728571891784668,-0.021716386079788208,0.11992868,0.0005528481,0.121000245,0.11865745,9.060949399999999e-05,0.0,9.060949399999999e-05,9.060949399999999e-05,-0.016196841,0.0,-0.016196841,-0.016196841
66,80.0,0.0,24.0,1.0,24.0,2220.0,0.0,0.0,0.0,0.0,,,,,,,,,,,,0.012362396000000001,0.0,0.012362396000000001,0.012362396000000001,0.0,0.0,0.0,0.0,1.3738403000000001,7.782059e-05,1.3739983,1.3736803999999998,-0.010983399301767349,0.005764321282951338,-0.00045185536146163935,-0.019978955388069156,0.10895683,0.00057091675,0.10991462,0.107754424,7.693123e-05,0.0,7.693123e-05,7.693123e-05,-0.01562598,0.0,-0.01562598,-0.01562598
67,82.0,0.0,24.0,1.0,24.0,2244.0,0.0,0.0,0.0,0.0,,,,,,,,,,,,0.011055581,0.0,0.011055581,0.011055581,0.0,0.0,0.0,0.0,1.373527,0.00010018039,1.3737645,1.3733733,-0.009903182089328768,0.005117774985388818,-0.0010452419519424438,-0.01805934309959412,0.097719654,0.000498795,0.098804995,0.09673856,6.213231e-05,0.0,6.213231e-05,6.213231e-05,-0.013587591000000001,0.0,-0.013587591000000001,-0.013587591000000001
68,84.0,0.0,24.0,1.0,24.0,2268.0,0.0,0.0,0.0,0.0,,,,,,,,,,,,0.01014035,0.0,0.01014035,0.01014035,0.0,0.0,0.0,0.0,1.3731966999999998,5.0881396999999995e-05,1.3732805000000001,1.3730942,-0.008602200075984001,0.004419720955483355,-0.0009043887257575989,-0.01564151793718338,0.08453329,0.0004330818,0.08539847,0.08345793,4.6765887000000003e-05,0.0,4.6765887000000003e-05,4.6765887000000003e-05,-0.011476136000000001,0.0,-0.011476136000000001,-0.011476136000000001
69,86.0,0.0,24.0,1.0,24.0,2292.0,0.0,0.0,0.0,0.0,,,,,,,,,,,,0.009164555999999999,0.0,0.009164555999999999,0.009164555999999999,0.0,0.0,0.0,0.0,1.372723,0.00012563466,1.3728707,1.3724298000000001,-0.0076203236356377595,0.0035631661045393884,-0.0011902600526809692,-0.013371728360652924,0.07157682,0.00052421005,0.07254259,0.07023628,3.5382745e-05,0.0,3.5382745e-05,3.5382745e-05,-0.010042256,0.0,-0.010042256,-0.010042256
70,88.0,0.0,24.0,1.0,24.0,2316.0,0.0,0.0,0.0,0.0,,,,,,,,,,,,0.006311504599999999,0.0,0.006311504599999999,0.006311504599999999,0.0,0.0,0.0,0.0,1.3723048999999998,6.9251604e-05,1.3724100000000001,1.3721883999999998,-0.006161642633378506,0.0031085334968233977,-0.00024721771478652954,-0.01086118072271347,0.058844138,0.00056432356,0.059771657,0.05769717,2.381441e-05,0.0,2.381441e-05,2.381441e-05,-0.008636816,0.0,-0.008636816,-0.008636816
71,90.0,0.0,24.0,1.0,24.0,2340.0,0.0,0.0,0.0,0.0,,,,,,,,,,,,0.005211464,0.0,0.005211464,0.005211464,0.0,0.0,0.0,0.0,1.3720242,5.213389e-05,1.3720932,1.3718923,-0.004760825075209141,0.002397312767771584,-0.0005374215543270111,-0.008402422070503235,0.046428255999999994,0.00044150124000000003,0.047376048,0.045231855999999994,1.4206283e-05,0.0,1.4206283e-05,1.4206283e-05,-0.0065054380000000005,0.0,-0.0065054380000000005,-0.0065054380000000005
72,92.0,0.0,24.0,1.0,24.0,2364.0,0.0,0.0,0.0,0.0,,,,,,,,,,,,0.0041489759999999995,0.0,0.0041489759999999995,0.0041489759999999995,0.0,0.0,0.0,0.0,1.372231,9.601719000000001e-05,1.3724693000000001,1.3720603,-0.0042461292818188655,0.0019621665990014496,-0.0009377449750900267,-0.0075540151447057715,0.03737163,0.0005335191999999999,0.038341146,0.03644038,1.0939856999999999e-05,0.0,1.0939856999999999e-05,1.0939856999999999e-05,-0.0058331730000000005,0.0,-0.0058331730000000005,-0.0058331730000000005
73,94.0,0.0,24.0,1.0,24.0,2388.0,0.0,0.0,0.0,0.0,,,,,,,,,,,,0.002340924,0.0,0.002340924,0.002340924,0.0,0.0,0.0,0.0,1.3722442,8.0916056e-05,1.3723849,1.3720615,-0.002198393177241087,0.0015087672177652015,0.0005907490849494934,-0.00476580485701561,0.027827882999999998,0.00064702285,0.028881228,0.026593035,3.5546553999999996e-06,0.0,3.5546553999999996e-06,3.5546553999999996e-06,-0.0030086084999999996,0.0,-0.0030086084999999996,-0.0030086084999999996
74,96.0,0.0,24.0,1.0,24.0,2412.0,0.0,0.0,0.0,0.0,,,,,,,,,,,,0.0020541302,0.0,0.0020541302,0.0020541302,0.0,0.0,0.0,0.0,1.3722450000000002,6.640313e-05,1.3723549,1.3720877,-0.001982506224885583,0.0009679161110598236,-0.0002516750246286392,-0.0034403670579195023,0.01848322,0.00038357184000000004,0.019184984,0.017425666,2.4335966000000002e-06,0.0,2.4335966000000002e-06,2.4335966000000002e-06,-0.0026128835,0.0,-0.0026128835,-0.0026128835
75,98.0,0.0,24.0,1.0,24.0,2436.0,0.0,0.0,0.0,0.0,,,,,,,,,,,,0.0012468218,0.0,0.0012468218,0.0012468218,0.0,0.0,0.0,0.0,1.3723618,5.8117163e-05,1.3724201999999999,1.3722223999999998,-0.001281961565837264,0.0006457030245522925,-0.00017094798386096954,-0.0023385128006339073,0.011121188,0.00039036156,0.011780641000000001,0.010124603000000001,1.030179e-06,0.0,1.030179e-06,1.030179e-06,-0.0017424428,0.0,-0.0017424428,-0.0017424428
76,100.0,0.0,24.0,1.0,24.0,2460.0,0.0,0.0,0.0,0.0,,,,,,,,,,,,0.0008675974699999999,0.0,0.0008675974699999999,0.0008675974699999999,0.0,0.0,0.0,0.0,1.3722515,6.7865396e-05,1.3723495,1.3720877,-0.0009062590776011348,0.0003843498125273163,-0.00013062055222690105,-0.001669828314334154,0.004211149,0.0003902442,0.004823282,0.0032525396000000002,4.845151e-07,0.0,4.845151e-07,4.845151e-07,-0.0012514966,0.0,-0.0012514966,-0.0012514966
77,102.0,0.0,24.0,1.0,24.0,2484.0,0.0,0.0,0.0,0.0,,,,,,,,,,,,0.0003480779,0.0,0.0003480779,0.0003480779,0.0,0.0,0.0,0.0,1.3723911,7.551314999999999e-05,1.3725688,1.3722581,-0.0003392091108253226,0.0005129278783866138,0.0005042391712777317,-0.0012231748551130295,0.00097020285,0.00052430417,0.0018822541000000001,0.00014172443000000002,1.8907892999999998e-07,0.0,1.8907892999999998e-07,1.8907892999999998e-07,-0.00044793047999999995,0.0,-0.00044793047999999995,-0.00044793047999999995
78,103.0,0.0,16.0,1.0,16.0,2500.0,0.0,0.0,0.0,0.0,,,,,,,,,,,,,,,,0.0,0.0,0.0,0.0,1.3725119,5.5548066e-05,1.3726351,1.3723898,,,,,,,,,,,,,,,,
79,105.0,0.0,24.0,1.0,24.0,2524.0,0.0,0.0,0.0,0.0,,,,,,,,,,,,0.00045026545,0.0,0.00045026545,0.00045026545,0.0,0.0,0.0,0.0,1.3724476,5.7682250000000005e-05,1.3725111,1.3723041999999999,0.00038154260255396366,0.0005449341774057865,0.0017494643107056618,-0.0005647940561175346,-0.0058839344,0.0004078661,-0.0052351356,-0.006947221999999999,2.2126397e-07,0.0,2.2126397e-07,2.2126397e-07,0.00048416952000000004,0.0,0.00048416952000000004,0.00048416952000000004
80,107.0,0.0,24.0,1.0,24.0,2548.0,0.0,0.0,0.0,0.0,,,,,,,,,,,,0.0007219115,0.0,0.0007219115,0.0007219115,0.0,0.0,0.0,0.0,1.3725471000000002,6.0093033e-05,1.3726120000000002,1.3723981,0.0007114536128938197,0.0007062813714222803,0.002205621916800737,-0.00046136230230331415,-0.008869226,0.00041933294,-0.00814558,-0.009911748,5.0249986e-07,0.0,5.0249986e-07,5.0249986e-07,0.00096351485,0.0,0.00096351485,0.00096351485
81,109.0,0.0,24.0,1.0,24.0,2572.0,0.0,0.0,0.0,0.0,,,,,,,,,,,,0.0011112054,0.0,0.0011112054,0.0011112054,0.0,0.0,0.0,0.0,1.3724637,6.274954e-05,1.3725318000000002,1.3723222,0.0009382440242916343,0.0007707913345497044,0.0024663330987095837,-0.00022804271429777143,-0.011533121,0.00039586294,-0.010789415,-0.012474637,7.372105999999999e-07,0.0,7.372105999999999e-07,7.372105999999999e-07,0.0012027455,0.0,0.0012027455,0.0012027455
82,111.0,0.0,24.0,1.0,24.0,2596.0,0.0,0.0,0.0,0.0,,,,,,,,,,,,0.0014789662,0.0,0.0014789662,0.0014789662,0.0,0.0,0.0,0.0,1.3727038999999999,6.938704000000001e-05,1.3728368,1.3725483,0.0013054372277110815,0.0007662395349715673,0.002445098012685776,-0.00016872212290763855,-0.011142019,0.00042451054,-0.010209468000000001,-0.011842673,1.1456448e-06,0.0,1.1456448e-06,1.1456448e-06,0.001769949,0.0,0.001769949,0.001769949
83,113.0,0.0,24.0,1.0,24.0,2620.0,0.0,0.0,0.0,0.0,,,,,,,,,,,,0.0009522529,0.0,0.0009522529,0.0009522529,0.0,0.0,0.0,0.0,1.3726778,5.8236230000000005e-05,1.3727505,1.3725307,0.0009788798168301582,0.0008109414046616463,0.0025904355570673947,-0.0002409648150205612,-0.011490277,0.00041235724000000004,-0.0107768485,-0.012519882,8.079160999999999e-07,0.0,8.079160999999999e-07,8.079160999999999e-07,0.0013618681,0.0,0.0013618681,0.0013618681
84,115.0,0.0,24.0,1.0,24.0,2644.0,0.0,0.0,0.0,0.0,,,,,,,,,,,,0.0010630676,0.0,0.0010630676,0.0010630676,0.0,0.0,0.0,0.0,1.3726591000000001,5.755291599999999e-05,1.3727236,1.3725128,0.0010496923234313727,0.0008661592571787298,0.002846257761120796,-0.00023914501070976255,-0.012614568,0.00044370087999999995,-0.011907408000000001,-0.013770856000000001,9.2604284e-07,0.0,9.2604284e-07,9.2604284e-07,0.0014382906,0.0,0.0014382906,0.0014382906
85,116.0,0.0,13.0,1.0,13.0,2657.0,0.0,0.0,0.0,0.0,,,,,,,,,,,,,,,,0.0,0.0,0.0,0.0,1.3727968000000002,0.00011017162599999999,1.3729787,1.3726441,,,,,,,,,,,,,,,,
86,117.0,0.0,20.0,1.0,20.0,2677.0,0.0,0.0,0.0,0.0,,,,,,,,,,,,,,,,0.0,0.0,0.0,0.0,1.3727725,7.192234999999999e-05,1.3729514999999999,1.3726558999999998,,,,,,,,,,,,,,,,
87,119.0,0.0,24.0,1.0,24.0,2701.0,0.0,0.0,0.0,0.0,,,,,,,,,,,,0.001010511,0.0,0.001010511,0.001010511,0.0,0.0,0.0,0.0,1.3729171999999998,7.8204575e-05,1.3730565000000001,1.3727344,0.0009782124776393174,0.0007359130038195065,0.0022150110453367233,-0.0004846593365073204,-0.010080358000000001,0.0005298215,-0.00921566,-0.011014936000000001,7.492339e-07,0.0,7.492339e-07,7.492339e-07,0.0013682231,0.0,0.0013682231,0.0013682231
88,121.0,0.0,24.0,1.0,24.0,2725.0,0.0,0.0,0.0,0.0,,,,,,,,,,,,0.0015001216,0.0,0.0015001216,0.0015001216,0.0,0.0,0.0,0.0,1.3729486000000002,9.633104e-05,1.373133,1.3727615,0.0014729856979101895,0.0006788237683999057,0.002762382384389639,0.00014647282660007477,-0.00826131,0.00041939917999999997,-0.0075909969999999995,-0.009305078,1.3152442999999999e-06,0.0,1.3152442999999999e-06,1.3152442999999999e-06,0.0021010947,0.0,0.0021010947,0.0021010947
89,123.0,0.0,24.0,1.0,24.0,2749.0,0.0,0.0,0.0,0.0,,,,,,,,,,,,0.0005320052,0.0,0.0005320052,0.0005320052,0.0,0.0,0.0,0.0,1.3730464,8.018757e-05,1.3731792,1.3728826,0.0004923209547996522,0.0006275073151983066,0.0019389591179788113,-0.0005203261971473694,-0.007507997,0.0005151907700000001,-0.006499486,-0.008808779000000001,3.1807267e-07,0.0,3.1807267e-07,3.1807267e-07,0.0007137625,0.0,0.0007137625,0.0007137625
90,125.0,0.0,24.0,1.0,24.0,2773.0,0.0,0.0,0.0,0.0,,,,,,,,,,,,0.0010087250999999998,0.0,0.0010087250999999998,0.0010087250999999998,0.0,0.0,0.0,0.0,1.3733282,6.752834e-05,1.3734225,1.3731537,0.0009601912926882506,0.0006568130519128012,0.002272659447044134,-0.0004010521806776524,-0.006903139,0.00079356163,-0.005269576999999999,-0.008155751,6.766854000000001e-07,0.0,6.766854000000001e-07,6.766854000000001e-07,0.0013786892999999999,0.0,0.0013786892999999999,0.0013786892999999999
91,127.0,0.0,24.0,1.0,24.0,2797.0,0.0,0.0,0.0,0.0,,,,,,,,,,,,0.00045143492999999993,0.0,0.00045143492999999993,0.00045143492999999993,0.0,0.0,0.0,0.0,1.3731893999999998,6.283031e-05,1.3732843000000001,1.373043,0.00043858455028384925,0.0005704348221707345,0.0018460596911609173,-0.0004226695746183395,-0.0065086014,0.00039843676,-0.0058821659999999994,-0.0075800163,2.5887610000000004e-07,0.0,2.5887610000000004e-07,2.5887610000000004e-07,0.0006127020999999999,0.0,0.0006127020999999999,0.0006127020999999999
92,129.0,0.0,24.0,1.0,24.0,2821.0,0.0,0.0,0.0,0.0,,,,,,,,,,,,0.00031759925,0.0,0.00031759925,0.00031759925,0.0,0.0,0.0,0.0,1.3734322,4.7867713999999994e-05,1.3735256,1.37334,0.00030062866862863303,0.0004116369500854302,0.0011571990326046946,-0.00034631742164492607,-0.0033832449,0.00039662587,-0.0026461142,-0.004093752,1.299113e-07,0.0,1.299113e-07,1.299113e-07,0.00041858883999999996,0.0,0.00041858883999999996,0.00041858883999999996
93,131.0,0.0,24.0,1.0,24.0,2845.0,0.0,0.0,0.0,0.0,,,,,,,,,,,,0.0001182964,0.0,0.0001182964,0.0001182964,0.0,0.0,0.0,0.0,1.3734282,6.54054e-05,1.3735251,1.3732685,-2.2741913562640546e-05,0.00044564603637447863,0.0012963006738573313,-0.0006255051121115685,-0.0018946622,0.00040913932,-0.0013515647,-0.0031075496,9.955878999999999e-08,0.0,9.955878999999999e-08,9.955878999999999e-08,-2.4187952e-05,0.0,-2.4187952e-05,-2.4187952e-05
94,133.0,0.0,24.0,1.0,24.0,2869.0,0.0,0.0,0.0,0.0,,,,,,,,,,,,0.00020644938999999997,0.0,0.00020644938999999997,0.00020644938999999997,0.0,0.0,0.0,0.0,1.3735186000000001,6.710995e-05,1.3736138,1.3733806999999998,2.2808773792348802e-05,0.0005310601880391146,0.0012631675926968455,-0.0007645316072739661,-0.0014027689999999999,0.0005253752,-0.000552196,-0.0026758662,1.412726e-07,0.0,1.412726e-07,1.412726e-07,5.0940725e-06,0.0,5.0940725e-06,5.0940725e-06
95,135.0,0.0,24.0,1.0,24.0,2893.0,0.0,0.0,0.0,0.0,,,,,,,,,,,,0.00047139699999999997,0.0,0.00047139699999999997,0.00047139699999999997,0.0,0.0,0.0,0.0,1.373551,9.298439500000001e-05,1.3737008999999998,1.3733706,0.00041661544055386916,0.0007223620378324383,0.002768620848655701,-0.0004384221392683685,-0.00045376914000000006,0.0007217478,0.0004022511,-0.0028037175,3.4768766e-07,0.0,3.4768766e-07,3.4768766e-07,0.0005892343,0.0,0.0005892343,0.0005892343
96,137.0,0.0,24.0,1.0,24.0,2917.0,0.0,0.0,0.0,0.0,,,,,,,,,,,,0.00017043891,0.0,0.00017043891,0.00017043891,0.0,0.0,0.0,0.0,1.3734069,5.6651254e-05,1.3734652,1.3732628999999998,-5.934664804954082e-05,0.0004254378876080783,0.0011487168958410619,-0.000715114176273346,-0.0009411564,0.00040815169999999996,-0.00032992125,-0.0020938283,9.225970399999999e-08,0.0,9.225970399999999e-08,9.225970399999999e-08,-6.1515115e-05,0.0,-6.1515115e-05,-6.1515115e-05
97,139.0,0.0,24.0,1.0,24.0,2941.0,0.0,0.0,0.0,0.0,,,,,,,,,,,,0.0004554957,0.0,0.0004554957,0.0004554957,0.0,0.0,0.0,0.0,1.3735418,0.00010855421999999999,1.3738173999999999,1.3733101,-0.00043118300382047884,0.0005378125828104799,0.0006308092270046473,-0.0011659016599878669,0.0017280407000000002,0.00054768164,0.0025619462,0.0005942492,2.375806e-07,0.0,2.375806e-07,2.375806e-07,-0.0005701848,0.0,-0.0005701848,-0.0005701848
98,141.0,0.0,24.0,1.0,24.0,2965.0,0.0,0.0,0.0,0.0,,,,,,,,,,,,0.00019413565,0.0,0.00019413565,0.00019413565,0.0,0.0,0.0,0.0,1.3735941999999999,5.454101e-05,1.3736696000000002,1.3734567,3.3832021290436384e-05,0.000491009160642695,0.0011164332972839477,-0.0008501869160681963,0.0023863094000000002,0.00047401758000000004,0.0032541584,0.0011697198,1.211173e-07,0.0,1.211173e-07,1.211173e-07,3.896557e-05,0.0,3.896557e-05,3.896557e-05
99,144.0,0.0,57.0,1.0,57.0,3022.0,0.0,1.0,1.0,0.0,,,,,,,,,,,,0.16798693,0.16696025,0.3349472,0.001026674,0.4034330775348152,0.4428125277195196,1.0,0.0,1.3736641,0.0002267065,1.3740727,1.3732452,0.14650205822545104,0.34903709526898824,1.001927375793457,-0.0021410309709608555,0.0027156132,0.0009984502,0.005437071,0.000981703,0.071644865,0.071644224,0.14328909,6.3920584e-07,0.20962408,0.2109985,0.42062259999999996,-0.0013744105
100,149.0,0.0,101.0,1.0,101.0,3123.0,0.0,2.0,2.0,0.0,,,,,,,,,,,,0.32837206,0.35258734,0.844033,0.0011151407000000002,0.7652059116291039,0.5768057466354753,1.6757290490602832,0.0,1.3762577,0.0014879348,1.3784142,1.3741777,0.24868601261405274,0.4199005143007513,0.999988615512848,-0.007119433954358102,0.026272332000000002,0.011095116,0.04292375,0.012432271000000002,0.11908058,0.119335614,0.24927646,8.98596e-07,0.36121356,0.36761418,0.79703534,-0.0043965490000000005
101,150.0,0.0,1.0,1.0,1.0,3124.0,0.0,0.0,0.0,0.0,,,,,,,,,,,,,,,,0.0,0.0,0.0,0.0,1.3789196000000001,0.0,1.3789196000000001,1.3789196000000001,,,,,,,,,,,,,,,,
102,152.0,0.0,24.0,1.0,24.0,3148.0,0.0,0.0,0.0,0.0,,,,,,,,,,,,0.0074220994,0.0,0.0074220994,0.0074220994,0.0,0.0,0.0,0.0,1.3801059,0.00022649672999999998,1.3807716,1.3799293,-0.006966781988739968,0.003764642522182649,-0.0011333003640174866,-0.012965857982635498,0.07313233,0.0006038942,0.07386658,0.07152586400000001,3.135429e-05,0.0,3.135429e-05,3.135429e-05,-0.009559566,0.0,-0.009559566,-0.009559566
103,154.0,0.0,24.0,1.0,24.0,3172.0,0.0,0.0,0.0,0.0,,,,,,,,,,,,0.008630816,0.0,0.008630816,0.008630816,0.0,0.0,0.0,0.0,1.3811178,0.0001389854,1.3814732,1.3809848,-0.008448377624154091,0.004380416311385877,-0.0009017065167427064,-0.01568280160427094,0.08579053,0.00048138337999999994,0.08732336,0.08494616,4.5281566000000004e-05,0.0,4.5281566000000004e-05,4.5281566000000004e-05,-0.011905681999999999,0.0,-0.011905681999999999,-0.011905681999999999
104,158.0,0.0,68.0,1.0,68.0,3240.0,0.0,2.0,2.0,0.0,,,,,,,,,,,,0.27476296,0.18878029999999998,0.4452214,0.011587278999999999,0.6672498686483523,0.5143750707774413,1.6757290490602832,0.0,1.3817253999999999,5.9935464000000004e-05,1.3818511,1.3815790000000001,0.2311751443892717,0.4157204483238971,0.9887408018112184,-0.01779891550540924,0.10067050000000001,0.006875738,0.11099971,0.09111028,0.113132715,0.08050145,0.18119861,6.8123416e-05,0.3185254,0.23661596,0.5140269000000001,-0.014416846
105,161.0,0.0,52.0,1.0,52.0,3292.0,0.0,1.0,1.0,0.0,,,,,,,,,,,,0.334878,0.32052156,0.65539956,0.014356426,0.5148012122030814,0.42792094166684,1.0,0.0,1.381578,0.00015660889999999998,1.3817674,1.3812697,0.2493751846253872,0.4224335276199437,0.988064169883728,-0.02390583604574204,0.13392386,0.0048002503,0.14176707,0.12808824,0.12031903,0.12021709,0.24053612,0.00010193465,0.34183470000000005,0.3596144,0.7014491,-0.017779734
106,163.0,0.0,24.0,1.0,24.0,3316.0,0.0,0.0,0.0,0.0,,,,,,,,,,,,0.024694234,0.0,0.024694234,0.024694234,0.0,0.0,0.0,0.0,1.3808972,0.000106630905,1.3809867,1.3806178999999998,-0.016716302186250687,0.00875135520765832,-0.00149555504322052,-0.031661227345466614,0.17032489,0.0006387188,0.17131546,0.16911538,0.0001780105,0.0,0.0001780105,0.0001780105,-0.02249204,0.0,-0.02249204,-0.02249204
107,165.0,0.0,24.0,1.0,24.0,3340.0,0.0,0.0,0.0,0.0,,,,,,,,,,,,0.029983642999999997,0.0,0.029983642999999997,0.029983642999999997,0.0,0.0,0.0,0.0,1.3804268,5.9469927e-05,1.3805120000000002,1.3802896999999998,-0.01859973967075348,0.0096762438762872,-0.0020043253898620605,-0.034354597330093384,0.18928424,0.00071995007,0.1905539,0.18760309,0.00021979,0.0,0.00021979,0.00021979,-0.024763126,0.0,-0.024763126,-0.024763126
108,167.0,0.0,24.0,1.0,24.0,3364.0,0.0,0.0,0.0,0.0,,,,,,,,,,,,0.025374185,0.0,0.025374185,0.025374185,0.0,0.0,0.0,0.0,1.3801923999999999,3.414527e-05,1.3802469,1.3800957,-0.0188690222799778,0.00994868274413225,-0.0019074231386184688,-0.035101741552352905,0.19262059,0.00042658910000000004,0.1933199,0.19182095,0.00022750818,0.0,0.00022750818,0.00022750818,-0.026200721,0.0,-0.026200721,-0.026200721
109,169.0,0.0,24.0,1.0,24.0,3388.0,0.0,0.0,0.0,0.0,,,,,,,,,,,,0.029682355,0.0,0.029682355,0.029682355,0.0,0.0,0.0,0.0,1.3802706,4.120287e-05,1.3803473,1.3801631,-0.01806436255574226,0.009713126741608095,-0.0022116899490356445,-0.033741533756256104,0.18493994,0.00055393,0.18587463,0.18366486,0.000210333,0.0,0.000210333,0.000210333,-0.024434683999999998,0.0,-0.024434683999999998,-0.024434683999999998
110,171.0,0.0,24.0,1.0,24.0,3412.0,0.0,0.0,0.0,0.0,,,,,,,,,,,,0.02079766,0.0,0.02079766,0.02079766,0.0,0.0,0.0,0.0,1.3806502,8.348618e-05,1.3808763000000002,1.3805303999999998,-0.01659553647041321,0.008796905642737043,-0.0016952455043792725,-0.031194210052490238,0.16834109,0.0005819392400000001,0.16941056,0.16717024,0.0001763987,0.0,0.0001763987,0.0001763987,-0.023864938,0.0,-0.023864938,-0.023864938
111,173.0,0.0,24.0,1.0,24.0,3436.0,0.0,0.0,0.0,0.0,,,,,,,,,,,,0.02055713,0.0,0.02055713,0.02055713,0.0,0.0,0.0,0.0,1.3813671,0.00013344106000000002,1.3817158,1.3812455,-0.014541931450366976,0.007673779370915424,-0.0015054941177368164,-0.02718551456928253,0.14513694,0.00051702006,0.14642689,0.14431177,0.00013517734,0.0,0.00013517734,0.00013517734,-0.019586071,0.0,-0.019586071,-0.019586071
112,175.0,0.0,24.0,1.0,24.0,3460.0,0.0,0.0,0.0,0.0,,,,,,,,,,,,0.012125427,0.0,0.012125427,0.012125427,0.0,0.0,0.0,0.0,1.3819739,9.381072000000001e-05,1.382249,1.3818792,-0.011480300873517991,0.006039922889913652,-0.00045464932918548573,-0.0212039053440094,0.124290764,0.0008421167999999999,0.12596829,0.12260487,8.413898000000001e-05,0.0,8.413898000000001e-05,8.413898000000001e-05,-0.016218293,0.0,-0.016218293,-0.016218293
113,177.0,0.0,24.0,1.0,24.0,3484.0,0.0,0.0,0.0,0.0,,,,,,,,,,,,0.013645326000000001,0.0,0.013645326000000001,0.013645326000000001,0.0,0.0,0.0,0.0,1.3824718999999999,0.00010431175,1.382743,1.3823771,-0.01060132086277008,0.005465629454660421,-0.0015208423137664795,-0.019534572958946228,0.103903875,0.0005129619,0.10546085,0.10306415,7.113055500000001e-05,0.0,7.113055500000001e-05,7.113055500000001e-05,-0.014190346000000001,0.0,-0.014190346000000001,-0.014190346000000001
114,179.0,0.0,24.0,1.0,24.0,3508.0,0.0,0.0,0.0,0.0,,,,,,,,,,,,0.009495029,0.0,0.009495029,0.009495029,0.0,0.0,0.0,0.0,1.3830893999999998,0.00010560266000000002,1.3833668,1.3829883,-0.00832149237394333,0.004290061148514018,-0.000758245587348938,-0.01494976133108139,0.08524573,0.00046806273,0.08599374,0.08454149999999999,4.3825933999999996e-05,0.0,4.3825933999999996e-05,4.3825933999999996e-05,-0.011305148999999999,0.0,-0.011305148999999999,-0.011305148999999999
115,180.0,0.0,8.0,1.0,8.0,3516.0,0.0,0.0,0.0,0.0,,,,,,,,,,,,,,,,0.0,0.0,0.0,0.0,1.3835989,1.2643984499999999e-05,1.3836133,1.3835799,,,,,,,,,,,,,,,,
116,182.0,0.0,24.0,1.0,24.0,3540.0,0.0,0.0,0.0,0.0,,,,,,,,,,,,0.005639641999999999,0.0,0.005639641999999999,0.005639641999999999,0.0,0.0,0.0,0.0,1.3837767,7.064845e-05,1.3839496,1.3837006,-0.006134197674691678,0.003033860361268157,-0.0006275847554206848,-0.010688751935958862,0.061146516,0.00045919410000000004,0.061994272999999996,0.06034207,2.3416345e-05,0.0,2.3416345e-05,2.3416345e-05,-0.008508959,0.0,-0.008508959,-0.008508959
117,184.0,0.0,24.0,1.0,24.0,3564.0,0.0,0.0,0.0,0.0,,,,,,,,,,,,0.0047338377,0.0,0.0047338377,0.0047338377,0.0,0.0,0.0,0.0,1.384128,5.1536834e-05,1.3842576000000002,1.3840587,-0.005108728632330894,0.0025541231548040807,-0.00025925785303115845,-0.008834764361381529,0.049836874,0.00043352117,0.050679434,0.049246597999999996,1.6311327e-05,0.0,1.6311327e-05,1.6311327e-05,-0.0071467035,0.0,-0.0071467035,-0.0071467035
118,186.0,0.0,24.0,1.0,24.0,3588.0,0.0,0.0,0.0,0.0,,,,,,,,,,,,0.0031750982,0.0,0.0031750982,0.0031750982,0.0,0.0,0.0,0.0,1.3843306,5.6698383999999995e-05,1.3844831,1.3842508999999998,-0.003715061023831368,0.0018216433634683728,-0.0004675835371017456,-0.006523117423057556,0.03983576,0.0006594700400000001,0.040983222,0.03872532,8.560031000000001e-06,0.0,8.560031000000001e-06,8.560031000000001e-06,-0.0051463265,0.0,-0.0051463265,-0.0051463265
119,189.0,0.0,52.0,1.0,52.0,3640.0,0.0,1.0,1.0,0.0,,,,,,,,,,,,0.22435468,0.2218565,0.44621120000000003,0.0024981813,0.5148012122030814,0.42792094166684,1.0,0.0,1.3845818,4.552387e-05,1.3847154,1.384488,0.2601656814105809,0.4261323485888979,1.0014687776565552,-0.00559784471988678,0.030948639,0.0016015116000000001,0.03379991,0.02814318,0.12463746,0.12463139999999999,0.24926886,6.0717715999999995e-06,0.35534770000000004,0.359663,0.7150107,-0.0043153455
120,191.0,0.0,24.0,1.0,24.0,3664.0,0.0,0.0,0.0,0.0,,,,,,,,,,,,0.0041926783000000006,0.0,0.0041926783000000006,0.0041926783000000006,0.0,0.0,0.0,0.0,1.3844838,2.5486266e-05,1.3845296,1.3844266,-0.00456787757575512,0.0013350027689490393,-0.002221187576651573,-0.006979413330554961,0.032545343,0.0006581161,0.03411588,0.031449396,1.1323869e-05,0.0,1.1323869e-05,1.1323869e-05,-0.0062577724,0.0,-0.0062577724,-0.0062577724
121,193.0,0.0,24.0,1.0,24.0,3688.0,0.0,0.0,0.0,0.0,,,,,,,,,,,,0.0025509002,0.0,0.0025509002,0.0025509002,0.0,0.0,0.0,0.0,1.3845142,2.4118997e-05,1.3845604999999999,1.384459,-0.0030816162005066873,0.0015101087931776148,-0.00033126585185527796,-0.005364298820495606,0.030539,0.0004084425,0.031279024,0.029756913,5.8883934e-06,0.0,5.8883934e-06,5.8883934e-06,-0.004216629,0.0,-0.004216629,-0.004216629
122,195.0,0.0,24.0,1.0,24.0,3712.0,0.0,0.0,0.0,0.0,,,,,,,,,,,,0.0024347603,0.0,0.0024347603,0.0024347603,0.0,0.0,0.0,0.0,1.3844341999999998,2.1808173000000002e-05,1.3844621000000001,1.3843771999999999,-0.0030368770472705363,0.001460334842916252,-0.00032616034150123596,-0.005065253004431725,0.030289765,0.00036792018,0.031066737999999997,0.029678668999999998,5.6776e-06,0.0,5.6776e-06,5.6776e-06,-0.0041860724,0.0,-0.0041860724,-0.0041860724
123,197.0,0.0,24.0,1.0,24.0,3736.0,0.0,0.0,0.0,0.0,,,,,,,,,,,,0.0023401207,0.0,0.0023401207,0.0023401207,0.0,0.0,0.0,0.0,1.3844185,2.2942640000000002e-05,1.3844508999999998,1.384361,-0.0029201894998550416,0.0014773182099722141,-0.00012340955436229706,-0.005034390836954117,0.030369405,0.00034796537000000003,0.030966405,0.02977061,5.354987e-06,0.0,5.354987e-06,5.354987e-06,-0.004033897,0.0,-0.004033897,-0.004033897
124,199.0,0.0,24.0,1.0,24.0,3760.0,0.0,0.0,0.0,0.0,,,,,,,,,,,,0.0024314262,0.0,0.0024314262,0.0024314262,0.0,0.0,0.0,0.0,1.3844128,2.3561232e-05,1.3844471999999999,1.3843616,-0.003048823866993189,0.001370093728975996,-0.0005216989666223526,-0.005109850317239761,0.029749742000000003,0.00047203892999999995,0.030662723,0.028901657,5.586242e-06,0.0,5.586242e-06,5.586242e-06,-0.00418583,0.0,-0.00418583,-0.00418583
125,202.0,0.0,52.0,1.0,52.0,3812.0,0.0,1.0,1.0,0.0,,,,,,,,,,,,0.22064643,0.21879594,0.43944237,0.0018504916,0.5148012122030814,0.42792094166684,1.0,0.0,1.38434,3.3796423e-05,1.3844113,1.3842614,0.2599665929097682,0.4253816245588756,0.9995981454849244,-0.004204107448458672,0.027757775,0.001232573,0.031027482999999998,0.026115742,0.12426608,0.12426265,0.24852873,3.425468e-06,0.36114958,0.36434296,0.72549254,-0.0031933684000000004
126,204.0,0.0,24.0,1.0,24.0,3836.0,0.0,0.0,0.0,0.0,,,,,,,,,,,,0.0030902638,0.0,0.0030902638,0.0030902638,0.0,0.0,0.0,0.0,1.3843533000000001,2.163297e-05,1.3843796999999998,1.3842943,-0.003124308679252863,0.001600216860463543,-0.0004384852945804596,-0.005720706656575203,0.033071138,0.00039868419999999997,0.033850156,0.03244175,6.160998499999999e-06,0.0,6.160998499999999e-06,6.160998499999999e-06,-0.0042054784000000005,0.0,-0.0042054784000000005,-0.0042054784000000005
127,206.0,0.0,24.0,1.0,24.0,3860.0,0.0,0.0,0.0,0.0,,,,,,,,,,,,0.0028662607,0.0,0.0028662607,0.0028662607,0.0,0.0,0.0,0.0,1.3843087,2.6518017e-05,1.3843343000000001,1.3842385,-0.0036350497044622897,0.0017989971127725976,-0.00041152164340019226,-0.006132140755653381,0.036520414,0.00035549744,0.037174575,0.035972774,8.224989e-06,0.0,8.224989e-06,8.224989e-06,-0.005021510999999999,0.0,-0.005021510999999999,-0.005021510999999999
128,208.0,0.0,24.0,1.0,24.0,3884.0,0.0,0.0,0.0,0.0,,,,,,,,,,,,0.0036731666999999996,0.0,0.0036731666999999996,0.0036731666999999996,0.0,0.0,0.0,0.0,1.3843063,2.6938022999999998e-05,1.3843356000000002,1.384244,-0.0039375128224492075,0.001990922448820253,-0.00043362006545066833,-0.006821077316999435,0.039267518,0.00034362092000000006,0.04001803,0.038738567,9.73389e-06,0.0,9.73389e-06,9.73389e-06,-0.005310618299999999,0.0,-0.005310618299999999,-0.005310618299999999
129,210.0,0.0,24.0,1.0,24.0,3908.0,0.0,0.0,0.0,0.0,,,,,,,,,,,,0.0033876546999999997,0.0,0.0033876546999999997,0.0033876546999999997,0.0,0.0,0.0,0.0,1.3843014999999999,2.5509744e-05,1.3843282,1.3842438,-0.004015018418431282,0.002009789773027232,-0.00043914467096328735,-0.00677061453461647,0.040539004,0.00037522204,0.04127963,0.039912984,1.0079813e-05,0.0,1.0079813e-05,1.0079813e-05,-0.0054973745999999995,0.0,-0.0054973745999999995,-0.0054973745999999995
130,212.0,0.0,24.0,1.0,24.0,3932.0,0.0,0.0,0.0,0.0,,,,,,,,,,,,0.003283586,0.0,0.003283586,0.003283586,0.0,0.0,0.0,0.0,1.3842832,2.4995592e-05,1.3843286,1.3842257,-0.004014267586171627,0.001987083432942022,-0.00040845945477485657,-0.006749607622623444,0.039811984,0.0005215018,0.04090699,0.038852196,1.0031421000000001e-05,0.0,1.0031421000000001e-05,1.0031421000000001e-05,-0.0055167517,0.0,-0.0055167517,-0.0055167517
131,214.0,0.0,24.0,1.0,24.0,3956.0,0.0,0.0,0.0,0.0,,,,,,,,,,,,0.0034044506,0.0,0.0034044506,0.0034044506,0.0,0.0,0.0,0.0,1.3842856000000001,3.832716e-05,1.3843242,1.3841946000000003,-0.00423350390046835,0.0020598160979933525,-0.0007416680455207825,-0.007170081138610841,0.04007526,0.00061733514,0.04142918,0.039218683,1.1082699e-05,0.0,1.1082699e-05,1.1082699e-05,-0.0059122043,0.0,-0.0059122043,-0.0059122043
132,216.0,0.0,24.0,1.0,24.0,3980.0,0.0,0.0,0.0,0.0,,,,,,,,,,,,0.0030589376,0.0,0.0030589376,0.0030589376,0.0,0.0,0.0,0.0,1.3842839,2.3455720999999997e-05,1.38432,1.3842368,-0.0036799423396587367,0.002054615087240327,-0.0005136877298355104,-0.006466373801231384,0.039355002,0.00038482898,0.04014119,0.03865678,8.881709e-06,0.0,8.881709e-06,8.881709e-06,-0.005156813,0.0,-0.005156813,-0.005156813
133,221.0,0.0,83.0,1.0,83.0,4063.0,0.0,2.0,2.0,0.0,,,,,,,,,,,,0.1298211,0.16888031,0.41463549999999993,0.0028234657,0.881239042335442,0.5888162487220973,1.7323033696543972,0.0,1.3842773000000002,4.7916372000000004e-05,1.38436,1.3841459999999999,0.15200450387783349,0.3538519344560429,0.9988856315612792,-0.008773691952228546,0.042194877,0.0036640288,0.048183504,0.037285503,0.07415828,0.10225866,0.24789482,7.658732e-06,0.21064398,0.30065727,0.7222798,-0.006483771
134,223.0,0.0,24.0,1.0,24.0,4087.0,0.0,0.0,0.0,0.0,,,,,,,,,,,,0.0038071234999999997,0.0,0.0038071234999999997,0.0038071234999999997,0.0,0.0,0.0,0.0,1.3842195,3.7134625000000004e-05,1.3842902,1.3841448,-0.004461129941046239,0.0023246355044372843,-0.0002379082143306732,-0.007667336612939835,0.051905025,0.0006746975,0.053529415,0.05071858,1.2652807000000001e-05,0.0,1.2652807000000001e-05,1.2652807000000001e-05,-0.006316795,0.0,-0.006316795,-0.006316795
135,224.0,0.0,20.0,1.0,20.0,4107.0,0.0,0.0,0.0,0.0,,,,,,,,,,,,,,,,0.0,0.0,0.0,0.0,1.3842198000000001,2.4213208e-05,1.3842649999999999,1.3841687,,,,,,,,,,,,,,,,
136,226.0,0.0,24.0,1.0,24.0,4131.0,0.0,0.0,0.0,0.0,,,,,,,,,,,,0.0055540022,0.0,0.0055540022,0.0055540022,0.0,0.0,0.0,0.0,1.3842478,2.9489434000000002e-05,1.3842864,1.3841752,-0.005132680013775826,0.0025530430670427477,-0.0005614832043647766,-0.008951365947723389,0.053460293,0.00046074095999999997,0.05425495,0.052749212999999996,1.6431215e-05,0.0,1.6431215e-05,1.6431215e-05,-0.0068613523999999995,0.0,-0.0068613523999999995,-0.0068613523999999995
137,228.0,0.0,24.0,1.0,24.0,4155.0,0.0,0.0,0.0,0.0,,,,,,,,,,,,0.0044045215,0.0,0.0044045215,0.0044045215,0.0,0.0,0.0,0.0,1.384226,2.7783522e-05,1.3842524999999999,1.3841621000000002,-0.005345538817346096,0.0026761428906930717,-0.0005745105445384978,-0.009037114679813385,0.054656424,0.00043311525999999997,0.055306907999999995,0.05378249,1.7868263999999998e-05,0.0,1.7868263999999998e-05,1.7868263999999998e-05,-0.007475196,0.0,-0.007475196,-0.007475196
138,230.0,0.0,24.0,1.0,24.0,4179.0,0.0,0.0,0.0,0.0,,,,,,,,,,,,0.004138335,0.0,0.004138335,0.004138335,0.0,0.0,0.0,0.0,1.3842406999999999,3.7521877e-05,1.3842926000000002,1.3841741,-0.0050380023196339606,0.002557732145328857,-0.0005294233560562134,-0.008779611438512802,0.05478123,0.00052201934,0.055469095999999996,0.053917295999999997,1.596173e-05,0.0,1.596173e-05,1.596173e-05,-0.0069872416,0.0,-0.0069872416,-0.0069872416
139,232.0,0.0,24.0,1.0,24.0,4203.0,0.0,0.0,0.0,0.0,,,,,,,,,,,,0.0046062684,0.0,0.0046062684,0.0046062684,0.0,0.0,0.0,0.0,1.3842212,3.7061956e-05,1.3842847,1.3841426000000001,-0.0048390042036771785,0.002453423681335017,-0.00016527622938156128,-0.008233033120632172,0.053572644,0.0006681711,0.055106725999999995,0.052454602,1.4717625000000001e-05,0.0,1.4717625000000001e-05,1.4717625000000001e-05,-0.0065806224,0.0,-0.0065806224,-0.0065806224
140,234.0,0.0,24.0,1.0,24.0,4227.0,0.0,0.0,0.0,0.0,,,,,,,,,,,,0.00431855,0.0,0.00431855,0.00431855,0.0,0.0,0.0,0.0,1.3842086,2.8048034e-05,1.3842473,1.3841412,-0.004798219539225102,0.0025538194723761032,-0.0009119510650634766,-0.008223909884691237,0.051545013,0.00058736803,0.052679297,0.05039349,1.4772451e-05,0.0,1.4772451e-05,1.4772451e-05,-0.0065558890000000005,0.0,-0.0065558890000000005,-0.0065558890000000005
141,236.0,0.0,24.0,1.0,24.0,4251.0,0.0,0.0,0.0,0.0,,,,,,,,,,,,0.0034267227000000003,0.0,0.0034267227000000003,0.0034267227000000003,0.0,0.0,0.0,0.0,1.3840718,3.1252715e-05,1.3841244,1.3840115,-0.0041851049289107324,0.002413752611769524,4.008784890174866e-05,-0.007415939122438432,0.04964349,0.00060606276,0.050559778,0.048360903,1.1670653e-05,0.0,1.1670653e-05,1.1670653e-05,-0.005896446800000001,0.0,-0.005896446800000001,-0.005896446800000001
142,239.0,0.0,44.0,1.0,44.0,4295.0,0.0,1.0,1.0,0.0,,,,,,,,,,,,0.087566815,0.08370362,0.17127043,0.0038631943,0.4870951345290477,0.4470137715320084,1.0,0.0,1.3841313,3.3277567e-05,1.3842323,1.3840766000000002,0.09419251112267377,0.2946532218000596,0.9937642812728882,-0.007763326168060303,0.046625752,0.00069399195,0.048356622,0.0452074,0.047846373,0.047833253,0.09567962599999999,1.3121893999999999e-05,0.13285293,0.1390392,0.27189213,-0.0061862697
143,241.0,0.0,24.0,1.0,24.0,4319.0,0.0,0.0,0.0,0.0,,,,,,,,,,,,0.0041567357,0.0,0.0041567357,0.0041567357,0.0,0.0,0.0,0.0,1.3841828999999999,2.8841843e-05,1.3842173,1.38412,-0.004582708887755871,0.0022415100653385253,-0.0005316212773323059,-0.007564164698123931,0.046369232,0.00041088400000000003,0.047049522,0.045481823,1.3012792e-05,0.0,1.3012792e-05,1.3012792e-05,-0.006298528,0.0,-0.006298528,-0.006298528
144,243.0,0.0,24.0,1.0,24.0,4343.0,0.0,0.0,0.0,0.0,,,,,,,,,,,,0.0038932503999999997,0.0,0.0038932503999999997,0.0038932503999999997,0.0,0.0,0.0,0.0,1.3842069,3.0690037e-05,1.3842555,1.3841428999999998,-0.004422462917864323,0.0021557204923924587,-0.0005172900855541228,-0.007223971188068391,0.044405703,0.00041704432999999997,0.045166723,0.04350531,1.2102653e-05,0.0,1.2102653e-05,1.2102653e-05,-0.0060357125,0.0,-0.0060357125,-0.0060357125
145,245.0,0.0,24.0,1.0,24.0,4367.0,0.0,0.0,0.0,0.0,,,,,,,,,,,,0.004276716,0.0,0.004276716,0.004276716,0.0,0.0,0.0,0.0,1.3842837,2.6923986e-05,1.384325,1.3842188999999998,-0.004314758628606796,0.0020372341354611212,-0.0005015619099140167,-0.0070883966982364655,0.04408405,0.0005061294,0.044880937999999995,0.043145362,1.1383731e-05,0.0,1.1383731e-05,1.1383731e-05,-0.005798574,0.0,-0.005798574,-0.005798574
146,247.0,0.0,24.0,1.0,24.0,4391.0,0.0,0.0,0.0,0.0,,,,,,,,,,,,0.003346905,0.0,0.003346905,0.003346905,0.0,0.0,0.0,0.0,1.3843164,2.9513289e-05,1.384366,1.3842602,-0.004174935445189476,0.0020263500327265547,-0.0004789717495441437,-0.006819784641265869,0.04237876,0.00042223607000000003,0.042954184000000006,0.04146312,1.0768089e-05,0.0,1.0768089e-05,1.0768089e-05,-0.005777323000000001,0.0,-0.005777323000000001,-0.005777323000000001
147,249.0,0.0,24.0,1.0,24.0,4415.0,0.0,0.0,0.0,0.0,,,,,,,,,,,,0.0034582040000000003,0.0,0.0034582040000000003,0.0034582040000000003,0.0,0.0,0.0,0.0,1.3844286,2.9308198000000003e-05,1.3844881000000002,1.384374,-0.004107422567903996,0.0019165572142525922,-0.0006737075746059418,-0.006577819585800171,0.040690206,0.00042376624,0.041264474,0.039728392,1.0272057e-05,0.0,1.0272057e-05,1.0272057e-05,-0.0056477636,0.0,-0.0056477636,-0.0056477636
148,251.0,0.0,24.0,1.0,24.0,4439.0,0.0,0.0,0.0,0.0,,,,,,,,,,,,0.0029147654,0.0,0.0029147654,0.0029147654,0.0,0.0,0.0,0.0,1.3845159,2.9819672000000002e-05,1.3845624,1.3844631,-0.003579308092594147,0.0017801010406468148,-0.0001908391714096069,-0.005996603518724442,0.03822153,0.00045079304000000006,0.0391718,0.03743143,7.990102e-06,0.0,7.990102e-06,7.990102e-06,-0.004930005,0.0,-0.004930005,-0.004930005
149,253.0,0.0,24.0,1.0,24.0,4463.0,0.0,0.0,0.0,0.0,,,,,,,,,,,,0.0024446985,0.0,0.0024446985,0.0024446985,0.0,0.0,0.0,0.0,1.3845352,2.9006087e-05,1.3845761,1.3844738,-0.003052330762147904,0.0016687422326184973,-0.0002678409218788147,-0.005324864760041237,0.034685835,0.0004918887,0.03569862,0.033995733,6.0507114e-06,0.0,6.0507114e-06,6.0507114e-06,-0.0042716726,0.0,-0.0042716726,-0.0042716726
150,255.0,0.0,24.0,1.0,24.0,4487.0,0.0,0.0,0.0,0.0,,,,,,,,,,,,0.0021036010999999997,0.0,0.0021036010999999997,0.0021036010999999997,0.0,0.0,0.0,0.0,1.3845862,2.2058389999999998e-05,1.3846495,1.3845486999999999,-0.0021567001007497307,0.0015595863523201394,0.0012030303478240967,-0.004238247871398926,0.033072423,0.0005071175,0.034326956,0.03227507,3.5418325e-06,0.0,3.5418325e-06,3.5418325e-06,-0.0029062512,0.0,-0.0029062512,-0.0029062512
151,256.0,0.0,14.0,1.0,14.0,4501.0,0.0,0.0,0.0,0.0,,,,,,,,,,,,,,,,0.0,0.0,0.0,0.0,1.3845774,3.0539806e-05,1.3846364,1.3845333,,,,,,,,,,,,,,,,
152,258.0,0.0,24.0,1.0,24.0,4525.0,0.0,0.0,0.0,0.0,,,,,,,,,,,,0.0027378822999999997,0.0,0.0027378822999999997,0.0027378822999999997,0.0,0.0,0.0,0.0,1.3845791,2.9152663e-05,1.3846203000000001,1.3845184,-0.003636681009083985,0.0014155859706225982,-0.001526089385151863,-0.005531635135412215,0.029907724,0.00053654204,0.030631022999999997,0.029017487999999998,7.614665700000001e-06,0.0,7.614665700000001e-06,7.614665700000001e-06,-0.005077073400000001,0.0,-0.005077073400000001,-0.005077073400000001
153,262.0,0.0,70.0,1.0,70.0,4595.0,0.0,1.0,1.0,0.0,,,,,,,,,,,,0.22713304,0.31765503,0.67636484,0.0021188497,0.4632442156281665,0.4189166060043126,1.0,0.0,1.3845668,5.0300303000000005e-05,1.3846562,1.3844715,0.28726768015573423,0.4269986388302752,1.0005475282669067,-0.005946915596723557,0.028955192999999997,0.003290061,0.034921493,0.025558817999999997,0.13242526,0.1872703,0.39726546,3.164636e-06,0.39741063,0.5674533,1.1999102,-0.0047212886
154,264.0,0.0,24.0,1.0,24.0,4619.0,0.0,0.0,0.0,0.0,,,,,,,,,,,,0.0026819116999999997,0.0,0.0026819116999999997,0.0026819116999999997,0.0,0.0,0.0,0.0,1.3843855,2.3892419e-05,1.3844326,1.3843290000000001,-0.003488398715853691,0.00194930898750631,0.0005695857107639313,-0.006059199571609497,0.039754923,0.00048211333,0.040608287,0.03883353,7.984366e-06,0.0,7.984366e-06,7.984366e-06,-0.004911994,0.0,-0.004911994,-0.004911994
155,266.0,0.0,24.0,1.0,24.0,4643.0,0.0,0.0,0.0,0.0,,,,,,,,,,,,0.0029906210999999998,0.0,0.0029906210999999998,0.0029906210999999998,0.0,0.0,0.0,0.0,1.384349,2.3940151999999997e-05,1.3843946000000003,1.3843021,-0.003893496096134186,0.002013510670485486,-1.3027340173721312e-05,-0.006707388907670975,0.044349413,0.0006399487999999999,0.045487538,0.043385215,9.606768e-06,0.0,9.606768e-06,9.606768e-06,-0.0054619247,0.0,-0.0054619247,-0.0054619247
156,268.0,0.0,24.0,1.0,24.0,4667.0,0.0,0.0,0.0,0.0,,,,,,,,,,,,0.0038565667,0.0,0.0038565667,0.0038565667,0.0,0.0,0.0,0.0,1.3842963,2.5889158e-05,1.3843412,1.3842555,-0.004774362966418266,0.002330494466723506,-0.0010175220668315887,-0.008281674236059189,0.048201874000000006,0.0005181120400000001,0.04924752599999999,0.047496773,1.4112873e-05,0.0,1.4112873e-05,1.4112873e-05,-0.0065894113,0.0,-0.0065894113,-0.0065894113
157,270.0,0.0,24.0,1.0,24.0,4691.0,0.0,0.0,0.0,0.0,,,,,,,,,,,,0.0041348455,0.0,0.0041348455,0.0041348455,0.0,0.0,0.0,0.0,1.384326,2.5824202e-05,1.3843689,1.3842795,-0.005106828175485134,0.002519335877271297,-0.0009246394038200377,-0.008686888962984085,0.050881587,0.00057173555,0.051899087,0.04988307,1.6213373e-05,0.0,1.6213373e-05,1.6213373e-05,-0.0070438175,0.0,-0.0070438175,-0.0070438175
158,272.0,0.0,24.0,1.0,24.0,4715.0,0.0,0.0,0.0,0.0,,,,,,,,,,,,0.004687866,0.0,0.004687866,0.004687866,0.0,0.0,0.0,0.0,1.3843781000000002,2.4496736e-05,1.3844054,1.3843241000000002,-0.005166173912584782,0.0025465929961148146,-0.0006063990294933318,-0.008769195526838303,0.051917672000000005,0.00041571247999999997,0.052527002999999996,0.050872892,1.6587246e-05,0.0,1.6587246e-05,1.6587246e-05,-0.0072372616,0.0,-0.0072372616,-0.0072372616
159,274.0,0.0,24.0,1.0,24.0,4739.0,0.0,0.0,0.0,0.0,,,,,,,,,,,,0.004541138,0.0,0.004541138,0.004541138,0.0,0.0,0.0,0.0,1.3843758999999998,2.1331247e-05,1.3843988,1.384321,-0.005088415928184986,0.002522873912529821,-0.0005789473652839661,-0.008619260042905806,0.050658543,0.00038851216,0.05124779,0.049953803,1.6128435e-05,0.0,1.6128435e-05,1.6128435e-05,-0.0069672517000000005,0.0,-0.0069672517000000005,-0.0069672517000000005
160,276.0,0.0,24.0,1.0,24.0,4763.0,0.0,0.0,0.0,0.0,,,,,,,,,,,,0.00415916,0.0,0.00415916,0.00415916,0.0,0.0,0.0,0.0,1.384408,3.4058896e-05,1.3844451,1.3843296,-0.005114658363163471,0.002491991839834813,-0.0005945302546024323,-0.008582714945077896,0.05088401,0.00046079765999999995,0.051480066,0.04966859,1.6184879999999997e-05,0.0,1.6184879999999997e-05,1.6184879999999997e-05,-0.00704516,0.0,-0.00704516,-0.00704516
161,280.0,0.0,69.0,1.0,69.0,4832.0,0.0,2.0,2.0,0.0,,,,,,,,,,,,0.23377888,0.16262713,0.37032983,0.005232522,0.6799892921363344,0.5213282207842468,1.6757290490602832,0.0,1.3843352,7.1669456e-05,1.3844767,1.3841945,0.2676078592737516,0.4325409388352376,0.9973180890083312,-0.011050961911678314,0.05253071,0.0019748462,0.05578915,0.04862136,0.12935281,0.09195253,0.20575707,2.0582527e-05,0.37074366,0.26858464,0.58784974,-0.007726507
162,281.0,0.0,4.0,1.0,4.0,4836.0,0.0,0.0,0.0,0.0,,,,,,,,,,,,,,,,0.0,0.0,0.0,0.0,1.384244,9.310543299999999e-07,1.3842444,1.3842423000000001,,,,,,,,,,,,,,,,
163,283.0,0.0,24.0,1.0,24.0,4860.0,0.0,0.0,0.0,0.0,,,,,,,,,,,,0.0053675636,0.0,0.0053675636,0.0053675636,0.0,0.0,0.0,0.0,1.3842020000000002,2.3760296e-05,1.3842323,1.3841458999999998,-0.006341471895575523,0.0031903630305107782,-0.0007487088441848755,-0.010898280888795851,0.064089015,0.00040056455000000003,0.064758115,0.063299194,2.5196341000000004e-05,0.0,2.5196341000000004e-05,2.5196341000000004e-05,-0.008723716,0.0,-0.008723716,-0.008723716
164,285.0,0.0,24.0,1.0,24.0,4884.0,0.0,0.0,0.0,0.0,,,,,,,,,,,,0.0061292304,0.0,0.0061292304,0.0061292304,0.0,0.0,0.0,0.0,1.3841386,2.5107309e-05,1.3841771999999999,1.3840798,-0.006716316938400269,0.0034512819446294502,-0.0007906705141067505,-0.01170574501156807,0.067228645,0.00037989406999999997,0.06805465,0.066586144,2.8510127000000004e-05,0.0,2.8510127000000004e-05,2.8510127000000004e-05,-0.009194022,0.0,-0.009194022,-0.009194022
165,287.0,0.0,24.0,1.0,24.0,4908.0,0.0,0.0,0.0,0.0,,,,,,,,,,,,0.0058146095999999994,0.0,0.0058146095999999994,0.0058146095999999994,0.0,0.0,0.0,0.0,1.384164,4.1088322e-05,1.3842511999999998,1.3840866000000003,-0.0069945845752954474,0.0035406127689197875,-0.0008604973554611206,-0.012657325714826584,0.07194907,0.00061202364,0.07293508,0.07073001,3.073008e-05,0.0,3.073008e-05,3.073008e-05,-0.009796558,0.0,-0.009796558,-0.009796558
166,290.0,0.0,52.0,1.0,52.0,4960.0,0.0,1.0,1.0,0.0,,,,,,,,,,,,0.22958446,0.22333041,0.45291486,0.006254041,0.5148012122030814,0.42792094166684,1.0,0.0,1.3842202,3.7833535e-05,1.3842833,1.3841366000000002,0.25531219905242325,0.4242297266452305,0.9952347874641418,-0.012784507125616074,0.073179655,0.0012651287,0.07663374,0.07149048,0.12257761,0.12254712,0.24512473,3.0486176999999997e-05,0.35466146,0.36416355,0.71882504,-0.009502089
167,292.0,0.0,24.0,1.0,24.0,4984.0,0.0,0.0,0.0,0.0,,,,,,,,,,,,0.008585861,0.0,0.008585861,0.008585861,0.0,0.0,0.0,0.0,1.3842741000000003,3.9557177e-05,1.3843211000000002,1.3841578,-0.00831705890595913,0.004419064631923042,-0.0010209456086158752,-0.015324510633945463,0.083804175,0.00039946972,0.08486148,0.08313697,4.43508e-05,0.0,4.43508e-05,4.43508e-05,-0.0112690125,0.0,-0.0112690125,-0.0112690125
168,294.0,0.0,24.0,1.0,24.0,5008.0,0.0,0.0,0.0,0.0,,,,,,,,,,,,0.008207751,0.0,0.008207751,0.008207751,0.0,0.0,0.0,0.0,1.3843545,2.8355790000000003e-05,1.3844126,1.3842978000000001,-0.008898075297474859,0.0045290694718979506,-0.0011961162090301516,-0.015499405562877657,0.08805247,0.0003947909,0.08913601,0.087325186,4.9844104e-05,0.0,4.9844104e-05,4.9844104e-05,-0.012367083000000001,0.0,-0.012367083000000001,-0.012367083000000001
169,296.0,0.0,24.0,1.0,24.0,5032.0,0.0,0.0,0.0,0.0,,,,,,,,,,,,0.00825973,0.0,0.00825973,0.00825973,0.0,0.0,0.0,0.0,1.3842951000000001,2.4875617000000003e-05,1.3843535,1.384239,-0.00876796878874302,0.004563817973860054,-0.001435786485671997,-0.015060707926750185,0.08927507,0.0005668693,0.090400435,0.088113956,4.885286e-05,0.0,4.885286e-05,4.885286e-05,-0.0121541815,0.0,-0.0121541815,-0.0121541815
170,298.0,0.0,24.0,1.0,24.0,5056.0,0.0,0.0,0.0,0.0,,,,,,,,,,,,0.007955004,0.0,0.007955004,0.007955004,0.0,0.0,0.0,0.0,1.3842818000000001,3.4938400000000004e-05,1.3843522,1.3842199,-0.00852254182100296,0.0043708862253926326,-0.0013950914144515991,-0.015562072396278381,0.08660425,0.0006380126599999999,0.0874776,0.084947266,4.5869183000000005e-05,0.0,4.5869183000000005e-05,4.5869183000000005e-05,-0.0117506245,0.0,-0.0117506245,-0.0117506245
171,300.0,0.0,24.0,1.0,24.0,5080.0,0.0,0.0,0.0,0.0,,,,,,,,,,,,0.0076422947,0.0,0.0076422947,0.0076422947,0.0,0.0,0.0,0.0,1.384241,2.5295145e-05,1.3842729999999999,1.3841891000000002,-0.008596205711364746,0.004375101448992089,-0.0012133419513702393,-0.015206545591354368,0.085387595,0.0003541443,0.086051896,0.08474875,4.651813e-05,0.0,4.651813e-05,4.651813e-05,-0.011891585,0.0,-0.011891585,-0.011891585
172,302.0,0.0,24.0,1.0,24.0,5104.0,0.0,0.0,0.0,0.0,,,,,,,,,,,,0.0073516355,0.0,0.0073516355,0.0073516355,0.0,0.0,0.0,0.0,1.3842374,2.4786203999999998e-05,1.3842685,1.3841823,-0.008162482827901841,0.004242460329875192,-0.0009232908487319945,-0.01454252004623413,0.08225395,0.0003480802,0.08288238,0.08160912,4.2312295000000004e-05,0.0,4.2312295000000004e-05,4.2312295000000004e-05,-0.011336085,0.0,-0.011336085,-0.011336085
173,306.0,0.0,65.0,1.0,65.0,5169.0,0.0,1.0,1.0,0.0,,,,,,,,,,,,0.20344532,0.27894422,0.5979319000000001,0.005943548000000001,0.44530272727339626,0.4295070942637689,1.0,0.0,1.3841176000000002,0.00015793515,1.3842863,1.3837447,0.21227689671019714,0.39665207606550495,0.9978199005126952,-0.015018753707408903,0.07848043,0.002610275,0.08332219,0.07493458,0.10119719,0.14306678,0.30352417,3.18706e-05,0.29052484,0.42489496,0.891417,-0.010130616
174,308.0,0.0,24.0,1.0,24.0,5193.0,0.0,0.0,0.0,0.0,,,,,,,,,,,,0.007959001,0.0,0.007959001,0.007959001,0.0,0.0,0.0,0.0,1.3835633999999999,3.9736016e-05,1.3836262,1.3834628,-0.008978210389614105,0.004711685379249135,-0.0010157972574234009,-0.015751905739307404,0.08710711,0.000573963,0.08798869,0.085914314,5.140412e-05,0.0,5.140412e-05,5.140412e-05,-0.012538562,0.0,-0.012538562,-0.012538562
175,310.0,0.0,24.0,1.0,24.0,5217.0,0.0,0.0,0.0,0.0,,,,,,,,,,,,0.008865656,0.0,0.008865656,0.008865656,0.0,0.0,0.0,0.0,1.3833993999999998,3.4921795e-05,1.3834566000000001,1.3833286,-0.008349750563502312,0.00451453112205928,-0.0010048821568489077,-0.015395574271678925,0.08984174,0.00068981724,0.09076803,0.088426135,4.5049674000000006e-05,0.0,4.5049674000000006e-05,4.5049674000000006e-05,-0.0114386175,0.0,-0.0114386175,-0.0114386175
176,312.0,0.0,24.0,1.0,24.0,5241.0,0.0,0.0,0.0,0.0,,,,,,,,,,,,0.009181656,0.0,0.009181656,0.009181656,0.0,0.0,0.0,0.0,1.3831826,3.3860422e-05,1.3832347,1.3831066,-0.00896955579519272,0.0047840960632816645,-0.0007678419351577759,-0.01670502871274948,0.09079197,0.0006071021,0.09173476,0.08944884,5.1670246e-05,0.0,5.1670246e-05,5.1670246e-05,-0.012195321,0.0,-0.012195321,-0.012195321
177,317.0,0.0,93.0,1.0,93.0,5334.0,0.0,2.0,2.0,0.0,,,,,,,,,,,,0.35970026,0.36716509999999997,0.87274754,0.009100575,0.6090951461216227,0.5160916566754984,1.617290140942288,0.0,1.3827973999999998,0.00034579862,1.3832103,1.3820379999999999,0.3598176835104823,0.4537946480903254,0.9991059303283693,-0.02297230809926987,0.099742785,0.007900057,0.11328986,0.088231705,0.16769916,0.17505589,0.40670890000000004,6.549526e-05,0.4964692,0.53738743,1.2397922,-0.016588455
178,319.0,0.0,24.0,1.0,24.0,5358.0,0.0,0.0,0.0,0.0,,,,,,,,,,,,0.015563151,0.0,0.015563151,0.015563151,0.0,0.0,0.0,0.0,1.3818006999999999,8.192332e-05,1.3818767,1.3816028999999999,-0.013132324069738388,0.006763807256638657,-0.0014782696962356567,-0.02334349602460861,0.1328976,0.0004602429,0.13358241,0.13194597,0.00010910353000000001,0.0,0.00010910353000000001,0.00010910353000000001,-0.017809168,0.0,-0.017809168,-0.017809168
179,322.0,0.0,58.0,1.0,58.0,5416.0,0.0,1.0,1.0,0.0,,,,,,,,,,,,0.19802545,0.18196823,0.37999368,0.016057217,0.3964773348186976,0.4421085712645488,1.0,0.0,1.3813681999999998,0.00014094754,1.3815339,1.3810772,0.13182822968810798,0.3443837990141753,0.9791892170906068,-0.026641681790351868,0.14887762,0.0022921048,0.15234827,0.14586319,0.06798943,0.067855254,0.1358447,0.00013417656,0.17664789,0.19672798,0.37337586,-0.020080096999999998
180,324.0,0.0,24.0,1.0,24.0,5440.0,0.0,0.0,0.0,0.0,,,,,,,,,,,,0.017584966,0.0,0.017584966,0.017584966,0.0,0.0,0.0,0.0,1.380716,6.559613000000001e-05,1.3808063999999998,1.3805343,-0.015493544936180112,0.00833835004574682,-0.0020585805177688603,-0.028491899371147163,0.1678453,0.0009514292,0.16954781,0.16625103,0.00015478901000000003,0.0,0.00015478901000000003,0.00015478901000000003,-0.021623315,0.0,-0.021623315,-0.021623315
181,326.0,0.0,24.0,1.0,24.0,5464.0,0.0,0.0,0.0,0.0,,,,,,,,,,,,0.020643635,0.0,0.020643635,0.020643635,0.0,0.0,0.0,0.0,1.3805405000000002,6.465071e-05,1.3806903,1.3804225,-0.017562469094991685,0.008634806432945358,-0.001960262656211853,-0.031079426407814026,0.1732556,0.00063871447,0.17436178,0.17213665,0.00019150008999999999,0.0,0.00019150008999999999,0.00019150008999999999,-0.024341737999999998,0.0,-0.024341737999999998,-0.024341737999999998
182,328.0,0.0,24.0,1.0,24.0,5488.0,0.0,0.0,0.0,0.0,,,,,,,,,,,,0.020807046000000003,0.0,0.020807046000000003,0.020807046000000003,0.0,0.0,0.0,0.0,1.3808327,7.363583400000001e-05,1.3809968000000001,1.3807176,-0.017332321405410762,0.008765050328498142,-0.0021431446075439453,-0.030811905860900882,0.17104621,0.00045361325999999995,0.17183872,0.17015299,0.00018861775,0.0,0.00018861775,0.00018861775,-0.023968400000000004,0.0,-0.023968400000000004,-0.023968400000000004
183,330.0,0.0,24.0,1.0,24.0,5512.0,0.0,0.0,0.0,0.0,,,,,,,,,,,,0.019532051,0.0,0.019532051,0.019532051,0.0,0.0,0.0,0.0,1.3812109,8.0939724e-05,1.3813986,1.3810942,-0.015909437090158463,0.008217278346282622,-0.0017522871494293213,-0.028930768370628364,0.16106871,0.0004731808,0.16179124,0.16008964,0.00016031693999999999,0.0,0.00016031693999999999,0.00016031693999999999,-0.021946725,0.0,-0.021946725,-0.021946725
184,332.0,0.0,24.0,1.0,24.0,5536.0,0.0,0.0,0.0,0.0,,,,,,,,,,,,0.016613688,0.0,0.016613688,0.016613688,0.0,0.0,0.0,0.0,1.3817043,0.00010139529000000001,1.381988,1.3815841999999998,-0.014483929798007009,0.007535633248136086,-0.0015083998441696167,-0.026092976331710812,0.14688939,0.00039228839999999994,0.14751618,0.14599417,0.00013328498,0.0,0.00013328498,0.00013328498,-0.020058785,0.0,-0.020058785,-0.020058785
185,334.0,0.0,24.0,1.0,24.0,5560.0,0.0,0.0,0.0,0.0,,,,,,,,,,,,0.014263125,0.0,0.014263125,0.014263125,0.0,0.0,0.0,0.0,1.3821968,8.524877000000001e-05,1.3823973999999999,1.3820628000000001,-0.013886823132634164,0.0063156299121166215,-0.0026687681674957275,-0.023633375763893127,0.13224109,0.0010163958999999999,0.13353420000000002,0.12957905,0.00011636552,0.0,0.00011636552,0.00011636552,-0.019452797,0.0,-0.019452797,-0.019452797
186,336.0,0.0,24.0,1.0,24.0,5584.0,0.0,0.0,0.0,0.0,,,,,,,,,,,,0.014261487,0.0,0.014261487,0.014261487,0.0,0.0,0.0,0.0,1.3826485000000002,9.274321e-05,1.3828690000000001,1.3825018,-0.011832838132977485,0.006266874466524884,-0.0013082697987556458,-0.0217532217502594,0.11657567,0.000330391,0.11724892,0.11596604,8.9644884e-05,0.0,8.9644884e-05,8.9644884e-05,-0.015906211,0.0,-0.015906211,-0.015906211
187,337.0,0.0,14.0,1.0,14.0,5598.0,0.0,0.0,0.0,0.0,,,,,,,,,,,,,,,,0.0,0.0,0.0,0.0,1.3831851000000002,4.6125635e-05,1.3832655,1.3831226,,,,,,,,,,,,,,,,
188,339.0,0.0,24.0,1.0,24.0,5622.0,0.0,0.0,0.0,0.0,,,,,,,,,,,,0.008916409,0.0,0.008916409,0.008916409,0.0,0.0,0.0,0.0,1.3834739999999999,8.998934999999999e-05,1.3837072,1.3833872,-0.009381624683737756,0.00466916237685855,-0.0009109005331993103,-0.016516461968421936,0.09411197,0.0005454774,0.094960734,0.092993855,5.4907984999999996e-05,0.0,5.4907984999999996e-05,5.4907984999999996e-05,-0.013110096000000002,0.0,-0.013110096000000002,-0.013110096000000002
189,341.0,0.0,24.0,1.0,24.0,5646.0,0.0,0.0,0.0,0.0,,,,,,,,,,,,0.008223237,0.0,0.008223237,0.008223237,0.0,0.0,0.0,0.0,1.383893,6.2774816e-05,1.3840605,1.383821,-0.008178846910595894,0.0042174459364363506,-0.0007804930210113525,-0.014442652463912962,0.078480124,0.0005075739,0.07929587,0.07725321,4.2340186999999996e-05,0.0,4.2340186999999996e-05,4.2340186999999996e-05,-0.011209229,0.0,-0.011209229,-0.011209229
190,343.0,0.0,24.0,1.0,24.0,5670.0,0.0,0.0,0.0,0.0,,,,,,,,,,,,0.006107606,0.0,0.006107606,0.006107606,0.0,0.0,0.0,0.0,1.3841878,5.6654375e-05,1.384326,1.3841208,-0.0062917621806263925,0.0030987064042762038,-0.00029255449771881104,-0.011176321655511856,0.06663742,0.0006575979,0.06787614,0.06548312,2.4594125e-05,0.0,2.4594125e-05,2.4594125e-05,-0.008600978,0.0,-0.008600978,-0.008600978
191,345.0,0.0,24.0,1.0,24.0,5694.0,0.0,0.0,0.0,0.0,,,,,,,,,,,,0.004748109699999999,0.0,0.004748109699999999,0.004748109699999999,0.0,0.0,0.0,0.0,1.384422,4.3718000000000004e-05,1.3845288999999998,1.3843713,-0.00568991955369711,0.0028937552373065924,-0.0006194300949573518,-0.009910490363836287,0.05648773,0.00027619072,0.05696422599999999,0.055917554,2.0374501999999998e-05,0.0,2.0374501999999998e-05,2.0374501999999998e-05,-0.007921372,0.0,-0.007921372,-0.007921372
192,347.0,0.0,24.0,1.0,24.0,5718.0,0.0,0.0,0.0,0.0,,,,,,,,,,,,0.004050419699999999,0.0,0.004050419699999999,0.004050419699999999,0.0,0.0,0.0,0.0,1.3846473999999998,3.6875033e-05,1.3847364,1.3846024,-0.004791960306465626,0.0024368469680803753,-0.0005290247499942781,-0.008314497768878937,0.047501672,0.00023921214,0.048083565999999994,0.047069877,1.4450552e-05,0.0,1.4450552e-05,1.4450552e-05,-0.006632631999999999,0.0,-0.006632631999999999,-0.006632631999999999
193,349.0,0.0,24.0,1.0,24.0,5742.0,0.0,0.0,0.0,0.0,,,,,,,,,,,,0.0032689613,0.0,0.0032689613,0.0032689613,0.0,0.0,0.0,0.0,1.3848158000000002,3.2094376e-05,1.3848928,1.3847758999999997,-0.004106560349464415,0.0020690653038383045,-0.00046348199248313904,-0.007073823362588882,0.040384702,0.00024441353,0.04098152,0.03994188,1.0572437e-05,0.0,1.0572437e-05,1.0572437e-05,-0.0057068495,0.0,-0.0057068495,-0.0057068495
194,351.0,0.0,24.0,1.0,24.0,5766.0,0.0,0.0,0.0,0.0,,,,,,,,,,,,0.0029424303000000003,0.0,0.0029424303000000003,0.0029424303000000003,0.0,0.0,0.0,0.0,1.3849252,2.4632409e-05,1.385001,1.3848883,-0.0036363765597343454,0.0017639671940997191,-0.0007473193109035492,-0.006435057148337364,0.033574704,0.00040940265,0.03438604,0.032855034,8.167407e-06,0.0,8.167407e-06,8.167407e-06,-0.0050758896,0.0,-0.0050758896,-0.0050758896
195,353.0,0.0,24.0,1.0,24.0,5790.0,0.0,0.0,0.0,0.0,,,,,,,,,,,,0.0017326473999999998,0.0,0.0017326473999999998,0.0017326473999999998,0.0,0.0,0.0,0.0,1.3850461,2.021453e-05,1.3851031,1.3850126,-0.002183538395911455,0.0013603398718865767,0.0004431810230016709,-0.004290293902158736,0.027897373,0.00046524230000000004,0.028947992000000002,0.027293117999999998,3.3091823999999997e-06,0.0,3.3091823999999997e-06,3.3091823999999997e-06,-0.0030087246999999998,0.0,-0.0030087246999999998,-0.0030087246999999998
196,355.0,0.0,24.0,1.0,24.0,5814.0,0.0,0.0,0.0,0.0,,,,,,,,,,,,0.0024627412,0.0,0.0024627412,0.0024627412,0.0,0.0,0.0,0.0,1.3850756000000002,2.132189e-05,1.3851083999999998,1.3850386000000001,-0.0027917358092963696,0.0013037058321124658,-2.915225923061371e-05,-0.0048800986260175705,0.023510134,0.00050250784,0.024807364,0.022784986,4.746719e-06,0.0,4.746719e-06,4.746719e-06,-0.0038014501,0.0,-0.0038014501,-0.0038014501
197,357.0,0.0,24.0,1.0,24.0,5838.0,0.0,0.0,0.0,0.0,,,,,,,,,,,,0.0016669410000000001,0.0,0.0016669410000000001,0.0016669410000000001,0.0,0.0,0.0,0.0,1.3851508999999997,2.3528979e-05,1.385199,1.3851053999999998,-0.002208900637924671,0.0009658351115070977,-0.000718364492058754,-0.003446534276008606,0.019645195,0.00042155175000000003,0.020663997,0.019038094,2.9060395e-06,0.0,2.9060395e-06,2.9060395e-06,-0.0030669665,0.0,-0.0030669665,-0.0030669665
198,359.0,0.0,24.0,1.0,24.0,5862.0,0.0,0.0,0.0,0.0,,,,,,,,,,,,0.0012978133,0.0,0.0012978133,0.0012978133,0.0,0.0,0.0,0.0,1.3852096,1.5330003999999998e-05,1.3852348,1.3851806999999998,-0.0015752803534269332,0.0006997363431796282,-0.00024789199233055115,-0.00256413035094738,0.016858783000000002,0.00045192252999999994,0.017529503000000002,0.015798353,1.4855698000000002e-06,0.0,1.4855698000000002e-06,1.4855698000000002e-06,-0.0021672628,0.0,-0.0021672628,-0.0021672628
199,361.0,0.0,24.0,1.0,24.0,5886.0,0.0,0.0,0.0,0.0,,,,,,,,,,,,0.0011606349,0.0,0.0011606349,0.0011606349,0.0,0.0,0.0,0.0,1.3852402,1.1847238e-05,1.3852607,1.3852141000000002,-0.0015127143822610378,0.0007323455098459128,-0.00019661244004964828,-0.002678858116269112,0.013961429,0.00019118917,0.014418788,0.013610791,1.4123175e-06,0.0,1.4123175e-06,1.4123175e-06,-0.0020836187,0.0,-0.0020836187,-0.0020836187
200,363.0,0.0,24.0,1.0,24.0,5910.0,0.0,0.0,0.0,0.0,,,,,,,,,,,,0.0008071919,0.0,0.0008071919,0.0008071919,0.0,0.0,0.0,0.0,1.3852749,1.4420588000000001e-05,1.3853004,1.3852403,-0.0009923462755978107,0.0004951258144087971,-0.00022922828793525699,-0.0017828596755862234,0.010592518,0.00043231365,0.01112304,0.009480315999999999,6.149504e-07,0.0,6.149504e-07,6.149504e-07,-0.0013900817999999999,0.0,-0.0013900817999999999,-0.0013900817999999999
